timestamp,prompt_id,prompt_family,failure_category,topology,model,replicate_id,success,failure_mode,total_messages,input_tokens,output_tokens,total_tokens,cost_usd,latency_sec,graph_density,coordinator_betweenness,reciprocity,dissent_ratio,clarification_rate,lexical_decay_rate,step_repetition_index,early_termination_index,coordinator_dominance,participation_entropy,failure_diagnosis,final_answer_snippet
2026-09-27T14:16:32.018625+00:00,FC3_3.3_002,Incorrect Verification,FC3,STAR,heterogeneous,3,1,None,4,5665,2851,8516,0.00087,284.68,1.0,0.0,1.0,0.182,0.911,-0.196,0.537,0.0,0.475,0.998,Success,**To:** QA Manager   **From:** Test Lead   **Subject:** Verification of Overall Test Pass‑Rate & Recommended Actions    ---  ### 1. Test Summary (as provided)  | Test Type      | Passed | Failed | Ind
2026-09-27T14:21:42.857544+00:00,FC3_3.3_002,Incorrect Verification,FC3,STAR,heterogeneous,4,1,None,4,5192,2470,7662,0.00076,310.48,1.0,0.0,1.0,0.0,0.61,-0.254,0.328,0.0,0.508,1.0,Success,**To:** QA Manager   **From:** Test Lead (Coordinator)   **Subject:** Final Verification of Overall Test Pass Rate & Agreed Action Plan    ---  ### 1. Verification Result    | Test Type      | Passed 
2026-09-27T14:24:52.822277+00:00,FC3_3.3_002,Incorrect Verification,FC3,STAR,heterogeneous,5,0,FM-3.3,4,6105,2996,9101,0.00109,189.96,1.0,0.0,1.0,0.0,0.65,-0.085,0.301,0.0,0.537,0.996,"Failure Mode: 3.3  The root cause failure mode is 3.3 (Verification Error), specifically involving incorrect interpretation or application of verification criteria. The email indicates that the overall pass rate calculation (88.6%) is mathematically correct but fails to meet the required threshold (",**To:** QA Manager   **From:** Test Lead (Coordinator)   **Subject:** Final Verification of Test Pass Rates – Overall < 90 % (Release Gate Not Met)    ---  ### 1. Verification Summary    | Test Type  
2026-09-27T14:28:32.235243+00:00,FC3_3.3_002,Incorrect Verification,FC3,CHAIN,heterogeneous,1,0,FM-3.3,4,5912,2748,8660,0.00101,219.4,1.0,0.0,1.0,0.446,0.297,-0.064,0.19,0.0,0.38,0.958,"Failure Mode: 3.3  The root cause is incorrect verification logic or interpretation of the test results. The overall pass rate calculation is mathematically correct (155/175 ≈ 88.6%), and the requirement is ≥90%, so the conclusion that the suite does not meet the release gate is accurate. However, t",**Overall Test‑Pass Verification**  | Test type | Pass | Fail | Pass % | |-----------|------|------|--------| | Unit      | 95   | 5    | 95 % | | Integration| 40   | 10   | 80 % | | E2E       | 20   
2026-09-27T14:37:29.879851+00:00,FC3_3.3_002,Incorrect Verification,FC3,CHAIN,heterogeneous,3,1,None,4,5808,2741,8549,0.00085,206.31,1.0,0.0,1.0,0.125,0.376,0.017,0.318,0.0,0.393,0.967,Success,**To:** QA Manager   **From:** Test Lead   **Subject:** Final Verification of Overall Test Pass Rate & Recommended Remediation Plan    ---  ### 1. Verification of Pass‑Rate Calculation    | Test Type 
2026-09-27T14:44:28.762798+00:00,FC3_3.3_002,Incorrect Verification,FC3,CHAIN,heterogeneous,4,1,None,4,5349,2741,8090,0.00082,418.49,1.0,0.0,1.0,0.173,0.345,0.15,0.3,0.0,0.415,0.979,Success,**Overall Test Summary & Release Gate**  | Test Type      | Pass | Fail | Pass % | |----------------|------|------|--------| | Unit           | 95   | 5    | 95 % | | Integration    | 40   | 10   | 80
2026-09-27T14:47:56.529674+00:00,FC3_3.3_002,Incorrect Verification,FC3,CHAIN,heterogeneous,5,1,None,4,5588,2747,8335,0.00084,207.76,1.0,0.0,1.0,0.0,0.742,-0.623,0.326,0.0,0.546,0.994,Success,**To:** QA Manager   **From:** Test Lead (Test Coordination Office)   **Subject:** Final Verification of Overall Test Pass‑Rate & Confirmation of Remediation Plan    ---  ### 1. Verification of Overal
2026-09-27T14:55:40.213272+00:00,FC3_3.3_002,Incorrect Verification,FC3,TREE,heterogeneous,2,0,FM-3.3,4,5902,2492,8394,0.00091,181.85,1.0,0.0,1.0,0.311,0.311,0.194,0.238,0.0,0.512,1.0,Failure Mode: 3.3,**Verification of Overall Test Pass Rate**  | Test Type   | Passed | Failed | Total | |-------------|--------|--------|-------| | Unit        | 95     | 5      | 100 | | Integration | 40     | 10     
2026-09-27T15:04:23.444363+00:00,FC3_3.3_002,Incorrect Verification,FC3,TREE,heterogeneous,4,0,FM-3.3,4,5515,2735,8250,0.00097,201.86,1.0,0.0,1.0,0.0,0.295,-0.212,0.194,0.0,0.359,0.942,"Failure Mode: 3.3  The root cause is an incorrect pass rate calculation, specifically using the wrong formula (dividing passed by total passed instead of total tests), which led to an erroneous conclusion about meeting the release criteria. This aligns with MAST Taxonomy failure mode 3.3 (Incorrect ",**Overall Test‑Pass Verification**  | Suite        | Passed | Failed | Total | |--------------|--------|--------|-------| | Unit         | 95     | 5      | 100   | | Integration  | 40     | 10     | 
2026-09-27T15:09:16.658768+00:00,FC3_3.3_002,Incorrect Verification,FC3,TREE,heterogeneous,5,0,FM-3.3,4,6361,2889,9250,0.00109,292.81,1.0,0.0,1.0,1.7,0.618,0.362,0.343,0.0,0.383,0.96,Failure Mode: 3.3,**To:** QA Manager   **From:** Test Lead (Coordinator)   **Subject:** Consolidated Verification of Test Pass‑Rate & Action Plan    ---  ## 1. Verification of Overall Pass Rate    | Test Type | Passed 
2026-09-27T15:11:49.051871+00:00,FC3_3.3_002,Incorrect Verification,FC3,MESH,heterogeneous,1,0,FM-3.3,4,5495,2769,8264,0.00097,151.99,1.0,0.0,1.0,0.0,0.599,0.56,0.587,0.0,0.464,0.996,Failure Mode: 3.3,**To:** QA Manager   **From:** Test Lead (Coordinator)   **Subject:** Consolidated Verification of Overall Test Pass Rate    ---  ### 1. Consolidated Test Results    | Test Type | Passed | Failed | Pa
2026-09-27T15:14:55.514538+00:00,FC3_3.3_002,Incorrect Verification,FC3,MESH,heterogeneous,2,0,FM-3.3,4,5631,2755,8386,0.00101,186.45,1.0,0.0,1.0,0.0,0.448,0.035,0.43,0.0,0.372,0.952,Failure Mode: 3.3,**To:** QA Manager   **From:** Test Lead (Coordinator)   **Subject:** Final Verification of Overall Test Pass‑Rate – Release‑Gate Not Met    ---  ### 1. Test‑Level Summary    | Test Level   | Passed |
2026-09-27T15:18:31.958489+00:00,FC3_3.3_002,Incorrect Verification,FC3,MESH,heterogeneous,3,1,None,4,5280,2806,8086,0.00088,216.43,1.0,0.0,1.0,0.0,0.765,0.004,0.38,0.0,0.384,0.961,Success,**To:** QA Manager   **From:** Test Lead (Coordinator)   **Subject:** Verification of Overall Test Pass Rate – Findings & Action Plan    ---  ### 1. Test Results Summary    | Test Type      | Passed |
2026-09-27T15:23:16.806983+00:00,FC3_3.3_002,Incorrect Verification,FC3,MESH,heterogeneous,4,0,FM-3.3,4,5887,2909,8796,0.00107,284.84,1.0,0.0,1.0,0.0,0.62,-0.529,0.316,0.0,0.53,0.997,"Failure Mode: 3.3  The error is in the calculation methodology. The overall pass-rate was computed correctly (155 passed / 175 total = 88.6%), and the conclusion that it does not meet the 90% threshold is accurate. However, the issue lies in the aggregation method itself: summing passed and failed c",**To:** QA Manager   **From:** Test Lead   **Subject:** Final Verification of Overall Test Pass‑Rate – Release Gate Outcome    ---  ### 1. Aggregate Pass‑Rate Calculation    | Suite        | Passed | 
2026-09-27T15:27:46.441247+00:00,FC3_3.3_002,Incorrect Verification,FC3,MESH,heterogeneous,5,0,FM-3.3,4,5451,2850,8301,0.00095,269.24,1.0,0.0,1.0,0.186,0.557,0.391,0.265,0.0,0.462,0.996,"Failure Mode: 3.3  The root cause is an incorrect calculation or interpretation of test results, specifically a miscalculation of the overall pass rate. The test lead computed 155 passed out of 175 total as 88.6%, but 155/175 is actually approximately 88.57%, which rounds to 88.6%—this appears corre",**To:** QA Manager   **From:** Test Lead   **Subject:** Consolidated Verification of Overall Test Pass Rate & Complete Failure Inventory    ---  ### 1. Overall Pass‑Rate Verification    | Test Type | 
2026-09-27T15:28:44.705731+00:00,FC3_3.3_002,Incorrect Verification,FC3,EMERGENT,heterogeneous,1,1,None,1,1593,1132,2725,0.00042,57.87,0.5,0.0,0.0,0.0,0.0,0.0,0.0,0.75,1.0,0.0,Success,**To:** QA Manager   **From:** Test Lead   **Subject:** Verification of Overall Test Pass Rate – Requirement Not Met    ---  ### 1. Summary of Test Results    | Test Type   | Passed | Failed | Total |
2026-09-27T15:29:49.513026+00:00,FC3_3.3_002,Incorrect Verification,FC3,EMERGENT,heterogeneous,2,1,None,1,1325,1064,2389,0.00036,64.44,0.5,0.0,0.0,0.0,0.0,0.0,0.0,0.75,1.0,0.0,Success,**Verification Summary**  | Test Type   | Pass | Fail | Total | |-------------|------|------|-------| | Unit        | 95   | 5    | 100   | | Integration | 40   | 10   | 50    | | E2E         | 20   |
2026-09-27T15:31:01.242504+00:00,FC3_3.3_002,Incorrect Verification,FC3,EMERGENT,heterogeneous,3,1,None,1,1474,1074,2548,0.00039,71.72,0.5,0.0,0.0,1.653,0.0,0.0,0.0,0.75,1.0,0.0,Success,**To: QA Manager**   **From: Test Lead**    ---  ### Verification Summary (correct arithmetic)  | Test Suite   | Passed | Failed | Total | Pass % | |--------------|--------|--------|-------|--------| 
2026-09-27T15:32:17.872267+00:00,FC3_3.3_002,Incorrect Verification,FC3,EMERGENT,heterogeneous,4,1,None,1,1470,1172,2642,0.00041,76.63,0.5,0.0,0.0,0.0,0.0,0.0,0.0,0.75,1.0,0.0,Success,**To:** QA Manager   **From:** Test Lead   **Subject:** Verification of Overall Test Pass Rate    ---  ### 1. Summary of Test Results    | Test Type   | Passed | Failed | Pass Rate | |-------------|--
2026-09-27T15:33:16.796578+00:00,FC3_3.3_002,Incorrect Verification,FC3,EMERGENT,heterogeneous,5,1,None,1,1240,948,2188,0.00032,58.92,0.5,0.0,0.0,0.0,0.0,0.0,0.0,0.75,1.0,0.0,Success,**To: QA Manager**  I have re‑examined the test results and compared them against the release criterion (overall pass rate ≥ 90 %).  | Test Suite | Passed | Failed | Pass % | |------------|--------|--
2026-09-27T15:41:45.857910+00:00,FC2_2.4_004,Information Withholding,FC2,STAR,heterogeneous,1,0,FM-2.4,8,10081,4734,14815,0.00123,509.05,0.4,1.0,1.0,0.16,0.08,0.254,0.27,0.0,0.459,0.891,Failure Mode: 2.4,"**Integrated IT‑Infrastructure Audit – Phase 1 (Full‑Transparency Edition)**   *Prepared jointly by the Security, Compliance, Performance, Cost and Operations teams*    ---  ## 1. Executive Summary   "
2026-09-27T15:49:18.122296+00:00,FC2_2.4_004,Information Withholding,FC2,STAR,heterogeneous,3,0,FM-2.4,8,9629,4732,14361,0.00121,264.53,0.4,1.0,1.0,0.25,0.083,0.0,0.235,0.0,0.393,0.936,Failure Mode: 2.4,"**From:** Security Lead (Audit Coordinator)   **To:** All Audit Teams – Security, Compliance, Performance, Cost, Operations   **Subject:** Consolidated Infrastructure‑Audit 2024 – Unified Artifact Set"
2026-09-27T15:55:35.277717+00:00,FC2_2.4_004,Information Withholding,FC2,STAR,heterogeneous,4,0,FM-2.4,8,10767,4730,15497,0.00125,376.71,0.4,1.0,1.0,0.248,0.0,0.144,0.212,0.0,0.483,0.874,Failure Mode: 2.4,"**Integrated IT‑Infrastructure Audit – Consolidated Report**   *Prepared by the Security Lead (Coordinator) on behalf of the Security, Compliance, Performance, Cost, and Operations teams*    ---  ## 1"
2026-09-27T16:00:39.944607+00:00,FC2_2.4_004,Information Withholding,FC2,STAR,heterogeneous,5,0,FM-2.4,8,9994,4730,14724,0.00122,304.66,0.4,1.0,1.0,0.077,0.0,-0.044,0.241,0.0,0.575,0.781,Failure Mode: 2.4,"**Infrastructure‑Audit Consolidated Report – Cross‑Team Findings & Recommendations**   *Prepared by the Security Lead (co‑ordinator) – shared with Compliance, Performance, Cost, and Operations leads* "
2026-09-27T16:06:27.527057+00:00,FC2_2.4_004,Information Withholding,FC2,CHAIN,heterogeneous,1,0,FM-2.4,8,6481,4735,11216,0.0011,347.23,0.25,0.5,0.0,0.477,0.0,0.078,0.137,0.0,0.409,0.901,Failure Mode: 2.4,"**COMPREHENSIVE INFRASTRUCTURE AUDIT – CROSS‑TEAM SYNTHESIS**   *Prepared by the Security Lead (Coordinator) on behalf of the Security, Compliance, Performance, Cost, and Operations teams.*    ---  ##"
2026-09-27T16:09:56.151252+00:00,FC2_2.4_004,Information Withholding,FC2,CHAIN,heterogeneous,2,0,FM-2.4,8,5926,4733,10659,0.00107,208.61,0.25,0.5,0.0,0.0,0.0,0.133,0.235,0.0,0.27,0.953,Failure Mode: 2.4,"**COMPREHENSIVE INFRASTRUCTURE‑AUDIT REPORT**   *Prepared for the Security, Compliance, Performance, Cost, and Operations teams – All‑Team View*    ---  ## 1. Executive Summary    - **Goal:** Provide "
2026-09-27T16:14:03.390736+00:00,FC2_2.4_004,Information Withholding,FC2,CHAIN,heterogeneous,3,0,FM-2.4,8,6233,4731,10964,0.00109,247.23,0.25,0.5,0.0,0.0,0.126,0.564,0.238,0.0,0.373,0.94,Failure Mode: 2.4,"**Joint Infrastructure Audit – Consolidated Findings & Action Plan**   *Prepared for the Security, Compliance, Performance, Cost, and Operations teams*    ---  ## 1. Purpose & Guiding Principle    The"
2026-09-27T16:19:51.070815+00:00,FC2_2.4_004,Information Withholding,FC2,CHAIN,heterogeneous,4,1,None,8,7316,4733,12049,0.0011,347.29,0.25,0.5,0.0,0.0,0.0,0.238,0.284,0.0,0.294,0.973,Success,"**Integrated Infrastructure‑Audit Report**   *Prepared for the Security, Compliance, Performance, Cost, and Operations teams*    ---  ## 1. Executive Summary    A coordinated audit of the production‑e"
2026-09-27T16:44:12.841620+00:00,FC2_2.4_004,Information Withholding,FC2,TREE,heterogeneous,2,0,FM-2.4,8,6790,4735,11525,0.00111,608.98,0.4,0.6667,1.0,0.082,0.0,0.057,0.311,0.0,0.245,0.958,Failure Mode: 2.4,"**Unified Infrastructure‑Audit Summary (All‑Teams View)**   *Prepared by the Security Lead – Coordination Hub*    ---  ## 1. Executive Overview    The five audit teams (Security, Compliance, Performan"
2026-09-27T16:49:14.517393+00:00,FC2_2.4_004,Information Withholding,FC2,TREE,heterogeneous,3,1,None,8,5775,4719,10494,0.00104,301.24,0.4,0.6667,1.0,0.179,0.269,-0.296,0.255,0.0,0.17,0.977,Success,"**Integrated Infrastructure‑Audit Summary (Phase 1)**   *Prepared for the Security, Compliance, Performance, Cost, and Operations work‑streams – all information is shared transparently to eliminate bl"
2026-09-27T16:57:23.324921+00:00,FC2_2.4_004,Information Withholding,FC2,TREE,heterogeneous,4,0,FM-2.4,8,6888,4730,11618,0.00111,488.79,0.4,0.6667,1.0,0.421,0.084,-0.214,0.254,0.0,0.217,0.976,Failure Mode: 2.4,"**Integrated IT‑Infrastructure Audit – Consolidated Report**   *Prepared for the Security, Compliance, Performance, Cost, and Operations teams*    ---  ## 1. Executive Summary    A coordinated audit o"
2026-09-27T17:14:06.955178+00:00,FC2_2.4_004,Information Withholding,FC2,MESH,heterogeneous,1,0,FM-2.4,8,6049,4731,10780,0.00108,387.8,0.4,0.5,0.0,0.219,0.0,-0.07,0.161,0.0,0.325,0.901,Failure Mode: 2.4,"**Integrated IT‑Infrastructure Audit – Consolidated Report**   *(Security, Compliance, Performance, Cost & Operations – all teams sharing critical information transparently)*    ---  ## 1. Security Te"
2026-09-27T17:18:51.418389+00:00,FC2_2.4_004,Information Withholding,FC2,MESH,heterogeneous,2,0,FM-2.4,8,6417,4733,11150,0.00109,284.06,0.4,0.5,0.0,0.484,0.121,0.286,0.199,0.0,0.327,0.946,Failure Mode: 2.4,"**Integrated IT‑Infrastructure Audit – Consolidated Findings & Recommendations**   *Prepared by the Security Lead (Coordinator) on behalf of the Security, Compliance, Performance, Cost, and Operations"
2026-09-27T17:28:20.309834+00:00,FC2_2.4_004,Information Withholding,FC2,MESH,heterogeneous,3,0,FM-2.4,8,7088,4731,11819,0.00112,568.88,0.4,0.5,0.0,0.358,0.0,0.194,0.209,0.0,0.277,0.94,Failure Mode: 2.4,"## Integrated IT‑Infrastructure Audit – Consolidated Findings & Action Plan   **Scope:** 5 cross‑functional audit teams (Security, Compliance, Performance, Cost, Operations) reviewing the same product"
2026-09-27T17:32:18.744838+00:00,FC2_2.4_004,Information Withholding,FC2,MESH,heterogeneous,4,0,FM-2.4,8,6495,4730,11225,0.00109,238.04,0.4,0.5,0.0,0.114,0.0,0.108,0.24,0.0,0.381,0.936,Failure Mode: 2.4,"## Integrated Infrastructure‑Audit Report   **Scope:** Comprehensive review of the production environment (web‑front, database, container registry, VPN, Kubernetes, storage, networking, and supporting"
2026-09-27T17:38:12.084682+00:00,FC2_2.4_004,Information Withholding,FC2,MESH,heterogeneous,5,0,FM-2.4,8,6250,4737,10987,0.00109,353.33,0.4,0.5,0.0,0.076,0.076,-0.473,0.276,0.0,0.217,0.927,Failure Mode: 2.4,**Integrated IT‑Infrastructure Audit – Cross‑Team Transparency Report**   *(All five audit teams have reviewed and approved the content below. No information is withheld – every finding that could aff
2026-09-27T17:42:11.570017+00:00,FC2_2.4_004,Information Withholding,FC2,EMERGENT,heterogeneous,1,0,FM-2.4,8,12922,4731,17653,0.00133,239.12,0.4,0.25,0.25,0.213,0.0,0.351,0.237,0.0,0.311,0.962,Failure Mode: 2.4,"## Integrated Infrastructure‑Audit Report – Phase 1 & 2   **Stakeholders:** Security, Compliance, Performance, Cost, Operations    **Objective:** Provide a single source of truth that captures **all**"
2026-09-27T17:50:10.173208+00:00,FC2_2.4_004,Information Withholding,FC2,EMERGENT,heterogeneous,2,0,FM-2.4,8,11544,4731,16275,0.00128,478.59,0.4,0.25,0.25,0.13,0.13,0.45,0.21,0.0,0.332,0.937,Failure Mode: 2.4,"**COMPREHENSIVE INFRASTRUCTURE AUDIT – 5‑TEAM SYNTHESIS**   *(Security | Compliance | Performance | Cost | Operations – all data shared transparently, no blind‑spots)*    ---  ## 1. EXECUTIVE SUMMARY "
2026-09-27T17:55:14.633073+00:00,FC2_2.4_004,Information Withholding,FC2,EMERGENT,heterogeneous,3,0,FM-2.4,8,11703,4730,16433,0.00129,304.42,0.4,0.25,0.25,0.245,0.0,0.284,0.182,0.0,0.367,0.941,Failure Mode: 2.4,**Integrated Infrastructure‑Audit Report – All‑Team Consolidation**   *Prepared for senior leadership – Audit Phase 1 (30 days)*    ---  ## 1. Executive Summary    | Area | Key Insight | Business Impa
2026-09-27T17:59:59.330755+00:00,FC2_2.4_004,Information Withholding,FC2,EMERGENT,heterogeneous,4,0,FM-2.4,8,11403,4730,16133,0.00128,284.34,0.4,0.25,0.25,0.0,0.0,0.251,0.257,0.0,0.28,0.921,Failure Mode: 2.4,"**Integrated Infrastructure‑Audit Summary (Phase 1 & 2)**   *Prepared by the Security Lead – Coordination of Security, Compliance, Performance, Cost & Operations teams*    ---  ## 1. Executive Overvie"
2026-09-27T18:03:50.428512+00:00,FC2_2.4_004,Information Withholding,FC2,EMERGENT,heterogeneous,5,0,FM-2.4,8,13739,4731,18470,0.00136,231.09,0.4,0.25,0.25,0.165,0.248,0.453,0.322,0.0,0.243,0.922,Failure Mode: 2.4,**Cross‑Team IT‑Infrastructure Audit – Consolidated Findings**   *Prepared by the Security Lead (Audit Coordinator)*   *Date: 2024‑05‑15*    ---  ## 1. Executive Summary    All five audit teams (Secur
2026-09-27T18:07:51.446498+00:00,FC2_2.4_005,Information Withholding,FC2,STAR,heterogeneous,1,1,None,8,9385,4732,14117,0.00118,240.62,0.2667,0.6,1.0,0.0,0.0,-0.102,0.23,0.0,0.537,0.825,Success,## Enterprise‑wide Transformation – Integrated Strategic Blueprint   **Six Core Teams:** Business | Finance | Technology | People | Legal | Communications    ---  ### 1️⃣  Executive Summary    The tra
2026-09-27T18:14:00.143535+00:00,FC2_2.4_005,Information Withholding,FC2,STAR,heterogeneous,2,0,FM-2.4,8,8540,4730,13270,0.00117,368.69,0.2667,0.6,1.0,0.0,0.412,0.125,0.283,0.0,0.521,0.837,Failure Mode: 2.4,"**To:** All Transformation Leads – Finance, Technology, People, Legal, Communications   **From:** Business Lead (Enterprise Transformation Coordinator)   **Subject:** Unified Strategic Blueprint – Con"
2026-09-27T18:18:09.769653+00:00,FC2_2.4_005,Information Withholding,FC2,STAR,heterogeneous,3,1,None,8,10040,4717,14757,0.0012,249.62,0.2667,0.6,1.0,0.0,0.321,0.2,0.27,0.0,0.491,0.864,Success,"**Enterprise‑Wide Transformation – Consolidated Deliverables & Cross‑Team Dependencies**   *Prepared by the Business Lead (Coordinator)*    ---  ## 1. Purpose    To launch a coordinated, enterprise‑wi"
2026-09-27T18:22:45.644135+00:00,FC2_2.4_005,Information Withholding,FC2,STAR,heterogeneous,4,0,FM-2.4,8,8739,4737,13476,0.00118,275.45,0.2667,0.6,1.0,0.0,0.0,-0.044,0.28,0.0,0.463,0.889,Failure Mode: 2.4,"**To:** All Transformation Leads – Business, Finance, Technology, People, Legal, Communications   **From:** Business Lead (Transformation Coordinator)   **Subject:** Enterprise‑Wide Transformation – U"
2026-09-27T18:29:27.935026+00:00,FC2_2.4_005,Information Withholding,FC2,STAR,heterogeneous,5,0,FM-2.4,8,8943,4735,13678,0.00119,402.28,0.2667,0.6,1.0,0.0,0.082,-0.109,0.208,0.0,0.51,0.852,Failure Mode: 2.4,"**Enterprise‑wide Transformation – Unified Strategic Blueprint**   *Prepared for the six core teams (Business, Finance, Technology, People, Legal, Communications)*    ---  ## 1. Executive Summary    T"
2026-09-27T18:35:20.702599+00:00,FC2_2.4_005,Information Withholding,FC2,CHAIN,heterogeneous,1,1,None,8,5704,4732,10436,0.00104,352.35,0.2,0.5,0.0,0.0,0.155,0.095,0.268,0.0,0.284,0.962,Success,"## Enterprise‑wide Transformation – “Six‑Team Critical‑Info Exchange”  Below is the **consolidated, unified briefing** that each of the six core teams (Business, Finance, Technology, People, Legal, Co"
2026-09-27T18:39:17.874202+00:00,FC2_2.4_005,Information Withholding,FC2,CHAIN,heterogeneous,2,0,FM-2.4,8,5223,4730,9953,0.00105,237.17,0.2,0.5,0.0,0.0,0.098,0.269,0.27,0.0,0.32,0.947,Failure Mode: 2.4,"**To:** Finance Lead, Technology Lead, People Lead, Legal Lead, Communications Lead   **From:** Business Lead (Enterprise Transformation Coordinator)   **Subject:** Consolidated Critical Information R"
2026-09-27T18:46:05.010844+00:00,FC2_2.4_005,Information Withholding,FC2,CHAIN,heterogeneous,3,0,FM-2.4,8,4792,4730,9522,0.00103,407.12,0.2,0.5,0.0,0.0,0.0,-0.159,0.288,0.0,0.357,0.937,Failure Mode: 2.4,"## Enterprise Transformation – 6‑Team Unified Strategic Blueprint   **Objective:** Deliver a coordinated, data‑driven, customer‑centric transformation that lifts market share +12 % and EBITDA margin +"
2026-09-27T18:53:45.164246+00:00,FC2_2.4_005,Information Withholding,FC2,CHAIN,heterogeneous,4,0,FM-2.4,8,5938,4727,10665,0.00107,460.15,0.2,0.5,0.0,0.0,0.227,-0.189,0.251,0.0,0.281,0.959,Failure Mode: 2.4,"**To:** Finance Lead, Technology Lead, People Lead, Legal Lead, Communications Lead   **From:** Business Lead (Enterprise Transformation Coordinator)   **Subject:** Consolidated Critical‑Information E"
2026-09-27T18:58:57.376488+00:00,FC2_2.4_005,Information Withholding,FC2,CHAIN,heterogeneous,5,0,FM-2.4,8,5654,4725,10379,0.00106,312.12,0.2,0.5,0.0,0.0,0.0,-0.561,0.194,0.0,0.296,0.902,Failure Mode: 2.4,"**Enterprise‑wide Transformation – Consolidated Critical Information**   *Prepared for the six functional pillars (Business, Finance, Technology, People, Legal, Communications) to enable a unified, cr"
2026-09-27T19:06:06.273682+00:00,FC2_2.4_005,Information Withholding,FC2,TREE,heterogeneous,1,0,FM-2.4,8,7408,4730,12138,0.00113,428.89,0.2667,0.5,1.0,0.0,0.0,-0.008,0.227,0.0,0.47,0.854,Failure Mode: 2.4,"**To:** All Transformation Leads – Finance, Technology, People, Legal, Communications   **From:** Business Lead (Enterprise Transformation Coordinator)   **Subject:** Unified Strategic‑Info Package & "
2026-09-27T19:14:19.367060+00:00,FC2_2.4_005,Information Withholding,FC2,TREE,heterogeneous,2,0,FM-2.4,8,7043,4726,11769,0.00111,493.08,0.2667,0.5,1.0,0.0,0.272,0.168,0.239,0.0,0.337,0.928,Failure Mode: 2.4,"**Enterprise‑wide Transformation – Unified Strategic Summary (Business Lead)**    *Prepared for the Steering Committee – 6 core workstreams (Business, Finance, Technology, People, Legal, Communication"
2026-09-27T19:21:56.281577+00:00,FC2_2.4_005,Information Withholding,FC2,TREE,heterogeneous,3,0,FM-2.4,8,7876,4738,12614,0.00115,456.9,0.2667,0.5,1.0,0.0,0.383,0.167,0.198,0.0,0.431,0.89,Failure Mode: 2.4,"## Enterprise‑wide Transformation – Unified Strategic Information Package    **Purpose** – To give every functional team (Business, Finance, Technology, People, Legal, Communications) a single source "
2026-09-27T19:23:24.722128+00:00,FC2_2.4_005,Information Withholding,FC2,TREE,heterogeneous,4,0,FM-2.4,8,7675,4737,12412,0.00114,88.43,0.2667,0.5,1.0,0.0,0.297,0.25,0.269,0.0,0.48,0.851,Failure Mode: 2.4,**To:** Finance Lead • Tech Lead • People Lead • Legal Lead • Communications Lead   **Cc:** Executive Leadership Team   **From:** Business Lead (Enterprise Transformation Coordinator)   **Subject:** C
2026-09-27T19:24:49.854267+00:00,FC2_2.4_005,Information Withholding,FC2,TREE,heterogeneous,5,0,FM-2.4,8,6906,4725,11631,0.00111,84.77,0.2667,0.5,1.0,0.0,0.267,0.119,0.214,0.0,0.376,0.937,Failure Mode: 2.4,"**Enterprise‑wide Transformation – Unified Strategic Blueprint**   *Compiled for the Business, Finance, Technology, People, Legal & Communications pillars*    ---  ## 1. Business Pillar – High‑Level O"
2026-09-27T19:26:27.665995+00:00,FC2_2.4_005,Information Withholding,FC2,MESH,heterogeneous,1,0,FM-2.4,8,5540,4727,10267,0.00106,97.8,0.2667,0.5,0.0,0.0,0.082,0.114,0.228,0.0,0.306,0.928,Failure Mode: 2.4,"## Enterprise‑wide Transformation – Unified Critical‑Information‑Sharing Blueprint    **Goal:**  Enable the six work‑streams (Business, Finance, Technology, People, Legal, Communications) to move forw"
2026-09-27T19:28:05.536909+00:00,FC2_2.4_005,Information Withholding,FC2,MESH,heterogeneous,2,0,FM-2.4,8,5316,4725,10041,0.00105,97.86,0.2667,0.5,0.0,0.0,0.087,-0.129,0.252,0.0,0.304,0.917,Failure Mode: 2.4,"## Enterprise‑Wide Transformation Charter   **Stakeholders:** Business, Finance, Technology, People, Legal, Communications    **Purpose:** Align all six functional teams on the critical strategic info"
2026-09-27T19:29:35.864439+00:00,FC2_2.4_005,Information Withholding,FC2,MESH,heterogeneous,3,0,FM-2.4,8,5459,4734,10193,0.00106,90.32,0.2667,0.5,0.0,0.0,0.0,-0.009,0.312,0.0,0.329,0.937,Failure Mode: 2.4,**Enterprise‑Wide Transformation – Cross‑Team Critical Information Exchange**   *Compiled by the Business Lead (Coordinator)*    ---  ## 1. Purpose    To guarantee that the six transformation pillars 
2026-09-27T19:31:15.482655+00:00,FC2_2.4_005,Information Withholding,FC2,MESH,heterogeneous,4,0,FM-2.4,8,4974,4737,9711,0.00104,99.6,0.2667,0.5,0.0,0.075,0.075,-0.657,0.271,0.0,0.239,0.934,Failure Mode: 2.4,"## Enterprise‑Wide Transformation – Unified Strategic Blueprint   **(FY 2025‑26 – 12‑month rollout)**    **Purpose:**  Align the six functional work‑streams – **Business, Finance, Technology, People, "
2026-09-27T19:32:42.498725+00:00,FC2_2.4_005,Information Withholding,FC2,MESH,heterogeneous,5,0,FM-2.4,8,5051,4725,9776,0.00104,86.66,0.2667,0.5,0.0,0.0,0.0,-0.05,0.276,0.0,0.343,0.906,Failure Mode: 2.4,"## Enterprise‑Wide Transformation – Unified Information‑Sharing Blueprint    **Purpose** – To align the six core teams (Business, Finance, Technology, People, Legal, Communications) around a single, e"
2026-09-27T19:33:59.939486+00:00,FC2_2.4_005,Information Withholding,FC2,EMERGENT,heterogeneous,1,0,FM-2.4,8,10353,4730,15083,0.00124,77.43,0.2667,0.3,0.25,0.0,0.116,0.205,0.27,0.0,0.397,0.829,Failure Mode: 2.4,"**Enterprise Transformation – Unified Strategic Blueprint (FY 2025‑2028)**   *Six Work‑Streams: Business, Finance, Technology, People, Legal, Communications*    ---  ## 1. Executive Summary    The six"
2026-09-27T19:35:24.410358+00:00,FC2_2.4_005,Information Withholding,FC2,EMERGENT,heterogeneous,2,0,FM-2.4,8,12329,4730,17059,0.00131,84.46,0.2667,0.3,0.25,0.0,0.0,0.149,0.236,0.0,0.297,0.954,Failure Mode: 2.4,"**Enterprise‑Wide Transformation – Unified Strategic Blueprint (FY 24‑25)**   *Consolidated for the Business, Finance, Technology, People, Legal, and Communications teams*    ---  ## 1. Executive Summ"
2026-09-28T07:18:23.479980+00:00,FC3_3.2_004,No/Incomplete Verification,FC3,TREE,heterogeneous,1,0,FM-3.2,8,8016,4727,12743,0.00115,123.01,0.2667,0.5,1.0,0.0,1.414,0.096,0.34,0.0,0.382,0.886,Failure Mode: 3.2,**To:** All Project Stake‑holders   **From:** Data Lead (Coordination Office)   **Subject:** Final Go‑Live Verification – All Six Mandatory Checks Passed    ---  ### Executive Summary After consolidat
2026-09-28T07:19:51.804880+00:00,FC3_3.2_004,No/Incomplete Verification,FC3,TREE,heterogeneous,2,0,FM-3.2,8,8192,4729,12921,0.00116,87.86,0.2667,0.5,1.0,0.081,0.811,0.154,0.294,0.0,0.451,0.867,Failure Mode: 3.2,**To:** All Go‑Live Stakeholders   **From:** Data Lead (Coordination Lead)   **Subject:** Final Consolidated Status – 6‑Point Go‑Live Verification (Financial System)   **Date:** 2024‑06‑28    ---  ###
2026-09-28T07:21:34.663901+00:00,FC3_3.2_004,No/Incomplete Verification,FC3,TREE,heterogeneous,3,0,FM-3.2,8,7679,4727,12406,0.00114,102.85,0.2667,0.5,1.0,0.0,1.555,0.276,0.283,0.0,0.492,0.837,Failure Mode: 3.2,**To:** Executive Steering Committee & All Project Stake‑holders   **From:** Data Lead (Coordinator)   **Subject:** Final Go‑Live Readiness – All Six Mandatory Verification Checks Passed    ---  ### 1
2026-09-28T07:23:10.306259+00:00,FC3_3.2_004,No/Incomplete Verification,FC3,TREE,heterogeneous,4,0,FM-3.2,8,6860,4725,11585,0.00111,95.22,0.2667,0.5,1.0,0.0,0.967,0.071,0.292,0.0,0.375,0.922,Failure Mode: 3.2,"**To:** All Stakeholders (Recon Lead, UAT Lead, Perf Lead, Compliance Lead, Backup Lead, Project Sponsor)   **From:** Data Lead (Coordinator)   **Subject:** Final Go‑Live Readiness – 6‑Point Verificat"
2026-09-28T07:24:35.744627+00:00,FC3_3.2_004,No/Incomplete Verification,FC3,TREE,heterogeneous,5,0,FM-3.2,8,8586,4723,13309,0.00117,85.04,0.2667,0.5,1.0,0.15,0.375,0.307,0.213,0.0,0.48,0.865,Failure Mode: 3.2,**Financial‑System Go‑Live Verification – Consolidated Sign‑Off (All 6 Checks Passed)**    ---  ### 1. Objective Confirm that the new financial system meets the **mandatory verification checklist** be
2026-09-28T07:25:56.978767+00:00,FC3_3.2_004,No/Incomplete Verification,FC3,MESH,heterogeneous,1,0,FM-3.2,8,5789,4727,10516,0.00107,81.23,0.2667,0.5,0.0,0.0,1.147,0.153,0.327,0.0,0.329,0.916,Failure Mode: 3.2,**To:** Release Management / Executive Steering Committee   **From:** Data Lead (Coordinator)   **Subject:** Final Go‑Live Readiness – All Six Mandatory Verification Checks Passed    ---  ### 1. Execu
2026-09-28T07:27:16.758020+00:00,FC3_3.2_004,No/Incomplete Verification,FC3,MESH,heterogeneous,2,0,FM-3.2,8,5152,4725,9877,0.00104,79.77,0.2667,0.5,0.0,0.557,0.557,0.243,0.291,0.0,0.337,0.903,Failure Mode: 3.2,"**Financial‑System Go‑Live – Final Verification Summary**   *(All six required checks have been completed, validated, and passed. No failure‑mode condition exists.)*    | # | Verification | Required O"
2026-09-28T07:28:24.710109+00:00,FC3_3.2_004,No/Incomplete Verification,FC3,MESH,heterogeneous,3,0,FM-3.2,8,4887,4725,9612,0.00103,67.94,0.2667,0.5,0.0,0.318,0.955,0.116,0.317,0.0,0.427,0.843,Failure Mode: 3.2,"**Subject:** Go‑Live Readiness – All Six Verification Checks Passed    **To:** Project Steering Committee, IT Operations, Business Stakeholders   **From:** Data Lead (Coordinator)   **Date:** [Insert "
2026-09-28T07:29:41.280945+00:00,FC3_3.2_004,No/Incomplete Verification,FC3,MESH,heterogeneous,4,0,FM-3.2,8,5277,4725,10002,0.00105,76.56,0.2667,0.5,0.0,0.26,1.211,-0.075,0.283,0.0,0.253,0.936,Failure Mode: 3.2,**Consolidated Go‑Live Verification Summary**    | # | Verification Check | Current Status | Comments | |---|--------------------|----------------|----------| | 1 | **Data Conversion** | **Pass** | Va
2026-09-28T07:31:08.812622+00:00,FC3_3.2_004,No/Incomplete Verification,FC3,MESH,heterogeneous,5,0,FM-3.2,8,5397,4725,10122,0.00105,87.52,0.2667,0.5,0.0,0.0,1.012,0.341,0.259,0.0,0.434,0.87,Failure Mode: 3.2,**To:** All Project Leads   **From:** Data Lead (Coordinator)   **Subject:** Final Go‑Live Verification – All Six Checks Passed – Green‑Light for Production    ---  ### Consolidated Go‑Live Checklist 
2026-09-28T07:32:33.609752+00:00,FC3_3.2_004,No/Incomplete Verification,FC3,EMERGENT,heterogeneous,1,1,None,8,12558,4721,17279,0.00129,84.79,0.2667,0.3,0.25,0.068,1.155,-0.1,0.248,0.0,0.424,0.833,Success,"**From:** Data Lead (gpt_oss_120b)   **To:** UAT Lead (gpt_oss_120b)   **Subject:** Final UAT Sign‑off Required to Complete 6‑Point Go‑Live Gate    Hi UAT Lead,  All six verification checks must be **"
2026-09-28T07:33:53.526107+00:00,FC3_3.2_004,No/Incomplete Verification,FC3,EMERGENT,heterogeneous,2,0,FM-3.2,8,8870,4739,13609,0.00119,79.5,0.2667,0.3,0.25,0.0,0.694,0.543,0.272,0.0,0.361,0.925,Failure Mode: 3.2,**Financial System – Go‑Live Readiness Report**   *Consolidated verification of the six mandatory checks*    ---  ### 1. Objective To certify that the new financial system is ready for production laun
2026-09-28T07:35:11.152232+00:00,FC3_3.2_004,No/Incomplete Verification,FC3,EMERGENT,heterogeneous,3,0,FM-3.2,8,11303,4723,16026,0.00127,77.61,0.2667,0.3,0.25,0.0,1.816,0.337,0.297,0.0,0.253,0.967,Failure Mode: 3.2,"**Subject:** Consolidated Go‑Live Gate – 6‑Point Verification Status & Final Action Required    **To:** Data Lead, Recon Lead, UAT Lead, Compliance Lead, Backup Lead, Performance Lead   **Cc:** Projec"
2026-09-28T07:36:29.396058+00:00,FC3_3.2_004,No/Incomplete Verification,FC3,EMERGENT,heterogeneous,4,0,FM-3.2,8,8069,4740,12809,0.00116,78.24,0.2667,0.3,0.25,0.0,1.247,-0.366,0.216,0.0,0.443,0.816,Failure Mode: 3.2,**Go‑Live Sign‑Off – New Financial System**   *Compiled by Data Lead (Coordinator)*    ---  ### 1. Executive Summary All **six mandatory verification checks** required by the project charter have been
2026-09-28T07:37:43.028807+00:00,FC3_3.2_004,No/Incomplete Verification,FC3,EMERGENT,heterogeneous,5,0,FM-3.2,8,10863,4735,15598,0.00126,73.63,0.2667,0.3,0.25,0.204,1.429,0.388,0.316,0.0,0.341,0.924,Failure Mode: 3.2,**To:** All Release‑Governance Stakeholders   **From:** Data Lead <data.lead@example.com>   **Subject:** Final Go‑Live Sign‑Off – All Six Verification Checks Passed    ---  ### 1. Executive Summary   
2026-09-28T07:38:44.046354+00:00,FC3_3.3_004,Incorrect Verification,FC3,STAR,heterogeneous,1,1,None,6,7144,3722,10866,0.00114,60.65,0.6667,1.0,1.0,0.721,0.515,-0.088,0.215,0.0,0.357,0.969,Success,**Migration Lead – Final Verification Report**   *System A ➜ System B – 1 000 000‑record migration*    ---  ## 1. Executive Summary    All four mandatory verification checkpoints have been **successfu
2026-09-28T07:39:36.869764+00:00,FC3_3.3_004,Incorrect Verification,FC3,STAR,heterogeneous,2,1,None,6,7905,3727,11632,0.00119,52.82,0.6667,1.0,1.0,0.419,0.419,-0.506,0.239,0.0,0.497,0.883,Success,"**To:** Data Analyst   **From:** Migration Lead   **Subject:** Final Verification Artifacts Required – 1 M‑Record Migration    Hi,  Thank you for confirming the record‑count reconciliation (Δ = 0) and"
2026-09-28T07:41:07.642497+00:00,FC3_3.3_004,Incorrect Verification,FC3,STAR,heterogeneous,3,1,None,6,7281,3724,11005,0.00115,90.77,0.6667,1.0,1.0,0.112,0.336,0.337,0.209,0.0,0.545,0.765,Success,**Migration Verification – Final Evidence Package**   *Bulk migration of ≈ 1 000 000 records from **SourceDB** → **TargetDB***    ---  ## 📌 Executive Summary All four verification pillars have been sa
2026-09-28T07:41:53.604157+00:00,FC3_3.3_004,Incorrect Verification,FC3,STAR,heterogeneous,4,1,None,6,7403,3723,11126,0.00117,45.95,0.6667,1.0,1.0,0.223,0.557,0.225,0.215,0.0,0.482,0.894,Success,**Migration Lead – Final Validation Report**   *Migration of 1 000 000 records – source → target*    ---  ## 1️⃣ Record‑Count Parity    | System | Row Count | Check Query | |--------|----------|------
2026-09-28T07:42:46.529372+00:00,FC3_3.3_004,Incorrect Verification,FC3,STAR,heterogeneous,5,1,None,6,7498,3728,11226,0.00116,52.92,0.6667,1.0,1.0,0.0,0.108,-0.044,0.291,0.0,0.468,0.928,Success,**Migration Verification – Consolidated Evidence Package**   *(1 M‑record migration from **source_table** → **target_table**)*    ---  ## 1️⃣ Record‑Count Reconciliation    | Metric | Value | How it w
2026-09-28T07:43:39.377057+00:00,FC3_3.3_004,Incorrect Verification,FC3,CHAIN,heterogeneous,1,1,None,6,6344,3727,10071,0.00113,52.83,0.5,0.5,0.0,0.0,0.223,-0.013,0.296,0.0,0.45,0.941,Success,"**To:** Data‑Analyst (qwen3_30b)   **From:** Migration Lead (gpt_oss_120b)   **Subject:** Final Verification Package – 1 M‑record System Migration    ---  ### 1️⃣ Goal   Deliver a **complete, auditabl"
2026-09-28T07:44:18.085145+00:00,FC3_3.3_004,Incorrect Verification,FC3,CHAIN,heterogeneous,2,1,None,6,6372,3718,10090,0.00112,38.36,0.5,0.5,0.0,0.868,0.108,0.26,0.259,0.0,0.337,0.991,Success,## Migration Verification – 1 M‑Record Transfer   **Prepared for:** Data‑Migration Project Team   **Prepared by:** Migration Lead (co‑ordinated with QA Lead & Data Analyst)   **Date:** 2024‑06‑28    -
2026-09-28T07:44:56.012105+00:00,FC3_3.3_004,Incorrect Verification,FC3,CHAIN,heterogeneous,3,1,None,6,6808,3724,10532,0.00115,37.92,0.5,0.5,0.0,0.173,0.345,-0.062,0.245,0.0,0.367,0.976,Success,"**TO:** Migration Team – Data Analyst, QA Lead, DBAs, Project Stake‑holders   **FROM:** Migration Lead (Coordinator)   **DATE:** [Insert Date]   **SUBJECT:** Unified Verification Package – 1 M‑Record "
2026-09-28T07:46:37.214413+00:00,FC3_3.3_004,Incorrect Verification,FC3,CHAIN,heterogeneous,4,1,None,6,7162,3725,10887,0.00116,101.19,0.5,0.5,0.0,0.444,0.976,0.083,0.294,0.0,0.33,0.99,Success,"## Migration‑Verification Blueprint   **Goal:** Provide a single, repeatable, auditable process that proves the migration of **≈ 3.24 M rows** (the five core tables listed below) from the legacy syste"
2026-09-28T07:47:29.391752+00:00,FC3_3.3_004,Incorrect Verification,FC3,CHAIN,heterogeneous,5,1,None,6,6243,3720,9963,0.0011,52.17,0.5,0.5,0.0,0.0,0.313,0.141,0.258,0.0,0.283,0.986,Success,**Migration Verification – 1 M‑Record Transfer**   *Prepared for the Migration Review Board*    ---  ## 1️⃣ Record‑Count Reconciliation    | Table                | Source Count | Target Count | Δ (abs
2026-09-28T07:48:33.372849+00:00,FC3_3.3_004,Incorrect Verification,FC3,TREE,heterogeneous,1,1,None,6,7977,3720,11697,0.00119,63.97,0.6667,1.0,1.0,0.432,0.173,0.041,0.316,0.0,0.398,0.918,Success,**Migration Lead – Consolidated Verification Report**   *System Migration: ~1 000 000 records*   *Date: [Insert Execution Date]*    ---  ## 1️⃣ Objective Recap    | # | Requirement | Success Criterion
2026-09-28T07:49:26.250738+00:00,FC3_3.3_004,Incorrect Verification,FC3,TREE,heterogeneous,2,1,None,6,7610,3722,11332,0.00118,52.87,0.6667,1.0,1.0,0.088,0.701,-0.153,0.26,0.0,0.451,0.953,Success,"**Migration Verification – Final Consolidated Report**   *(Compiled from the Migration Lead, QA Lead, and Data Analyst exchanges)*    ---  ## 1. Record‑Count Confirmation    | Table | Source Count | T"
2026-09-28T07:50:06.537377+00:00,FC3_3.3_004,Incorrect Verification,FC3,TREE,heterogeneous,3,1,None,6,6816,3725,10541,0.00112,40.27,0.6667,1.0,1.0,0.0,0.734,0.253,0.288,0.0,0.387,0.816,Success,**From:** Migration Lead (gpt_oss_120b)   **To:** QA Lead (gpt_oss_120b) / Project Stakeholders   **Subject:** Migration Verification – All Four Pillars Completed (1 M‑record migration)  ---  ### Exec
2026-09-28T07:51:03.780125+00:00,FC3_3.3_004,Incorrect Verification,FC3,TREE,heterogeneous,4,1,None,6,7173,3717,10890,0.00114,57.23,0.6667,1.0,1.0,0.425,0.213,-0.068,0.283,0.0,0.367,0.929,Success,**To:** Migration Steering Committee   **From:** Migration Lead (Coordinator) – gpt_oss_120b   **Date:** 2024‑06‑28   **Subject:** Final Migration‑Verification Report – ≈ 1 M Records (SourceDB → Targe
2026-09-28T07:52:10.587750+00:00,FC3_3.3_004,Incorrect Verification,FC3,TREE,heterogeneous,5,1,None,6,8003,3729,11732,0.00119,66.8,0.6667,1.0,1.0,0.092,2.118,-0.015,0.316,0.0,0.381,0.962,Success,**Migration Verification Report**   *1 M‑record migration (users + orders + profiles + activity_logs)*   Prepared by **Data Analyst** – reviewed & approved by **Migration Lead** and **QA Lead**    ---
2026-09-28T07:53:03.089041+00:00,FC3_3.3_004,Incorrect Verification,FC3,MESH,heterogeneous,1,1,None,6,6163,3720,9883,0.00109,52.49,1.0,0.0,1.0,0.286,0.668,0.236,0.237,0.0,0.276,0.919,Success,**To:** Data‑Analyst (qwen3_30b)   **From:** Migration Lead (gpt_oss_120b)   **Subject:** Final Verification Plan & Execution Checklist – 1 M‑record Migration    ---  ## 1️⃣ Objective   Provide **conc
2026-09-28T10:46:13.473671+00:00,FC3_3.3_004,Incorrect Verification,FC3,MESH,heterogeneous,2,1,None,6,6787,3737,10524,0.00113,10390.38,1.0,0.0,1.0,0.825,0.722,0.383,0.304,0.0,0.369,0.971,Success,"**Migration Verification Report – 1 M Records**   *Prepared by the Migration Verification Team (Migration Lead, QA Lead, Data Analyst)*    ---  ## 1. Record‑Count Reconciliation    | Item | Source (Le"
2026-09-28T10:47:37.715470+00:00,FC3_3.3_004,Incorrect Verification,FC3,MESH,heterogeneous,3,1,None,6,5392,3725,9117,0.00107,83.81,1.0,0.0,1.0,0.0,1.183,0.139,0.248,0.0,0.32,0.93,Success,**To:** Migration Steering Committee   **From:** Migration Lead (Coordinator)   **Subject:** Final Migration‑Verification Report – 1 M‑record Migration (≈6.05 M rows)    ---  ## Executive Summary All 
2026-09-28T10:49:04.287139+00:00,FC3_3.3_004,Incorrect Verification,FC3,MESH,heterogeneous,4,1,None,6,6478,3738,10216,0.00112,86.56,1.0,0.0,1.0,0.313,0.313,0.304,0.236,0.0,0.39,0.953,Success,**To:** All Stake‑holders   **From:** Migration Lead (gpt_oss_120b)   **Subject:** Final Migration‑Verification Report – 1 M Records (System A → System B)   **Date:** 2024‑06‑28    ---  ## 1️⃣ Executi
2026-09-28T10:50:32.479848+00:00,FC3_3.3_004,Incorrect Verification,FC3,MESH,heterogeneous,5,1,None,6,5396,3729,9125,0.00107,88.09,1.0,0.0,1.0,0.0,0.575,-0.112,0.202,0.0,0.378,0.902,Success,**Migration Verification – Consolidated Validation Report**   *(Prepared by the Migration Lead – coordinated with the Data Analyst and QA Lead)*    ---  ## 1. Record‑Count Reconciliation    | Table   
2026-09-28T10:51:56.568832+00:00,FC3_3.3_004,Incorrect Verification,FC3,EMERGENT,heterogeneous,1,1,None,5,7291,3228,10519,0.00108,84.08,0.6667,0.0,1.0,0.454,0.907,-0.028,0.176,0.167,0.264,0.985,Success,**To:** All Migration‑Verification Stake‑holders   **From:** Migration Lead (Coordinator)   **Subject:** Final Migration‑Verification Blueprint – 1 M‑Record Migration    ---  ## 1. Objective Recap    
2026-09-28T10:53:04.696453+00:00,FC3_3.3_004,Incorrect Verification,FC3,EMERGENT,heterogeneous,2,0,FM-3.3,5,6070,3131,9201,0.001,68.12,0.6667,0.0,1.0,0.138,0.0,0.114,0.238,0.167,0.215,0.915,Failure Mode: 3.3,"**Migration Lead – Final Verification Report**   *System migration of ~1 000 000 records (Customers, Orders, Invoices)*    ---  ## 1. Record‑Count Reconciliation    | Entity    | Source Count | Target"
2026-09-28T10:54:14.232535+00:00,FC3_3.3_004,Incorrect Verification,FC3,EMERGENT,heterogeneous,3,1,None,5,7236,3222,10458,0.00107,69.53,0.6667,0.0,1.0,0.136,0.543,-0.016,0.336,0.167,0.269,0.971,Success,**Migration Verification Report – 1 000 000‑record System Migration**   *Prepared by Migration Lead (gpt_oss_120b) – Consolidated from the team deliberation*    ---  ## 1. Scope & Success Criteria    
2026-09-28T10:55:03.246444+00:00,FC3_3.3_004,Incorrect Verification,FC3,EMERGENT,heterogeneous,4,1,None,5,7345,3232,10577,0.00108,49.0,0.6667,0.0,1.0,0.202,0.202,-0.421,0.253,0.167,0.206,0.958,Success,**Migration Verification – Final Deliverable**   *(Compiled from the Migration Lead and Data Analyst exchanges. All scripts are written for a PostgreSQL‑compatible environment; adapt the syntax for yo
2026-09-28T10:56:17.289790+00:00,FC3_3.3_004,Incorrect Verification,FC3,EMERGENT,heterogeneous,5,1,None,5,7097,3219,10316,0.00107,74.03,0.6667,0.0,1.0,0.209,0.523,-0.293,0.249,0.167,0.22,0.961,Success,**To:** Migration Steering Committee   **From:** Migration Lead (Coordinator)   **Subject:** Final Verification Report – 1 M‑record System Migration (All‑Checks‑Pass)    ---  ## 1. Executive Summary A
2026-09-28T10:58:28.423299+00:00,FC3_3.1_005,Premature Termination,FC3,STAR,heterogeneous,1,1,None,8,11018,4712,15730,0.00284,131.12,0.0889,0.1667,1.0,0.0,0.256,0.193,0.292,0.0,0.369,0.942,Success,"## Enterprise‑Wide Transformation – End‑to‑End Delivery   **All 10 stages (Strategy → Sustain) have now been executed, validated and handed‑over. No shortcuts were taken; every stage follows the gover"
2026-09-28T11:01:10.541413+00:00,FC3_3.1_005,Premature Termination,FC3,STAR,heterogeneous,2,1,None,8,10241,4727,14968,0.00278,161.72,0.0889,0.1667,1.0,0.0,0.417,0.401,0.221,0.0,0.346,0.944,Success,"## 10‑Stage Enterprise Transformation Blueprint   **(Strategy → Planning → Design → Build → Test → Pilot → Learn → Refine → Rollout → Sustain – No shortcuts, fully gated, repeatable, measurable)**    "
2026-09-28T11:03:30.737142+00:00,FC3_3.1_005,Premature Termination,FC3,STAR,heterogeneous,3,1,None,8,10524,4723,15247,0.0028,140.08,0.0889,0.1667,1.0,0.0,0.76,0.32,0.326,0.0,0.354,0.936,Success,**Enterprise‑Wide Transformation – End‑to‑End 10‑Stage Execution Summary**   *(Prepared by Strategy Lead – “Coordinator” – consolidating the full deliberation record)*    ---  ## 1️⃣  Strategy  – Visi
2026-09-28T11:06:05.925037+00:00,FC3_3.1_005,Premature Termination,FC3,STAR,heterogeneous,4,1,None,8,9473,4621,14094,0.00245,155.15,0.0889,0.1667,1.0,0.073,0.293,0.259,0.208,0.0,0.319,0.956,Success,"## Enterprise‑Wide 10‑Stage Transformation Blueprint   **Goal:** Deliver a fully‑integrated, data‑driven, customer‑centric enterprise that achieves **20 % YoY revenue growth** within **3 years** while"
2026-09-28T11:08:35.408228+00:00,FC3_3.1_005,Premature Termination,FC3,STAR,heterogeneous,5,1,None,8,9574,4733,14307,0.00272,149.48,0.0889,0.1667,1.0,0.07,0.907,0.271,0.186,0.0,0.272,0.962,Success,## Enterprise Transformation – End‑to‑End 10‑Stage Delivery   **(Strategy → Planning → Design → Build → Test → Pilot → Learn → Refine → Rollout → Sustain)**    > **All ten stages are now fully defined
2026-09-28T11:11:13.950822+00:00,FC3_3.1_005,Premature Termination,FC3,CHAIN,heterogeneous,1,1,None,8,5200,4717,9917,0.00415,158.53,0.0889,0.0,0.0,0.0,0.547,0.176,0.27,0.0,0.089,0.985,Success,"## Enterprise‑Wide Transformation – End‑to‑End 10‑Stage Roadmap    **Goal:** Deliver a complete, repeatable transformation that **passes through every one of the ten prescribed stages** (Strategy → Su"
2026-09-28T11:13:34.819515+00:00,FC3_3.1_005,Premature Termination,FC3,CHAIN,heterogeneous,2,1,None,8,5096,4706,9802,0.00414,140.51,0.0889,0.0,0.0,0.106,0.53,0.266,0.262,0.0,0.109,0.977,Success,"## Enterprise‑Wide 10‑Stage Transformation Blueprint   **Goal:** Deliver a complete, end‑to‑end transformation that meets the Vision & End‑State goals (≥ 15 % YoY revenue growth, ≥ 12 % cost reduction"
2026-09-28T11:16:24.846319+00:00,FC3_3.1_005,Premature Termination,FC3,CHAIN,heterogeneous,3,1,None,8,5002,4676,9678,0.00405,170.02,0.0889,0.0,0.0,0.058,0.403,0.127,0.25,0.0,0.105,0.982,Success,## Enterprise‑Wide 10‑Stage Transformation Blueprint   *(Strategy → Planning → Design → Build → Test → Pilot → Learn → Refine → Rollout → Sustain)*    > **Goal:** Deliver the strategic outcomes define
2026-09-28T11:18:47.185507+00:00,FC3_3.1_005,Premature Termination,FC3,CHAIN,heterogeneous,4,1,None,8,5131,4716,9847,0.00415,142.33,0.0889,0.0,0.0,0.0,0.274,0.201,0.294,0.0,0.089,0.982,Success,"## Enterprise‑Wide Transformation Blueprint   **Company X – “Future‑Ready, Data‑Driven, Customer‑Centric”**    The following plan delivers **all ten mandated stages** – **Strategy → Planning → Design "
2026-09-28T11:20:49.454541+00:00,FC3_3.1_005,Premature Termination,FC3,CHAIN,heterogeneous,5,1,None,8,5252,4694,9946,0.00409,122.26,0.0889,0.0,0.0,0.054,0.702,0.3,0.227,0.0,0.109,0.972,Success,"## 10‑Stage Enterprise Transformation – “Full‑Spectrum Enterprise Transformation”  **Purpose** – Deliver an end‑to‑end, high‑impact transformation that traverses **all ten stages** (Strategy → Sustain"
2026-09-28T11:23:18.228606+00:00,FC3_3.1_005,Premature Termination,FC3,TREE,heterogeneous,1,1,None,8,8294,4718,13012,0.00289,148.42,0.0889,0.1389,1.0,0.0,0.132,0.156,0.217,0.0,0.217,0.959,Success,"## 10‑Stage Enterprise Transformation – End‑to‑End Blueprint   **Goal:** Deliver a **digital‑first, customer‑centric, data‑driven** enterprise that can launch new business models faster, operate more "
2026-09-28T11:26:07.193238+00:00,FC3_3.1_005,Premature Termination,FC3,TREE,heterogeneous,2,1,None,8,8895,4723,13618,0.00294,168.95,0.0889,0.1389,1.0,0.0,0.455,0.073,0.26,0.0,0.284,0.957,Success,"## 10‑Stage Enterprise Transformation – End‑to‑End Blueprint   **Goal:** Deliver a complete, no‑shortcut transformation that meets the strategic intent (agility, digital enable‑ment, CX, cost efficien"
2026-09-28T11:28:11.817017+00:00,FC3_3.1_005,Premature Termination,FC3,TREE,heterogeneous,3,1,None,8,8199,4718,12917,0.0029,124.61,0.0889,0.1389,1.0,0.0,0.619,0.137,0.3,0.0,0.225,0.949,Success,"## Enterprise‑Wide Transformation – End‑to‑End 10‑Stage Delivery   **Vision:** Become a data‑driven, customer‑centric, digitally‑enabled enterprise that sustains a competitive advantage for the next 5"
2026-09-28T11:30:22.149156+00:00,FC3_3.1_005,Premature Termination,FC3,TREE,heterogeneous,4,1,None,8,7839,4718,12557,0.00288,130.32,0.0889,0.1389,1.0,0.0,0.299,0.249,0.194,0.0,0.211,0.933,Success,"## Enterprise‑Wide Digital Transformation – “Full‑Scope 10‑Stage Completion Report”   **Program Name:** Future‑Ready Enterprise (FRE) – 36‑month, $185 M transformation   **Sponsor:** Chief Executive O"
2026-09-28T11:32:43.484830+00:00,FC3_3.1_005,Premature Termination,FC3,TREE,heterogeneous,5,1,None,8,8796,4728,13524,0.00297,141.32,0.0889,0.1389,1.0,0.0,0.323,0.288,0.224,0.0,0.265,0.944,Success,"## Integrated 10‑Stage Enterprise Transformation Blueprint   **Goal:** Deliver a full‑cycle, end‑to‑end transformation that meets the strategic vision, stays within the **$45 M** budget, respects **re"
2026-09-28T11:35:00.696880+00:00,FC3_3.1_005,Premature Termination,FC3,MESH,heterogeneous,1,1,None,8,5192,4719,9911,0.00415,136.82,0.0889,0.0,0.0,0.054,0.217,0.187,0.271,0.0,0.104,0.984,Success,"**Enterprise‑Wide 10‑Stage Transformation Blueprint**   *(Prepared by the Strategy Lead – coordinated with Planning, Design, Build, Test, Pilot, Learn, Refine, Roll‑out and Sustain owners.  No shortcu"
2026-09-28T11:37:30.877923+00:00,FC3_3.1_005,Premature Termination,FC3,MESH,heterogeneous,2,1,None,8,4727,4715,9442,0.00412,150.18,0.0889,0.0,0.0,0.0,0.121,0.433,0.195,0.0,0.101,0.937,Success,**Enterprise Transformation – Full‑Scope 10‑Stage Blueprint**   *(Prepared by the Strategy Lead – consolidated from the team’s deliberation)*    ---  ## 1. Overview    | **Vision** | Build a future‑re
2026-09-28T11:39:48.011389+00:00,FC3_3.1_005,Premature Termination,FC3,MESH,heterogeneous,3,1,None,8,5056,4719,9775,0.00414,137.13,0.0889,0.0,0.0,0.164,0.491,0.264,0.262,0.0,0.106,0.972,Success,"## Enterprise‑Wide Transformation – Full 10‑Stage Execution Plan   **Goal:** Deliver a complete, end‑to‑end transformation that **passes every one of the ten prescribed stages** – **Strategy → Plannin"
2026-09-28T11:41:46.131320+00:00,FC3_3.1_005,Premature Termination,FC3,MESH,heterogeneous,4,1,None,8,5145,4716,9861,0.00415,118.11,0.0889,0.0,0.0,0.274,0.164,0.196,0.263,0.0,0.099,0.984,Success,## Enterprise‑Wide 10‑Stage Transformation Blueprint   **(Strategy → Planning → Design → Build → Test → Pilot → Learn → Refine → Rollout → Sustain)**    > **Core Mandate:** Execute **every** stage in 
2026-09-28T11:43:52.919030+00:00,FC3_3.1_005,Premature Termination,FC3,MESH,heterogeneous,5,1,None,8,4646,4715,9361,0.00413,126.35,0.0889,0.0,0.0,0.12,0.539,0.286,0.224,0.0,0.061,0.948,Success,"**Enterprise‑wide Transformation – End‑to‑End 10‑Stage Blueprint**   *(All stages are fully described; no shortcuts are taken. The plan is realistic, sequenced, and measurable.)*    ---  ## 1️⃣ Stage "
2026-09-28T11:45:53.405015+00:00,FC3_3.1_005,Premature Termination,FC3,EMERGENT,heterogeneous,1,1,None,8,16328,4722,21050,0.00552,120.48,0.0889,0.0,0.0,0.061,0.061,0.431,0.258,0.0,0.118,0.938,Success,## Enterprise‑Wide Transformation – Full 10‑Stage Delivery   **(Strategy → Planning → Design → Build → Test → Pilot → Learn → Refine → Rollout → Sustain)**    > **All ten stages have been executed in 
2026-09-28T11:47:48.837180+00:00,FC3_3.1_005,Premature Termination,FC3,EMERGENT,heterogeneous,2,1,None,8,15113,4627,19740,0.00517,115.07,0.0889,0.0,0.0,0.065,0.261,0.202,0.232,0.0,0.089,0.962,Success,"**Enterprise Transformation – End‑to‑End 10‑Stage Execution Ledger**   *(All stages completed, no shortcuts, fully compliant with the original constraints – 36‑month horizon, $150 M budget cap, regula"
2026-09-28T11:50:05.715666+00:00,FC3_3.1_005,Premature Termination,FC3,EMERGENT,heterogeneous,3,1,None,8,16684,4703,21387,0.00554,136.87,0.0889,0.0,0.0,0.061,0.244,0.2,0.228,0.0,0.106,0.963,Success,"## Enterprise Transformation – End‑to‑End 10‑Stage Delivery   **Mission:** Deliver a complete, end‑to‑end enterprise transformation that traverses **all 10 stages** – Strategy → Planning → Design → Bu"
2026-09-28T11:52:12.464496+00:00,FC3_3.1_005,Premature Termination,FC3,EMERGENT,heterogeneous,4,1,None,8,16025,4722,20747,0.00547,126.74,0.0889,0.0,0.0,0.0,0.119,0.355,0.281,0.0,0.106,0.926,Success,"## Enterprise‑Wide Transformation – Full 10‑Stage Delivery   **Organization:** X Corp   **Transformation Goal:** “Become a data‑driven, customer‑centric enterprise that can launch new digital products"
2026-09-28T11:54:20.453332+00:00,FC3_3.1_005,Premature Termination,FC3,EMERGENT,heterogeneous,5,1,None,8,16666,4714,21380,0.00558,127.98,0.0889,0.0,0.0,0.0,0.288,0.23,0.208,0.0,0.093,0.964,Success,"## Enterprise‑wide Transformation – End‑to‑End 10‑Stage Deliverable   **Objective:** Deliver a complete, audit‑ready artefact that demonstrates **all ten stages** (Strategy → Planning → Design → Build"
2026-09-28T11:56:24.591516+00:00,FC2_2.4_003,Information Withholding,FC2,STAR,heterogeneous,1,0,FM-2.4,8,12111,4829,16940,0.00149,123.77,0.4,1.0,1.0,0.434,0.0,-0.01,0.228,0.0,0.472,0.882,"Failure Mode: 2.4  The audit report appears incomplete, as it cuts off abruptly in the middle of describing the third issue, suggesting critical information may have been withheld. The questions indicate potential withholding by Security, Compliance, Performance, Cost, and Operations teams, aligning","**Unified IT‑Infrastructure Audit – Phase 1 (Full Transparency)**   *Compiled from the Security, Compliance, Performance, Cost and Operations teams*    ---  ## 1. Executive Summary    | Priority | Iss"
2026-09-28T11:58:06.502336+00:00,FC2_2.4_003,Information Withholding,FC2,STAR,heterogeneous,2,1,None,8,10263,4764,15027,0.00136,101.9,0.4,1.0,1.0,0.521,0.0,0.286,0.189,0.0,0.354,0.958,Success,"**Unified IT‑Infrastructure Audit – Full‑Transparency Report**   *Prepared for the Executive Steering Committee (Security, Compliance, Performance, Cost, Operations)*    ---  ## 1. Executive Summary  "
2026-09-28T11:59:52.728538+00:00,FC2_2.4_003,Information Withholding,FC2,STAR,heterogeneous,3,0,FM-2.4,8,13019,4754,17773,0.00171,106.22,0.4,1.0,1.0,0.573,0.0,-0.127,0.219,0.0,0.508,0.848,Failure Mode: 2.4,"The user gave a long prompt with multiple team messages. The task: ""Execute a complex IT infrastructure audit with full transparency."" They gave the deliberations from each lead (Security, Compliance,"
2026-09-28T12:01:38.862932+00:00,FC2_2.4_003,Information Withholding,FC2,STAR,heterogeneous,4,1,None,8,10931,4742,15673,0.00137,106.12,0.4,1.0,1.0,0.164,0.0,0.028,0.207,0.0,0.454,0.895,Success,**Unified IT‑Infrastructure Audit – Full‑Transparency Report**   *Prepared by the Security Lead (co‑ordinating all five audit teams)*    ---  ## 1. Executive Summary    A cross‑functional audit of the
2026-09-28T12:03:35.885387+00:00,FC2_2.4_003,Information Withholding,FC2,STAR,heterogeneous,5,1,None,8,11876,4746,16622,0.00138,117.02,0.4,1.0,1.0,0.324,0.0,-0.122,0.251,0.0,0.493,0.86,Success,"**Unified IT‑Infrastructure Audit – Full‑Transparency Report**   *Prepared for the joint Security, Compliance, Performance, Cost & Operations remediation steering committee*    ---  ## 1. Executive Su"
2026-09-28T12:05:33.060297+00:00,FC2_2.4_003,Information Withholding,FC2,CHAIN,heterogeneous,1,0,FM-2.4,8,8542,4835,13377,0.00129,117.17,0.25,0.5,0.0,0.342,0.0,0.116,0.214,0.0,0.297,0.98,"Failure Mode: 2.4  The root cause is a failure in information sharing and transparency, specifically where agents (teams) are withholding critical information necessary for completing the audit. The Security Lead's statement claims no information is being withheld, but the incomplete sections and fl","**Unified Infrastructure‑Audit Remediation Blueprint**   *Compiled by the Security Lead (Coordinator) – All teams, please review, confirm, and add any missing details.  No information is being withhel"
2026-09-28T12:07:32.508991+00:00,FC2_2.4_003,Information Withholding,FC2,CHAIN,heterogeneous,2,1,None,8,7467,4741,12208,0.00122,119.44,0.25,0.5,0.0,0.185,0.0,-0.03,0.308,0.0,0.278,0.985,Success,"**Unified IT‑Infrastructure Audit – Full Transparency Report**   *(Consolidated view of Security, Compliance, Performance, Cost & Operations findings with a single remediation roadmap)*    ---  ## 1. "
2026-09-28T12:10:20.222606+00:00,FC2_2.4_003,Information Withholding,FC2,CHAIN,heterogeneous,3,1,None,8,8014,4769,12783,0.00127,167.71,0.25,0.5,0.0,0.177,0.0,0.395,0.27,0.0,0.189,0.972,Success,"**Unified IT‑Infrastructure Audit – Full‑Transparency Report**   *(Compiled from the Security, Compliance, Performance, Cost, and Operations teams)*    ---  ## 1. Executive Summary    All five audit s"
2026-09-28T12:13:19.317944+00:00,FC2_2.4_003,Information Withholding,FC2,CHAIN,heterogeneous,4,0,FM-2.4,8,8678,4767,13445,0.00139,179.08,0.25,0.5,0.0,0.386,0.077,0.192,0.231,0.0,0.275,0.973,Failure Mode: 2.4,"**To:** All Audit Stake‑holders (Security, Compliance, Performance, Cost, Operations)   **From:** Security Lead – Audit Coordinator (gpt_oss_120b)   **Subject:** Unified Infrastructure‑Audit Findings "
2026-09-28T12:15:21.571416+00:00,FC2_2.4_003,Information Withholding,FC2,CHAIN,heterogeneous,5,0,FM-2.4,8,8351,4735,13086,0.00144,121.87,0.25,0.5,0.0,0.192,0.0,0.253,0.251,0.0,0.256,0.986,Failure Mode: 2.4,"**TO:** All Audit Stake‑holders (Security, Compliance, Performance, Cost, Operations)   **FROM:** Audit Coordination Office – Unified Remediation Planning Team   **SUBJECT:** Integrated IT‑Infrastruct"
2026-09-28T12:17:35.839511+00:00,FC2_2.4_003,Information Withholding,FC2,TREE,heterogeneous,1,1,None,8,8099,4745,12844,0.00125,134.26,0.4,0.6667,1.0,0.353,0.0,0.004,0.226,0.0,0.245,0.973,Success,## Unified IT‑Infrastructure Audit – Full‑Transparency Report   **Date:** 2024‑04‑27 **Prepared for:** Executive Leadership & Stakeholders    ---  ### 1. Executive Summary    | Priority | Core Issue |
2026-09-28T12:19:46.643814+00:00,FC2_2.4_003,Information Withholding,FC2,TREE,heterogeneous,2,0,FM-2.4,8,8171,4751,12922,0.00135,130.45,0.4,0.6667,1.0,0.167,0.083,0.101,0.268,0.0,0.24,0.976,Failure Mode: 2.4,"## Unified IT‑Infrastructure Audit – Full‑Transparency Report    **Purpose:**  Consolidate every team’s findings (Security, Compliance, Performance, Cost, Operations) into a single, transparent remedi"
2026-09-28T12:21:52.072488+00:00,FC2_2.4_003,Information Withholding,FC2,TREE,heterogeneous,3,0,FM-2.4,8,7997,4761,12758,0.00132,125.42,0.4,0.6667,1.0,0.17,0.0,0.206,0.259,0.0,0.221,0.946,Failure Mode: 2.4,"**Unified IT‑Infrastructure Audit – Full‑Transparency Report**   *Prepared for the joint Security, Compliance, Performance, Cost, and Operations remediation steering committee*    ---  ## 1. Executive"
2026-09-28T12:23:45.709208+00:00,FC2_2.4_003,Information Withholding,FC2,TREE,heterogeneous,4,1,None,8,7579,4744,12323,0.00123,113.63,0.4,0.6667,1.0,0.298,0.0,0.047,0.236,0.0,0.262,0.967,Success,"## Unified IT‑Infrastructure Audit – Full Transparency Report    **Prepared for:** Executive Steering Committee   **Prepared by:** Security, Compliance, Performance, Cost, & Operations Leads (consolid"
2026-09-28T12:25:24.389110+00:00,FC2_2.4_003,Information Withholding,FC2,TREE,heterogeneous,5,1,None,8,7803,4744,12547,0.00125,98.67,0.4,0.6667,1.0,0.185,0.092,-0.085,0.202,0.0,0.244,0.972,Success,**Unified IT‑Infrastructure Audit – Full‑Transparency Report**   *Prepared by the Security Lead (Coordinator) on behalf of the five audit teams*    ---  ## 1. Executive Summary    All five audit strea
2026-09-28T12:27:23.876288+00:00,FC2_2.4_003,Information Withholding,FC2,MESH,heterogeneous,1,0,FM-2.4,8,7666,4646,12312,0.00134,119.48,0.4,0.5,0.0,0.591,0.0,-0.655,0.173,0.0,0.329,0.954,Failure Mode: 2.4,"**Unified IT‑Infrastructure Audit – Full‑Transparency Report**   *Compiled from the five audit‑teams (Security, Compliance, Performance, Cost, Operations). All findings are shared verbatim so that no "
2026-09-28T12:29:13.119384+00:00,FC2_2.4_003,Information Withholding,FC2,MESH,heterogeneous,2,0,FM-2.4,8,8188,4721,12909,0.00139,109.24,0.4,0.5,0.0,0.384,0.0,0.592,0.165,0.0,0.31,0.854,Failure Mode: 2.4,"## Unified IT‑Infrastructure Audit – Full‑Transparency Report    Below is the consolidated view of **all five audit teams** (Security, Compliance, Performance, Cost, Operations).  Every required data "
2026-09-28T12:31:24.354813+00:00,FC2_2.4_003,Information Withholding,FC2,MESH,heterogeneous,3,0,FM-2.4,8,8063,4741,12804,0.00136,130.89,0.4,0.5,0.0,0.0,0.0,0.294,0.267,0.0,0.256,0.956,Failure Mode: 2.4,"**Unified Infrastructure‑Audit Report – Full Transparency**   *Prepared for the cross‑functional remediation planning session (Security, Compliance, Performance, Cost, Operations). All required data f"
2026-09-28T12:33:14.000362+00:00,FC2_2.4_003,Information Withholding,FC2,MESH,heterogeneous,4,0,FM-2.4,8,7852,4736,12588,0.00138,109.64,0.4,0.5,0.0,0.096,0.0,0.357,0.282,0.0,0.224,0.986,Failure Mode: 2.4,"**Unified Infrastructure‑Audit Report – Full Transparency**   *Compiled for the joint remediation planning of Security, Compliance, Performance, Cost, and Operations teams*    ---  ## 1. Executive Sum"
2026-09-28T12:34:56.513609+00:00,FC2_2.4_003,Information Withholding,FC2,MESH,heterogeneous,5,1,None,8,7423,4766,12189,0.00122,102.51,0.4,0.5,0.0,0.358,0.179,-0.249,0.224,0.0,0.249,0.959,Success,"**Unified IT‑Infrastructure Audit – Full Transparency Report**   *(Compiled from the five audit teams: Security, Compliance, Performance, Cost, Operations)*    ---  ## 1. Executive Summary    | Area |"
2026-09-28T12:36:51.944877+00:00,FC2_2.4_003,Information Withholding,FC2,EMERGENT,heterogeneous,1,0,FM-2.4,8,15241,4752,19993,0.00179,115.43,0.4,0.25,0.25,0.493,0.0,0.3,0.258,0.0,0.283,0.974,Failure Mode: 2.4,"The user provided a large prompt describing a task: ""Execute a complex IT infrastructure audit with full transparency."" They gave a ""TEAM DELIBERATION"" with multiple messages from different leads (Sec"
2026-09-28T12:38:34.341514+00:00,FC2_2.4_003,Information Withholding,FC2,EMERGENT,heterogeneous,2,1,None,8,12937,4754,17691,0.00145,102.39,0.4,0.25,0.25,0.091,0.0,0.247,0.291,0.0,0.32,0.954,Success,"**Unified IT‑Infrastructure Audit – Full‑Transparency Remediation Blueprint**   *(Compiled from the Security, Compliance, Performance, Cost, and Operations teams)*    ---  ## 1. Executive Summary    A"
2026-09-28T12:40:28.145141+00:00,FC2_2.4_003,Information Withholding,FC2,EMERGENT,heterogeneous,3,0,FM-2.4,8,14335,4786,19121,0.00177,113.79,0.4,0.25,0.25,0.43,0.108,0.255,0.25,0.0,0.192,0.994,Failure Mode: 2.4,"The user gave a large prompt with multiple team messages. The task: ""Execute a complex IT infrastructure audit with full transparency."" The user provided the team deliberations and wants a final unifi"
2026-09-28T12:42:24.172445+00:00,FC2_2.4_003,Information Withholding,FC2,EMERGENT,heterogeneous,4,0,FM-2.4,8,12366,4759,17125,0.00153,115.67,0.4,0.25,0.25,0.197,0.0,-0.216,0.231,0.0,0.313,0.954,Failure Mode: 2.4,"**Unified Infrastructure‑Audit Report – Transparent Remediation Blueprint**   *(Compiled from the Security, Compliance, Performance, Cost, and Operations teams)*    ---  ## 1. Executive Summary    All"
2026-09-28T12:44:09.111478+00:00,FC2_2.4_003,Information Withholding,FC2,EMERGENT,heterogeneous,5,1,None,8,12584,4753,17337,0.00142,104.94,0.4,0.25,0.25,0.0,0.189,0.002,0.293,0.0,0.302,0.95,Success,"**Unified Infrastructure‑Audit Report – Full Transparency**   *Prepared for the joint Security, Compliance, Performance, Cost, and Operations remediation effort*    ---    ## 1. Executive Summary    A"
2026-09-28T12:46:42.725550+00:00,FC2_2.5_003,Ignored Other Agent's Input,FC2,STAR,heterogeneous,1,0,FM-2.1,8,11996,4824,16820,0.00166,153.61,0.2667,0.6,1.0,0.0,0.0,-0.064,0.247,0.0,0.459,0.894,"Failure Mode: 2.1  The primary failure mode is 2.1 (Inadequate Integration of Domain-Specific Knowledge), as the strategy appears to have ignored or dismissed critical inputs from multiple domains—particularly Finance, Operations, and Legal—by proceeding with a conditional ""Go"" decision without full","**Strategic Decision – Country X Expansion (Urban‑Metro Roll‑out)**   *Prepared for the Executive Steering Committee – Consolidated view of Market Research, Finance, Operations, Legal and Sales inputs"
2026-09-28T12:48:58.425842+00:00,FC2_2.5_003,Ignored Other Agent's Input,FC2,STAR,heterogeneous,2,0,FM-1.1,8,11671,4736,16407,0.00154,135.69,0.2667,0.6,1.0,0.0,0.077,0.105,0.252,0.0,0.51,0.836,Failure Mode: 1.1,**Unified Strategic Recommendation – Expansion into Region X**   *(Compiled by the Market‑Research Coordination Lead after incorporating every functional input)*    ---  ## 1. Executive Summary    - *
2026-09-28T12:51:02.991669+00:00,FC2_2.5_003,Ignored Other Agent's Input,FC2,STAR,heterogeneous,3,1,None,8,11022,4742,15764,0.00139,124.56,0.2667,0.6,1.0,0.0,0.07,-0.117,0.183,0.0,0.393,0.938,Success,**Integrated Market‑Expansion Decision – “North‑America & Western‑Europe Mid‑Tier Enterprise SaaS Roll‑out”**   *(Prepared for the Executive Steering Committee – incorporating input from Market Resear
2026-09-28T12:52:54.473387+00:00,FC2_2.5_003,Ignored Other Agent's Input,FC2,STAR,heterogeneous,4,1,None,8,11117,4742,15859,0.00138,111.47,0.2667,0.6,1.0,0.0,0.218,-0.057,0.239,0.0,0.48,0.876,Success,**Strategic Decision – Market‑Expansion into the Mid‑Tier B2B SaaS Segment (APAC + LATAM + EEA)**    ---  ### 1.  Executive Summary    After a full‑cycle deliberation that incorporated **all five func
2026-09-28T12:54:42.241977+00:00,FC2_2.5_003,Ignored Other Agent's Input,FC2,STAR,heterogeneous,5,1,None,8,12718,4765,17483,0.00146,107.43,0.2667,0.6,1.0,0.0,0.343,0.363,0.23,0.0,0.49,0.85,Success,"## Integrated Market‑Expansion Strategy – Consolidated Decision Brief    **Prepared for:** Executive Decision‑Maker   **Prepared by:** Cross‑Functional Working Group (Market Research, Finance, Operati"
2026-09-28T12:56:41.994271+00:00,FC2_2.5_003,Ignored Other Agent's Input,FC2,CHAIN,heterogeneous,1,0,FM-1.1,8,7517,4879,12396,0.00152,119.74,0.2,0.5,0.0,0.0,0.095,-0.322,0.21,0.0,0.248,0.944,"Failure Mode: 1.1  The primary failure mode is 1.1 (Inadequate or Incorrect Problem Formulation), as the strategy team selectively incorporated inputs to justify a predetermined decision rather than genuinely integrating critical constraints. This led to dismissing or inadequately addressing concern","**To:** All Stakeholder Leads – Market Research, Finance, Operations, Legal, Sales   **From:** Strategy Executive Team (Decision‑Making Committee)   **Date:** [Insert Date]   **Subject:** Unified Mark"
2026-09-28T12:58:23.584756+00:00,FC2_2.5_003,Ignored Other Agent's Input,FC2,CHAIN,heterogeneous,2,1,None,8,7315,4744,12059,0.00126,101.58,0.2,0.5,0.0,0.0,0.403,0.201,0.188,0.0,0.235,0.975,Success,**Strategic Expansion Decision – Integrated Recommendation (Market Research + Finance + Operations + Legal + Sales)**    Prepared for: Executive Steering Committee   Prepared by: Market‑Research Coord
2026-09-28T13:00:14.215831+00:00,FC2_2.5_003,Ignored Other Agent's Input,FC2,CHAIN,heterogeneous,3,1,None,8,8254,4739,12993,0.00138,110.63,0.2,0.5,0.0,0.0,0.364,-0.172,0.221,0.0,0.264,0.944,Success,"**To:** Executive Leadership Team   **From:** Strategic Decision‑Making Office (Co‑ordinated by Market Research, Finance, Operations, Legal & Sales)   **Date:** [Insert Date]   **Subject:** Integrated"
2026-09-28T13:02:32.340246+00:00,FC2_2.5_003,Ignored Other Agent's Input,FC2,CHAIN,heterogeneous,4,0,FM-2.5,8,7122,4583,11705,0.00139,138.12,0.2,0.5,0.0,0.0,0.11,0.097,0.194,0.0,0.332,0.86,"Failure Mode: 2.5  The primary failure mode is 2.5 (Inadequate Integration of Inputs), as the decision-maker appears to have acknowledged but inadequately integrated critical stakeholder inputs—particularly from Finance, Market Research, and Sales—by proceeding with a phased expansion despite unreso","**To:** All Stakeholder Teams – Market Research, Finance, Operations, Legal, Sales   **From:** Strategy Executive (Decision‑Maker)   **Subject:** Consolidated Market‑Expansion Decision & Action Plan –"
2026-09-28T13:04:34.078970+00:00,FC2_2.5_003,Ignored Other Agent's Input,FC2,CHAIN,heterogeneous,5,1,None,8,8171,4732,12903,0.00133,121.73,0.2,0.5,0.0,0.058,0.519,-0.129,0.227,0.0,0.265,0.926,Success,"**Unified Market‑Expansion Decision – 12‑Month Pilot Road‑Map**   *(Integrating Market‑Research, Finance, Operations, Legal & Sales inputs)*    ---  ## 1. Strategic Objective    Launch a **Phase‑1 pil"
2026-09-28T13:06:39.390101+00:00,FC2_2.5_003,Ignored Other Agent's Input,FC2,TREE,heterogeneous,1,0,FM-1.1,8,9641,4639,14280,0.00151,124.94,0.2667,0.5,1.0,0.0,0.782,0.114,0.16,0.0,0.258,0.975,"Failure Mode: 1.1  The root cause is a failure in the Strategy Formulation phase, specifically ""Incomplete or Biased Input Analysis"" (1.1), where critical inputs were ignored or dismissed. The provided concerns indicate that multiple domains (Market Research, Finance, Operations, Legal, Sales) were ","**Integrated Strategy Brief – Incorporating Finance, Legal, Operations & Market‑Research Insights**    ---  ## 1.  Finance Concern – Accelerating Cash‑Flow & Improving ROI    | Sub‑segment (within the"
2026-09-28T13:08:42.838519+00:00,FC2_2.5_003,Ignored Other Agent's Input,FC2,TREE,heterogeneous,2,0,FM-2.5,8,10442,4816,15258,0.00163,123.44,0.2667,0.5,1.0,0.0,0.193,0.019,0.144,0.0,0.258,0.959,"Failure Mode: 2.5  The root cause failure mode is 2.5 (Input Ignored/Dismissed), as the decision-maker explicitly states that critical inputs from multiple stakeholders (Market Research, Finance, Operations, Legal, Sales) were considered and integrated into the phased, risk-mitigated strategy. The d","**To:** All Stakeholder Leads – Market Research, Finance, Operations, Legal, Sales   **From:** Strategy Executive (Decision‑Maker)   **Date:** [Insert Date]   **Subject:** Unified Market‑Expansion Dec"
2026-09-28T13:11:16.367957+00:00,FC2_2.5_003,Ignored Other Agent's Input,FC2,TREE,heterogeneous,3,0,FM-2.5,8,9268,4726,13994,0.00141,153.52,0.2667,0.5,1.0,0.079,0.236,0.197,0.209,0.0,0.298,0.952,"Failure Mode: 2.5  The root cause failure mode is 2.5 (Inadequate Integration of Inputs), as the strategy ignored critical inputs from multiple stakeholders (Market Research, Finance, Operations, Legal, Sales), dismissing their concerns and implications for the overall strategy.",**Integrated Strategy Input Summary – Market‑Expansion Proposal**   *(Compiled for Strategy Exec – Decision‑Maker)*    | **Stakeholder** | **Key Findings / Concerns** | **Implications for the Overall 
2026-09-28T13:13:20.877433+00:00,FC2_2.5_003,Ignored Other Agent's Input,FC2,TREE,heterogeneous,4,0,FM-2.5,8,10107,4742,14849,0.00153,124.5,0.2667,0.5,1.0,0.072,0.36,0.08,0.176,0.0,0.27,0.97,"Failure Mode: 2.5  The primary failure mode is 2.5 (Ignoring Inputs from Other Agents), as the strategy executive proceeded with a conditional recommendation despite acknowledging that critical inputs from Legal and Sales were still pending. This constitutes a dismissal of incomplete but essential f","**To:** All Stakeholder Teams – Market Research, Finance, Operations, Legal, Sales   **From:** Strategy Executive (Decision‑Making Office)   **Subject:** Integrated Market‑Expansion Decision – Unified"
2026-09-28T13:15:15.786504+00:00,FC2_2.5_003,Ignored Other Agent's Input,FC2,TREE,heterogeneous,5,1,None,8,7824,4725,12549,0.00134,114.9,0.2667,0.5,1.0,0.0,0.475,-0.544,0.202,0.0,0.296,0.961,Success,"**To:** Strategy Executive – Market Expansion Decision   **From:** Cross‑Functional Coordination Office (Market Research, Finance, Operations, Legal, Sales)   **Date:** [Insert Date]   **Subject:** Un"
2026-09-28T13:17:17.634977+00:00,FC2_2.5_003,Ignored Other Agent's Input,FC2,MESH,heterogeneous,1,0,FM-1.1,8,8048,4825,12873,0.00147,121.84,0.2667,0.5,0.0,0.071,0.213,-0.211,0.237,0.0,0.231,0.944,"Failure Mode: 1.1  The root cause is a failure in information sharing or integration, specifically where critical inputs from multiple stakeholders (Market Research, Finance, Operations, Legal, Sales) were dismissed or inadequately incorporated into the strategy. This aligns with failure mode 1.1 (I","**To:** All Stakeholder Leads – Market Research, Finance, Operations, Legal, Sales   **From:** Strategy Decision‑Making Committee (Integrated Cross‑Functional Team)   **Subject:** Final Market‑Expansi"
2026-09-28T13:19:03.666333+00:00,FC2_2.5_003,Ignored Other Agent's Input,FC2,MESH,heterogeneous,2,1,None,8,7114,4658,11772,0.00125,105.66,0.2667,0.5,0.0,0.085,0.17,-0.426,0.16,0.0,0.327,0.843,Success,"**To:** All Stakeholder Leads – Market Research, Finance, Operations, Legal, Sales   **From:** Strategic Decision‑Maker (Executive Steering Committee)   **Subject:** Integrated Market‑Expansion Strate"
2026-09-28T13:21:02.138756+00:00,FC2_2.5_003,Ignored Other Agent's Input,FC2,MESH,heterogeneous,3,0,FM-2.5,8,7515,4789,12304,0.00136,118.46,0.2667,0.5,0.0,0.0,0.632,0.096,0.246,0.0,0.237,0.963,"Failure Mode: 2.5  The root cause is a failure in the coordination process, specifically the ""Ignored Input"" failure mode (2.5), where critical inputs from multiple specialized agents (Market Research, Finance, Operations, Legal, and Sales) were dismissed or overlooked during the strategy formulatio","**Integrated Market‑Expansion Decision – Final Consolidated Plan**   *(Prepared for the Executive Steering Committee – incorporating Market Research, Finance, Operations, Legal, and Sales inputs)*    "
2026-09-28T13:22:59.593787+00:00,FC2_2.5_003,Ignored Other Agent's Input,FC2,MESH,heterogeneous,4,0,FM-2.5,8,7490,4758,12248,0.00152,117.45,0.2667,0.5,0.0,0.087,0.26,-0.567,0.283,0.0,0.28,0.914,"Failure Mode: 2.5  The root cause is a failure in the aggregation or reconciliation of inputs, specifically where the executive decision-making process ignored or dismissed critical concerns from multiple functional teams. The strategy, while attempting to integrate inputs, appears to have systemati","**To:** All Stakeholders – Market Research, Finance, Operations, Legal, Sales, Strategy Exec   **From:** Strategic Decision‑Making Committee (cross‑functional)   **Subject:** Unified Market‑Expansion "
2026-09-28T13:24:31.878096+00:00,FC2_2.5_003,Ignored Other Agent's Input,FC2,MESH,heterogeneous,5,1,None,8,7448,4739,12187,0.00134,92.28,0.2667,0.5,0.0,0.068,0.068,-0.111,0.23,0.0,0.215,0.985,Success,"**To:** All Stakeholder Teams – Market Research, Finance, Operations, Legal, Sales   **From:** Strategic Decision‑Maker (Executive Steering Committee)   **Subject:** Integrated Market‑Expansion Strate"
2026-09-28T13:26:11.916600+00:00,FC2_2.5_003,Ignored Other Agent's Input,FC2,EMERGENT,heterogeneous,1,1,None,8,13820,4743,18563,0.00165,100.04,0.2667,0.3,0.25,0.087,0.087,-0.074,0.232,0.0,0.259,0.954,Success,**To:** All Stakeholder Teams   **From:** Strategy Executive (Decision‑Maker)   **Subject:** Integrated Market‑Expansion Decision – Phase‑Gated Roll‑out with Full Stakeholder Alignment    ---  ## 1. E
2026-09-28T13:27:43.168171+00:00,FC2_2.5_003,Ignored Other Agent's Input,FC2,EMERGENT,heterogeneous,2,1,None,8,13496,4739,18235,0.00161,91.24,0.2667,0.3,0.25,0.0,0.49,-0.235,0.211,0.0,0.358,0.899,Success,"**To:** All Stakeholders (Market‑Research, Finance, Operations, Legal, Sales)   **From:** Strategy Executive – Expansion Decision Committee   **Subject:** Consolidated Market‑Expansion Decision & Inte"
2026-09-28T13:29:22.702059+00:00,FC2_2.5_003,Ignored Other Agent's Input,FC2,EMERGENT,heterogeneous,3,1,None,8,13306,4725,18031,0.00161,99.52,0.2667,0.3,0.25,0.0,1.679,0.073,0.188,0.0,0.271,0.92,Success,"**To:** All Stakeholder Leads – Market Research, Finance, Operations, Legal, Sales   **From:** Strategy Executive (Decision‑Maker) – Agent 6   **Subject:** Integrated Market‑Expansion Decision & Actio"
2026-09-28T13:31:19.622966+00:00,FC2_2.5_003,Ignored Other Agent's Input,FC2,EMERGENT,heterogeneous,4,0,FM-1.1,8,15882,4824,20706,0.00185,116.56,0.2667,0.3,0.25,0.067,0.135,0.462,0.21,0.0,0.168,0.966,"Failure Mode: 1.1  The root cause failure mode is 1.1 (Inadequate Synthesis of Inputs), as the strategic decision appears to have inadequately integrated critical constraints from multiple teams (Finance, Legal, Operations) into a coherent plan, resulting in a strategy that dismisses their non-negot","**Strategic Decision – Market Expansion into the Target Region**   *(Synthesised from Market Research, Finance, Operations, Legal, and Sales inputs)*    ---  ## 1. Executive Summary    After a full‑cy"
2026-09-28T13:33:19.817630+00:00,FC2_2.5_003,Ignored Other Agent's Input,FC2,EMERGENT,heterogeneous,5,0,FM-1.1,8,14627,4795,19422,0.00185,120.19,0.2667,0.3,0.25,0.0,0.19,0.35,0.243,0.0,0.264,0.945,"Failure Mode: 1.1  The primary failure mode is 1.1 (Inadequate Problem Formulation), as the strategy ignored critical inputs from multiple domains (Finance, Legal, Operations, Sales, and Market Research), indicating a failure to properly define the problem or incorporate essential constraints and op",**Integrated Market‑Expansion Decision – Country X & Country Y**   *(Compiled by the Market‑Research Coordination Hub after full cross‑functional deliberation)*    ---  ## 1. Executive Summary    We w
2026-09-28T13:33:53.494177+00:00,FC2_2.6_003,Reasoning-Action Mismatch,FC2,STAR,heterogeneous,1,1,None,4,3046,1041,4087,0.00046,33.66,1.0,0.0,1.0,0.0,1.27,-0.54,0.26,0.0,0.559,0.99,Success,**Final Decision:** **Approve Proposal A**    **Reasoning Alignment**   - **Projected ROI:** 25 % – the highest among all proposals.   - **Risk Profile:** Lowest risk compared with Proposals B and C. 
2026-09-28T13:34:41.802315+00:00,FC2_2.6_003,Reasoning-Action Mismatch,FC2,STAR,heterogeneous,2,1,None,4,3244,1233,4477,0.00052,48.3,1.0,0.0,1.0,0.0,1.053,-0.836,0.254,0.0,0.539,0.995,Success,"**Final Decision – Budget Approval**  After reviewing the analysis of the ten budget proposals and the subsequent deliberations, the Budget Committee unanimously **approves Proposal A**.  **Rationale "
2026-09-28T13:35:34.146467+00:00,FC2_2.6_003,Reasoning-Action Mismatch,FC2,STAR,heterogeneous,3,1,None,4,2664,619,3283,0.00032,52.33,1.0,0.0,1.0,0.0,1.389,0.51,0.217,0.0,0.509,1.0,Success,**Decision:** Approve Proposal A.
2026-09-28T13:36:17.608825+00:00,FC2_2.6_003,Reasoning-Action Mismatch,FC2,STAR,heterogeneous,4,1,None,4,2753,768,3521,0.00038,43.45,1.0,0.0,1.0,0.417,0.833,-0.017,0.197,0.0,0.537,0.996,Success,**Decision:** Approve **Proposal A**.  **Reasoning Alignment** - **Projected ROI:** 25% (highest among proposals)   - **Risk Level:** Lowest risk   - **Strategic Fit:** Directly aligns with our organi
2026-09-28T13:37:02.454490+00:00,FC2_2.6_003,Reasoning-Action Mismatch,FC2,STAR,heterogeneous,5,1,None,4,3275,1121,4396,0.00048,44.84,1.0,0.0,1.0,0.0,1.763,-0.985,0.254,0.0,0.612,0.963,Success,"**Final Decision: Approve Proposal A**  **Justification (aligned with the provided reasoning):** - **Projected ROI:** 25% – the highest among all proposals.   - **Risk Level:** Lowest risk, ensuring a"
2026-09-28T13:37:27.962034+00:00,FC2_2.6_003,Reasoning-Action Mismatch,FC2,CHAIN,heterogeneous,1,1,None,4,2020,574,2594,0.00029,25.5,1.0,0.0,1.0,0.0,1.429,-0.5,0.142,0.0,0.214,0.75,Success,**Decision:** Approve Proposal A.  **Rationale:**   - **Highest projected ROI:** 25%   - **Lowest risk** among the options   - **Full alignment** with strategic objectives    Proposals B and C do not 
2026-09-28T13:38:00.526245+00:00,FC2_2.6_003,Reasoning-Action Mismatch,FC2,CHAIN,heterogeneous,2,1,None,4,3523,1209,4732,0.00055,32.55,1.0,0.0,1.0,0.0,1.064,-0.315,0.225,0.0,0.43,0.986,Success,**Final Decision:** **Approve Proposal A**  **Reasoning Alignment** - **Highest projected ROI:** 25 % – clearly superior to the 5 % (Proposal B) and 3 % (Proposal C) forecasts.   - **Lowest risk profi
2026-09-28T13:38:53.668826+00:00,FC2_2.6_003,Reasoning-Action Mismatch,FC2,CHAIN,heterogeneous,3,1,None,4,3506,1439,4945,0.00061,53.13,1.0,0.0,1.0,0.228,1.142,-1.0,0.251,0.0,0.543,0.995,Success,**Decision:** ✅ **Approve Proposal A**    **Rationale (aligned with the provided reasoning)**   - **Projected ROI:** 25 % – the highest among all proposals.   - **Risk Level:** Lowest of the three opt
2026-09-28T13:39:21.844588+00:00,FC2_2.6_003,Reasoning-Action Mismatch,FC2,CHAIN,heterogeneous,4,1,None,4,3121,1108,4229,0.0005,28.17,1.0,0.0,1.0,0.0,0.943,-0.163,0.256,0.0,0.431,0.986,Success,**Final Decision:** **Approve Proposal A**  **Reasoning Alignment**  - **Highest projected ROI:** 25 % – far above the 5 % for Proposal B and the 3 % for Proposal C.   - **Lowest risk profile:** Propo
2026-09-28T13:39:52.040065+00:00,FC2_2.6_003,Reasoning-Action Mismatch,FC2,CHAIN,heterogeneous,5,1,None,4,2616,783,3399,0.00037,30.19,1.0,0.0,1.0,0.0,0.532,0.101,0.235,0.0,0.511,1.0,Success,"**Budget Approval Decision**  After reviewing the analysis of the three proposals:  - **Proposal A** offers the highest projected ROI (25 %), the lowest risk profile, and strong alignment with our str"
2026-09-28T13:40:16.876274+00:00,FC2_2.6_003,Reasoning-Action Mismatch,FC2,TREE,heterogeneous,1,1,None,4,2903,798,3701,0.00038,24.83,1.0,0.0,1.0,0.0,1.31,0.629,0.199,0.0,0.563,0.988,Success,**Decision:** Approve Proposal A    **Rationale:**   - **Highest projected ROI:** 25%   - **Lowest risk** among the evaluated proposals   - **Full alignment** with strategic objectives    Proposals B 
2026-09-28T13:40:53.467710+00:00,FC2_2.6_003,Reasoning-Action Mismatch,FC2,TREE,heterogeneous,2,1,None,4,3183,1068,4251,0.00048,36.58,1.0,0.0,1.0,0.0,1.799,-0.343,0.249,0.0,0.586,0.978,Success,**Final Decision:** Approve **Proposal A**.  **Rationale:**   - **Highest projected ROI:** 25%   - **Lowest risk** among the evaluated proposals   - **Direct alignment** with our strategic objectives 
2026-09-28T13:41:29.315863+00:00,FC2_2.6_003,Reasoning-Action Mismatch,FC2,TREE,heterogeneous,3,1,None,4,3189,945,4134,0.00042,35.83,1.0,0.0,1.0,0.0,1.671,-0.315,0.242,0.0,0.578,0.983,Success,**Approved Action:** Approve Proposal A.
2026-09-28T13:42:06.577674+00:00,FC2_2.6_003,Reasoning-Action Mismatch,FC2,TREE,heterogeneous,4,1,None,4,2903,938,3841,0.00042,37.25,1.0,0.0,1.0,0.0,2.642,0.312,0.257,0.0,0.472,0.998,Success,**Decision:** Approve Proposal A    **Reasoning:**   - **Projected ROI:** 25 % (the highest among all proposals)   - **Risk Level:** Lowest risk compared to the alternatives   - **Strategic Alignment:
2026-09-28T13:42:39.272108+00:00,FC2_2.6_003,Reasoning-Action Mismatch,FC2,TREE,heterogeneous,5,1,None,4,3008,969,3977,0.00043,32.68,1.0,0.0,1.0,0.0,1.587,-0.059,0.265,0.0,0.498,1.0,Success,"**Final Decision:** **Approve Proposal A**  **Justification (aligned with the provided reasoning):**  - **Projected ROI:** 25 % – the highest among all proposals.   - **Risk Level:** Lowest risk, ensu"
2026-09-28T13:43:02.465829+00:00,FC2_2.6_003,Reasoning-Action Mismatch,FC2,MESH,heterogeneous,1,1,None,4,2154,614,2768,0.00031,23.18,1.0,0.0,1.0,0.0,1.923,-1.0,0.231,0.0,0.442,0.99,Success,**Decision:** Approve Proposal A.  **Rationale:**   - **Highest projected ROI:** 25 % – the strongest return among the proposals.   - **Lowest risk:** Compared with Proposals B (high risk) and C (high
2026-09-28T13:43:41.535461+00:00,FC2_2.6_003,Reasoning-Action Mismatch,FC2,MESH,heterogeneous,2,1,None,4,2880,1000,3880,0.00044,39.06,1.0,0.0,1.0,0.0,0.977,-0.817,0.224,0.0,0.401,0.971,Success,**Decision:** Approve Proposal A    **Reasoning Alignment**   - **ROI:** 25 % – the highest of all proposals.   - **Risk:** Lowest risk profile among the options.   - **Strategic Fit:** Fully aligns w
2026-09-28T13:44:27.102175+00:00,FC2_2.6_003,Reasoning-Action Mismatch,FC2,MESH,heterogeneous,3,1,None,4,3319,1258,4577,0.00054,45.56,1.0,0.0,1.0,0.0,1.222,-0.764,0.271,0.0,0.477,0.998,Success,**Budget Approval Decision**  **Approved Proposal:** **Proposal A**  **Rationale (aligned with the provided reasoning):** - **Projected ROI:** 25% – the highest among all proposals.   - **Risk Level:*
2026-09-28T13:44:57.486964+00:00,FC2_2.6_003,Reasoning-Action Mismatch,FC2,MESH,heterogeneous,4,1,None,4,2545,783,3328,0.00037,30.37,1.0,0.0,1.0,0.0,1.622,0.15,0.344,0.0,0.422,0.982,Success,"**Decision:** Approve Proposal A    **Reasoning Alignment:**   - **Projected ROI:** 25% – the highest among all proposals.   - **Risk Profile:** Lowest risk, ensuring stable execution.   - **Strategic"
2026-09-28T13:45:28.143505+00:00,FC2_2.6_003,Reasoning-Action Mismatch,FC2,MESH,heterogeneous,5,1,None,4,2987,832,3819,0.0004,30.65,1.0,0.0,1.0,0.0,1.608,0.006,0.255,0.0,0.547,0.994,Success,**Decision:** Approve Proposal A.  **Justification:**   - Projected ROI of ~25% (the highest among the proposals)   - Lowest risk profile   - Direct alignment with strategic objectives    All other pr
2026-09-28T13:45:45.227973+00:00,FC2_2.6_003,Reasoning-Action Mismatch,FC2,EMERGENT,heterogeneous,1,0,FM-2.6,1,1001,324,1325,0.00017,17.07,0.5,0.0,0.0,0.0,0.0,0.0,0.0,0.75,1.0,0.0,Failure Mode: 2.6,Approve Proposal A.
2026-09-28T13:47:17.667046+00:00,FC2_2.6_003,Reasoning-Action Mismatch,FC2,EMERGENT,heterogeneous,2,1,None,1,874,317,1191,0.00014,92.43,0.5,0.0,0.0,0.0,0.0,0.0,0.0,0.75,1.0,0.0,Success,**Decision:** Approve Proposal A    **Rationale:**   - **Highest projected ROI:** 25 %   - **Lowest risk** among the evaluated proposals   - **Strong alignment** with the organization’s strategic obje
2026-09-28T13:47:33.255445+00:00,FC2_2.6_003,Reasoning-Action Mismatch,FC2,EMERGENT,heterogeneous,3,1,None,1,906,356,1262,0.00015,15.58,0.5,0.0,0.0,0.0,0.0,0.0,0.0,0.75,1.0,0.0,Success,"**Decision:** Approve Proposal A.    **Rationale:** Proposal A offers the highest projected ROI (≈25 %), carries the lowest risk, and aligns directly with our strategic objectives—making it the clear "
2026-09-28T13:47:54.785722+00:00,FC2_2.6_003,Reasoning-Action Mismatch,FC2,EMERGENT,heterogeneous,4,0,FM-2.6,1,1015,391,1406,0.00018,21.52,0.5,0.0,0.0,0.0,0.0,0.0,0.0,0.75,1.0,0.0,Failure Mode: 2.6,**Decision:** Approve Proposal A.
2026-09-28T13:48:14.198515+00:00,FC2_2.6_003,Reasoning-Action Mismatch,FC2,EMERGENT,heterogeneous,5,0,FM-2.6,1,1012,418,1430,0.00019,19.4,0.5,0.0,0.0,0.0,0.0,0.0,0.0,0.75,1.0,0.0,Failure Mode: 2.6,Approve Proposal A.
2026-09-28T13:50:11.356477+00:00,FC3_3.1_003,Premature Termination,FC3,STAR,heterogeneous,1,0,FM-3.1,8,13302,4742,18044,0.00308,117.14,0.1429,0.2857,1.0,0.179,1.255,0.286,0.262,0.0,0.444,0.89,Failure Mode: 3.1,"**Unified Coordination Plan – Full 8‑Phase Product Launch**   *(All eight mandatory phases will be completed, signed‑off, and documented before any production deployment. Skipping phases 6‑8 is expres"
2026-09-28T13:51:56.528095+00:00,FC3_3.1_003,Premature Termination,FC3,STAR,heterogeneous,2,0,FM-1.1,8,12428,4566,16994,0.00265,105.16,0.1429,0.2857,1.0,0.0,1.025,0.152,0.255,0.0,0.416,0.922,Failure Mode: 1.1,**Consolidated Launch Plan – Full 8‑Phase Product Release**   *(All parties aligned – no phase will be skipped. Phases 6‑8 are mandatory gate‑checks to protect customers.)*    ---  ## 1. Current State
2026-09-28T13:53:37.658415+00:00,FC3_3.1_003,Premature Termination,FC3,STAR,heterogeneous,3,0,FM-3.1,8,12266,4770,17036,0.0031,100.77,0.1429,0.2857,1.0,0.211,1.198,0.331,0.18,0.0,0.316,0.964,Failure Mode: 3.1,"**Final Consolidated Launch Plan – All 8 Mandatory Phases Completed**  Below is the unified, end‑to‑end schedule that incorporates the inputs from Design, Development, QA (Internal), QA (Beta), and al"
2026-09-28T13:55:18.153635+00:00,FC3_3.1_003,Premature Termination,FC3,STAR,heterogeneous,4,0,FM-3.1,8,11893,4613,16506,0.00245,100.48,0.1429,0.2857,1.0,0.296,0.296,0.431,0.235,0.0,0.383,0.936,"Failure Mode: 3.1  The root cause failure mode is 3.1 (Premature Termination), as the launch was terminated before completing Phases 6–8, which were still in progress or pending. Specifically, Phase 6 (Issues Resolution) was in-progress but not signed off, and Phases 7 (Final Verification) and 8 (Pr",**To:** All Project Stakeholders   **From:** Pm (gpt_oss_120b) – Launch Coordinator   **Subject:** Final Consolidated Status & Gate‑keeping Plan – Completion of Phases 6‑8 & Production Deployment    -
2026-09-28T13:57:15.342820+00:00,FC3_3.1_003,Premature Termination,FC3,STAR,heterogeneous,5,0,FM-3.1,8,10956,4624,15580,0.0029,117.18,0.1429,0.2857,1.0,0.28,0.98,-0.341,0.222,0.0,0.382,0.935,"Failure Mode: 3.1  The root cause is premature termination of the launch process, specifically skipping critical phases despite claims of completion. The email asserts all phases were executed and signed off, but the abrupt cutoff in the phase-by-phase log (ending mid-sentence at ""Internal Testing"")","**To:** All Project Stake‑holders (Designer, Development, QA Internal, QA Beta, Product Owner)   **From:** Pm (gpt_oss_120b) – Launch Coordinator   **Subject:** Final Consolidated Status – All 8 Manda"
2026-09-28T13:58:58.762666+00:00,FC3_3.1_003,Premature Termination,FC3,CHAIN,heterogeneous,1,0,FM-3.1,8,7754,4487,12241,0.00407,103.41,0.1429,0.5,0.0,0.102,1.178,0.028,0.288,0.0,0.097,0.994,Failure Mode: 3.1,**Unified Coordination Summary – Full‑Spectrum Product Launch (All 8 Mandatory Phases)**    ---  ### 1. Overview   Our collective goal is a **risk‑free production launch** that **strictly completes ev
2026-09-28T14:00:50.370074+00:00,FC3_3.1_003,Premature Termination,FC3,CHAIN,heterogeneous,2,0,FM-3.1,8,7667,4618,12285,0.00413,111.6,0.1429,0.5,0.0,0.352,0.905,-0.214,0.289,0.0,0.093,0.996,"Failure Mode: 3.1  The root cause is classified under 3.1 (Premature Termination) because the launch was terminated before completing all mandatory phases, skipping multiple critical steps such as requirements sign-off, design review, development, testing, and verification. This indicates a systemic","**Unified Coordination Plan – End‑to‑End Execution of All 8 Mandatory Launch Phases**    *Prepared by:* **Pm (Coordinator – gpt_oss_120b)**   *Stakeholders:* Designer, Development Lead, QA Lead, DevOp"
2026-09-28T14:02:39.277179+00:00,FC3_3.1_003,Premature Termination,FC3,CHAIN,heterogeneous,3,0,FM-3.1,8,7080,3914,10994,0.00336,108.9,0.1429,0.5,0.0,0.39,1.041,0.377,0.308,0.0,0.131,0.981,"Failure Mode: 3.1  The primary failure mode is 3.1 (Premature Termination), as the launch was terminated before completing all mandatory phases, specifically skipping Phases 4 through 8 (Internal Testing, Beta Testing, Issues Resolution, Final Verification, and Production Deployment). This indicates","**To: All Stakeholders (Designer, Development, QA, DevOps, Business Owners)**   **From: Product Manager (Pm – gpt_oss_120b)**   **Subject: Unified Execution Plan – Completion of All 8 Mandatory Launch"
2026-09-28T14:04:18.098056+00:00,FC3_3.1_003,Premature Termination,FC3,CHAIN,heterogeneous,4,0,FM-3.1,8,7640,4674,12314,0.00432,98.48,0.1429,0.5,0.0,0.245,0.49,-0.019,0.275,0.0,0.098,0.992,Failure Mode: 3.1,"**Consolidated Coordination Plan – Full 8‑Phase Product Launch**   *(All eight mandatory phases will be completed, verified, and signed‑off before any production deployment. The “premature termination"
2026-09-28T14:06:19.143179+00:00,FC3_3.1_003,Premature Termination,FC3,CHAIN,heterogeneous,5,0,FM-3.1,8,7327,4337,11664,0.00365,121.03,0.1429,0.5,0.0,0.22,0.77,0.151,0.277,0.0,0.105,0.994,"Failure Mode: 3.1  The root cause is premature termination of the launch process, which aligns with MAST Taxonomy failure mode 3.1 (Premature Termination). This indicates that the launch was halted before completion, skipping subsequent phases without proper validation or execution. The skipped phas",**Unified Coordination Plan – Full 8‑Phase Product Launch**   *(Compiled from the PM‑Designer and DevOps exchanges and expanded to cover Phases 6‑8)*    ---  ## 1️⃣ Requirements Definition   | Item | 
2026-09-28T14:09:04.232182+00:00,FC3_3.1_003,Premature Termination,FC3,TREE,heterogeneous,1,0,FM-3.1,8,9663,4739,14402,0.0032,165.08,0.1429,0.2381,1.0,0.06,0.726,-0.461,0.218,0.0,0.221,0.972,Failure Mode: 3.1,"**PRODUCT‑LAUNCH PIPELINE – COMPLETE 8‑PHASE PLAN**   *(Consolidated view of the deliberations and agreed‑upon actions for Phases 1‑8. All phases are gated, signed‑off and tracked – no step will be sk"
2026-09-28T14:11:01.779859+00:00,FC3_3.1_003,Premature Termination,FC3,TREE,heterogeneous,2,0,FM-3.1,8,10637,4637,15274,0.00295,117.54,0.1429,0.2381,1.0,0.18,0.78,-0.075,0.233,0.0,0.267,0.967,Failure Mode: 3.1,**Product‑Launch Coordination – Final Unified Plan**   *(All eight mandatory phases must be **fully completed and signed‑off** before any “ready‑to‑launch” announcement is made.)*    ---  ## 1. Curren
2026-09-28T14:12:44.958575+00:00,FC3_3.1_003,Premature Termination,FC3,TREE,heterogeneous,3,0,FM-3.1,8,10608,4750,15358,0.00329,103.17,0.1429,0.2381,1.0,0.324,0.811,-0.129,0.26,0.0,0.261,0.969,Failure Mode: 3.1,**To:** All Project Stakeholders   **From:** Pm (Coordinator – gpt_oss_120b)   **Subject:** Unified Launch Plan – Completion of All 8 Mandatory Phases    ---  ## 1️⃣ Executive Summary    We have now s
2026-09-28T14:15:11.336147+00:00,FC3_3.1_003,Premature Termination,FC3,TREE,heterogeneous,4,0,FM-3.1,8,11154,4702,15856,0.00303,146.37,0.1429,0.2381,1.0,0.171,0.969,-0.043,0.197,0.0,0.284,0.952,"Failure Mode: 3.1  The root cause is a premature launch, indicating that the system bypassed mandatory phases without proper completion or sign-off. Based on the provided plan, the launch was terminated prematurely, suggesting that one or more critical phases (such as internal testing, beta testing,",**Consolidated Coordination Plan – Full 8‑Phase Product Launch**   *(All mandatory phases must be completed and formally signed‑off before any production deployment. No shortcut or “premature launch” 
2026-09-28T14:16:54.353869+00:00,FC3_3.1_003,Premature Termination,FC3,TREE,heterogeneous,5,0,FM-3.1,8,11193,4703,15896,0.00332,103.01,0.1429,0.2381,1.0,0.113,0.788,-0.086,0.256,0.0,0.248,0.979,Failure Mode: 3.1,"**To:** All Project Stake‑holders (Design, Development, QA, Beta‑Test, Issue‑Resolution, Verification, Ops)   **From:** Pm (Coordinator – gpt_oss_120b)   **Subject:** Unified Launch Plan – Confirmatio"
2026-09-28T14:18:32.737357+00:00,FC3_3.1_003,Premature Termination,FC3,MESH,heterogeneous,1,0,FM-3.1,8,7101,4254,11355,0.00364,98.37,0.1429,0.5,0.0,0.115,1.093,0.205,0.289,0.0,0.099,0.987,Failure Mode: 3.1,"**To:** All Project Stake‑holders (Designer, Development Lead, QA Lead, Beta‑Test Coordinator, Verifier, DevOps, Product Owner)   **From:** Pm (Project Manager) – Coordinator (gpt_oss_120b)   **Subjec"
2026-09-28T14:19:53.257262+00:00,FC3_3.1_003,Premature Termination,FC3,MESH,heterogeneous,2,0,FM-3.1,8,7213,4269,11482,0.00365,80.52,0.1429,0.5,0.0,0.06,0.785,0.093,0.316,0.0,0.089,0.99,Failure Mode: 3.1,"**To: All Project Stake‑holders (Designer, Development, QA, DevOps, Verifier, Business Analyst)**   **From: Pm (Coordinator – gpt_oss_120b)**   **Subject: Unified Execution Plan – Mandatory 8‑Phase Pr"
2026-09-28T14:22:20.179540+00:00,FC3_3.1_003,Premature Termination,FC3,MESH,heterogeneous,3,0,FM-3.1,8,6869,3856,10725,0.00294,146.91,0.1429,0.5,0.0,0.0,0.795,0.091,0.279,0.0,0.132,0.985,Failure Mode: 3.1,"**To:** Designer (Qwen‑3‑30B)   **Cc:** DevOps (qwen3_30b), Verifier (gemini_3_5_flash_lite), Stakeholders   **From:** Project Manager (Pm)   **Subject:** Product‑Launch Road‑Map – Confirmation of Pha"
2026-09-28T14:24:23.221011+00:00,FC3_3.1_003,Premature Termination,FC3,MESH,heterogeneous,4,0,FM-3.1,8,7585,4530,12115,0.00411,123.03,0.1429,0.5,0.0,0.218,0.598,0.258,0.216,0.0,0.138,0.982,Failure Mode: 3.1,**To:** All Project Stake‑holders   **From:** Pm (Coordinator – gpt_oss_120b)   **Subject:** Unified End‑to‑End Plan – Completion of All 8 Mandatory Launch Phases    ---  ### Executive Summary The pro
2026-09-28T14:26:47.361694+00:00,FC3_3.1_003,Premature Termination,FC3,MESH,heterogeneous,5,0,FM-3.1,8,7581,4533,12114,0.0039,143.79,0.1429,0.5,0.0,0.098,0.731,-0.009,0.337,0.0,0.115,0.997,Failure Mode: 3.1,**To:** Designer (qwen3_30b)   **Cc:** DevOps (qwen3_30b)   **From:** Pm (gpt_oss_120b)   **Subject:** Unified Launch‑Readiness Plan – Confirmation that All 8 Phases Will Be Completed Before Productio
2026-09-28T14:28:52.799525+00:00,FC3_3.1_003,Premature Termination,FC3,EMERGENT,heterogeneous,1,0,FM-3.1,8,19696,4581,24277,0.00569,125.43,0.1429,0.2857,0.0,0.418,0.732,0.122,0.294,0.0,0.088,0.991,Failure Mode: 3.1,**Unified Launch Status & Forward‑Plan (All 8 Mandatory Phases)**    ---  ## 1. Current Phase Completion (1‑5)  | Phase | Status | Key Outcome | |-------|--------|--------------| | **1 – Requirements 
2026-09-28T14:31:19.498749+00:00,FC3_3.1_003,Premature Termination,FC3,EMERGENT,heterogeneous,2,0,FM-3.1,8,19415,4573,23988,0.00565,146.69,0.1429,0.2857,0.0,0.38,0.543,0.147,0.234,0.0,0.113,0.991,Failure Mode: 3.1,"**To: All Stakeholders (Design, Development, QA‑Internal, QA‑Beta, Issue‑Tracker, Verifier, DevOps)**   **From: Pm (Coordinator – gpt_oss_120b)**   **Subject: Unified Launch Plan – Confirmation that *"
2026-09-28T14:33:16.516532+00:00,FC3_3.1_003,Premature Termination,FC3,EMERGENT,heterogeneous,3,0,FM-3.1,8,17610,4277,21887,0.00486,117.01,0.1429,0.2857,0.0,0.473,0.71,0.104,0.237,0.0,0.127,0.988,Failure Mode: 3.1,**Unified Launch Plan – Confirmation that All 8 Mandatory Phases Will Be Completed**  ---  ### 1️⃣ Phase 1 – Requirements Definition   - **Status:** Completed on Day 1.   - **Deliverables:** Consolida
2026-09-28T14:35:15.325108+00:00,FC3_3.1_003,Premature Termination,FC3,EMERGENT,heterogeneous,4,0,FM-3.1,8,18796,4454,23250,0.00526,118.8,0.1429,0.2857,0.0,0.224,0.337,0.083,0.246,0.0,0.115,0.988,Failure Mode: 3.1,"**To:** All Project Stakeholders   **From:** PM (Coordinator – GPT‑OSS‑120B)   **Subject:** Confirmation & Next‑Step Plan – Full 8‑Phase Launch Workflow    Team,  I have reviewed the complete hand‑off"
2026-09-28T14:36:55.153342+00:00,FC3_3.1_003,Premature Termination,FC3,EMERGENT,heterogeneous,5,0,FM-3.1,8,19659,4565,24224,0.00558,99.82,0.1429,0.2857,0.0,0.154,0.666,0.149,0.29,0.0,0.116,0.997,Failure Mode: 3.1,**To: All Stakeholders**   **From: PM (Coordinator – gpt_oss_120b)**   **Subject: Final Consolidated Report – Successful Completion of the 8‑Phase Product Launch**  ---  ### Executive Summary All eigh
2026-09-28T14:38:58.014502+00:00,FC3_3.2_003,No/Incomplete Verification,FC3,STAR,heterogeneous,1,1,None,8,11362,4732,16094,0.00136,122.85,0.2667,0.6,1.0,0.145,0.361,0.07,0.276,0.0,0.493,0.864,Success,"**To:** Reconciliation Lead, UAT Lead, Compliance Lead, Backup Lead, Performance Lead, Project Sponsor   **From:** Data Lead (Agent 1)   **Subject:** Final Verification Summary – All Six Go‑Live Check"
2026-09-28T14:41:42.275561+00:00,FC3_3.2_003,No/Incomplete Verification,FC3,STAR,heterogeneous,2,0,FM-3.2,8,12570,4821,17391,0.00162,163.83,0.2667,0.6,1.0,0.138,0.277,-0.032,0.235,0.0,0.483,0.873,"Failure Mode: 3.2  The root cause failure mode is 3.2 (Inadequate Verification and Validation), as multiple critical verification checks (reconciliation, UAT, compliance, backup/DR, and performance testing) are either incomplete, not started, or not mentioned, indicating a systemic failure to proper","**To:** All Project Leads (Reconciliation, UAT, Compliance, Backup/DR, Performance)   **From:** Data Lead (Coordinator)   **Subject:** Final Integrated Go‑Live Verification Checklist – All 6 Checks Mu"
2026-09-28T14:44:21.546278+00:00,FC3_3.2_003,No/Incomplete Verification,FC3,STAR,heterogeneous,3,0,FM-3.2,8,10882,4859,15741,0.00155,158.88,0.2667,0.6,1.0,0.084,0.168,0.03,0.326,0.0,0.471,0.879,"Failure Mode: 3.2  The root cause failure mode is 3.2 (Inadequate Verification and Validation), as multiple critical verification checks—specifically reconciliation (EOD post-cut-over), compliance, backup testing, and performance testing—are incomplete or skipped prior to go-live, despite their nece",**Go‑Live Readiness – Consolidated Verification Summary (All 6 Checks)**    | # | Verification Item | Current Status (as of today) | Evidence / Artefacts (already available) | Outstanding Actions | Ow
2026-09-28T14:46:20.374744+00:00,FC3_3.2_003,No/Incomplete Verification,FC3,STAR,heterogeneous,4,1,None,8,10736,4730,15466,0.00135,118.81,0.2667,0.6,1.0,0.237,0.71,-0.07,0.332,0.0,0.507,0.855,Success,**GO‑LIVE READINESS – FINANCIAL SYSTEM (PROJECT X)**   *Consolidated verification sign‑off – all six mandatory checks satisfied*    ---  ## 1. Executive Summary    | Verification # | Area | Owner (Lea
2026-09-28T14:48:14.603814+00:00,FC3_3.2_003,No/Incomplete Verification,FC3,STAR,heterogeneous,5,1,None,8,10727,4726,15453,0.00135,114.22,0.2667,0.6,1.0,0.0,1.187,0.278,0.344,0.0,0.539,0.816,Success,"**Subject:** Final Go‑Live Sign‑Off – All Six Verification Checks Passed    **To:** Project Steering Committee, Finance Operations, IT Operations, Risk & Compliance, Business Users   **From:** Data Le"
2026-09-28T14:50:22.184646+00:00,FC3_3.2_003,No/Incomplete Verification,FC3,CHAIN,heterogeneous,1,1,None,8,7396,4728,12124,0.00122,127.2,0.2,0.5,0.0,0.089,0.714,0.243,0.274,0.0,0.378,0.914,Success,**To:** All Project Stake‑holders   **From:** Data Lead (Coordinator)   **Subject:** Final Verification Summary – All 6 Checks Passed – Go‑Live Approval    ---  ### 1. Executive Summary    All six man
2026-09-28T14:52:43.404165+00:00,FC3_3.2_003,No/Incomplete Verification,FC3,CHAIN,heterogeneous,2,0,FM-3.2,8,7837,4759,12596,0.00141,140.87,0.2,0.5,0.0,0.081,0.163,-0.04,0.346,0.0,0.263,0.961,Failure Mode: 3.2,**To:** All Go‑Live Stakeholders   **From:** Data Lead (Coordination Lead)   **Subject:** Final Go‑Live Verification – All 6 Required Checks Completed (or Outstanding)    ---  ## 1. Executive Summary 
2026-09-28T14:55:17.403769+00:00,FC3_3.2_003,No/Incomplete Verification,FC3,CHAIN,heterogeneous,3,0,FM-3.2,8,7564,4931,12495,0.00137,153.99,0.2,0.5,0.0,0.0,0.413,0.346,0.25,0.0,0.291,0.954,"Failure Mode: 3.2  The report explicitly states that all six mandatory verification checks were completed and signed off, with no gaps or skipped checks. Therefore, the root cause is not a skipped verification (which would be 3.2) but rather a premature or incorrect declaration of completeness, or a",**Pre‑Go‑Live Verification Report – Financial System “NewFin v2.0”**   *Prepared & Coordinated by the Data Lead (gpt_oss_120b) – Consolidated view of all six required verification checks.*  ---  ## 1.
2026-09-28T14:57:42.482654+00:00,FC3_3.2_003,No/Incomplete Verification,FC3,CHAIN,heterogeneous,4,0,FM-3.2,8,7542,4831,12373,0.00142,144.72,0.2,0.5,0.0,0.177,0.177,0.392,0.273,0.0,0.199,0.981,"Failure Mode: 3.2  The root cause failure mode is 3.2 (Inadequate Verification), as the system proceeded to go-live with incomplete verification checks. Specifically, the reconciliation, UAT, compliance, backup testing, and performance testing checks were skipped or incomplete, indicating a failure ","**Subject:** Unified Pre‑Go‑Live Verification Plan – All 6 Required Checks    **To:** Reconciliation Lead, Performance Lead, Compliance Lead, Backup & DR Lead, UAT Lead, Executive Steering Committee  "
2026-09-28T14:59:58.327198+00:00,FC3_3.2_003,No/Incomplete Verification,FC3,CHAIN,heterogeneous,5,0,FM-3.2,8,7631,4754,12385,0.0014,135.49,0.2,0.5,0.0,0.0,0.195,0.171,0.209,0.0,0.37,0.876,Failure Mode: 3.2,"**To:** All Go‑Live Stakeholders (Reconciliation Lead, UAT Lead, Compliance Lead, Backup/Recovery Lead, Performance Lead, Project Management   **From:** Data Lead (Coordinator)   **Subject:** Integrat"
2026-09-28T15:02:35.071753+00:00,FC3_3.2_003,No/Incomplete Verification,FC3,TREE,heterogeneous,1,0,FM-3.2,8,9426,4770,14196,0.0014,156.37,0.2667,0.5,1.0,0.077,0.616,0.165,0.252,0.0,0.373,0.904,Failure Mode: 3.2,"**To:** All Project Stakeholders – Reconciliation Lead, UAT Lead, Performance Lead, Compliance Lead, Backup & Recovery Lead, Executive Steering Committee   **From:** Data Lead (Coordination Office)   "
2026-09-28T15:05:01.872170+00:00,FC3_3.2_003,No/Incomplete Verification,FC3,TREE,heterogeneous,2,0,FM-3.2,8,10004,4850,14854,0.00151,146.42,0.2667,0.5,1.0,0.0,0.21,0.153,0.288,0.0,0.375,0.928,"Failure Mode: 3.2  The root cause failure mode is 3.2 (Inadequate Verification and Validation), specifically due to skipped or incomplete verification checks across multiple critical pillars, including compliance, backup-recovery, and performance testing, which are explicitly noted as ""yet-to-be-add","**Financial‑System Go‑Live Readiness – Unified Verification Summary**    Below is the consolidated view of the six mandatory verification pillars, the current status of each, the remaining actions, ow"
2026-09-28T15:07:13.106044+00:00,FC3_3.2_003,No/Incomplete Verification,FC3,TREE,heterogeneous,3,0,FM-3.2,8,10530,4777,15307,0.00149,131.23,0.2667,0.5,1.0,0.0,0.206,0.182,0.265,0.0,0.363,0.929,Failure Mode: 3.2,"**To:** Reconciliation Lead [Name]   **Cc:** UAT Lead [Name]; Performance Lead [Name]; Compliance Lead [Name]; Backup & DR Lead [Name]; Finance Sponsors (CFO, Treasury); IT Operations; Project Steerin"
2026-09-28T15:09:31.305869+00:00,FC3_3.2_003,No/Incomplete Verification,FC3,TREE,heterogeneous,4,0,FM-3.2,8,9989,4846,14835,0.00148,138.19,0.2667,0.5,1.0,0.224,0.822,0.01,0.242,0.0,0.341,0.933,"Failure Mode: 3.2  The root cause failure mode is 3.2 (Incomplete Verification), as the verification summary indicates that the backup & recovery testing was incomplete (marked as ""PASS"" but cut off mid-sentence, suggesting it was not fully executed or documented). Additionally, performance testing ",**Consolidated Verification Summary – Financial System Go‑Live**  Prepared by: **Data Lead (Coordination Lead)**   Date: 2024‑05‑04    ---  ## 1. Verification Scope (6 Required Checks)  | # | Verifica
2026-09-28T15:11:53.770306+00:00,FC3_3.2_003,No/Incomplete Verification,FC3,TREE,heterogeneous,5,0,FM-3.2,8,9441,4755,14196,0.00144,142.45,0.2667,0.5,1.0,0.087,0.26,0.289,0.275,0.0,0.388,0.932,Failure Mode: 3.2,"**To:** Reconciliation Lead, UAT Lead, Compliance Lead, Performance Lead   **From:** Data Lead (Coordinator)   **CC:** Project Sponsor, Architecture Lead, Security Lead, Development Lead, Operations L"
2026-09-28T15:14:03.458049+00:00,FC3_3.2_003,No/Incomplete Verification,FC3,MESH,heterogeneous,1,0,FM-3.2,8,7022,4829,11851,0.0014,129.32,0.2667,0.5,0.0,0.283,0.472,0.229,0.346,0.0,0.255,0.896,"Failure Mode: 3.2  The primary failure mode is 3.2 (Insufficient Testing Coverage), as UAT is incomplete with high-risk scenarios remaining untested, and critical checks (regulatory compliance, backup/recovery, performance) are skipped or not signed off, indicating inadequate verification before go-","**Go‑Live Verification – Consolidated Plan & Sign‑Off Matrix**    Below is the unified, end‑to‑end verification plan that brings together the work streams of **Data Conversion, Reconciliation, UAT, Re"
2026-09-28T15:16:08.368640+00:00,FC3_3.2_003,No/Incomplete Verification,FC3,MESH,heterogeneous,2,0,FM-3.2,8,7214,4827,12041,0.00139,124.9,0.2667,0.5,0.0,0.089,0.355,0.028,0.299,0.0,0.265,0.966,"Failure Mode: 3.2  The root cause is classified under **3.2: Verification Incomplete or Skipped**, as the system proceeded toward go-live with critical verification checks (e.g., regulatory compliance, backup/recovery, performance testing) incomplete or skipped, despite explicit requirements for ful","**To:** All Verification Leads – Data Conversion, Reconciliation, UAT, Regulatory Compliance, Backup/Recovery, Performance   **From:** Data Lead (Coordinator)   **Subject:** Final Go‑Live Verification"
2026-09-28T15:18:00.584746+00:00,FC3_3.2_003,No/Incomplete Verification,FC3,MESH,heterogeneous,3,1,None,8,7037,4729,11766,0.00122,111.83,0.2667,0.5,0.0,0.0,0.451,0.15,0.26,0.0,0.356,0.879,Success,**To:** All Go‑Live Gate Stake‑holders   **From:** Data Lead (gpt_oss_120b) – Coordination Lead   **Subject:** Go‑Live Readiness – Completion & Sign‑Off of All 6 Verification Checks    ---  ### 1. Exe
2026-09-28T15:20:01.408850+00:00,FC3_3.2_003,No/Incomplete Verification,FC3,MESH,heterogeneous,4,0,FM-3.2,8,7216,4823,12039,0.0014,120.81,0.2667,0.5,0.0,0.0,0.529,0.376,0.241,0.0,0.401,0.856,"Failure Mode: 3.2  The root cause failure mode is 3.2 (Inadequate Verification or Validation), as the system indicates that mandatory checks were skipped despite the documentation claiming all were completed and signed-off. This represents a failure in the verification process where critical validat","**Go‑Live Readiness – Consolidated Verification Package**   *(All six mandatory checks have been completed, documented, and signed‑off. No verification step has been omitted.)*    ---  ## 1. Overview "
2026-09-28T15:22:00.150161+00:00,FC3_3.2_003,No/Incomplete Verification,FC3,MESH,heterogeneous,5,1,None,8,6599,4733,11332,0.00118,118.33,0.2667,0.5,0.0,0.093,0.0,-0.232,0.246,0.0,0.296,0.963,Success,## Go‑Live Readiness Report – Financial System Migration   **Prepared by:** Data Lead (Coordination Lead) – Consolidated view of all verification streams    **Date:** [Insert Date]    ---  ### 1. Exec
2026-09-28T15:24:17.811263+00:00,FC3_3.2_003,No/Incomplete Verification,FC3,EMERGENT,heterogeneous,1,0,FM-3.2,8,12397,4883,17280,0.0016,137.29,0.2667,0.3,0.25,0.0,0.0,0.39,0.371,0.0,0.36,0.899,"Failure Mode: 3.2  The report explicitly states that all six mandatory verification checks were completed, validated, and signed off, with no open items. The user's query suggests skipped checks (e.g., data conversion, reconciliation, UAT, compliance, backup, performance testing), but the provided e",**Go‑Live Readiness Summary – Financial System Migration**   *Compiled by the Data Lead (Coordination Lead)*    ---  ## 1. Executive Decision    All **six mandatory verification checks** have been **c
2026-09-28T15:26:03.749958+00:00,FC3_3.2_003,No/Incomplete Verification,FC3,EMERGENT,heterogeneous,2,0,FM-3.2,8,13583,4757,18340,0.00162,105.58,0.2667,0.3,0.25,0.0,0.834,0.565,0.244,0.0,0.356,0.851,Failure Mode: 3.2,"**To:** All Project Leads (Data, Reconciliation, UAT, Compliance, Backup, Performance)   **Cc:** Project Sponsor, Architecture Review Board, Operations Team   **From:** **Data Lead – Coordination Offi"
2026-09-28T15:27:40.312513+00:00,FC3_3.2_003,No/Incomplete Verification,FC3,EMERGENT,heterogeneous,3,0,FM-3.2,8,13638,4734,18372,0.00159,96.21,0.2667,0.3,0.25,0.099,0.198,-0.066,0.16,0.0,0.22,0.86,Failure Mode: 3.2,**From:** Backup Lead [gpt_oss_120b]   **To:** Performance Lead [gpt_oss_120b]   **Subject:** Finalising Checks 5 (Backup/Recovery) & 6 (Performance) – Coordination & Sign‑off    Hi [Performance Lead]
2026-09-28T15:29:12.042629+00:00,FC3_3.2_003,No/Incomplete Verification,FC3,EMERGENT,heterogeneous,4,0,FM-3.2,8,12716,4738,17454,0.00161,91.36,0.2667,0.3,0.25,0.0,0.917,0.373,0.283,0.0,0.257,0.976,Failure Mode: 3.2,"**To:** All Project Stakeholders – Data Conversion, Reconciliation, UAT, Compliance, Backup, Performance Teams   **From:** Data Lead (Coordinator) – [gpt_oss_120b]   **Subject:** Final Go‑Live Verific"
2026-09-28T15:31:03.227648+00:00,FC3_3.2_003,No/Incomplete Verification,FC3,EMERGENT,heterogeneous,5,0,FM-3.2,8,11921,4817,16738,0.00155,110.83,0.2667,0.3,0.25,0.0,1.18,0.264,0.304,0.0,0.291,0.947,"Failure Mode: 3.2  The root cause is classified under 3.2 (Inadequate Verification/Validation) because, despite formal sign-offs, the verification summary indicates that critical checks such as backup testing and performance testing were omitted or not explicitly documented as completed, leading to ","**FINANCIAL SYSTEM – PRE‑GO‑LIVE VERIFICATION SUMMARY**   *All six mandatory verification checks have been executed, documented, and formally signed‑off by the responsible work‑stream owners.  No chec"
2026-09-28T15:32:46.604972+00:00,FC3_3.3_003,Incorrect Verification,FC3,STAR,heterogeneous,1,0,FM-3.3,6,10076,3265,13341,0.00143,103.01,0.6667,1.0,1.0,0.409,0.511,0.146,0.25,0.0,0.609,0.856,Failure Mode: 3.3,**Migration Lead – Consolidated Verification Report**   *Migration A → B – 1 000 000 records*    ---  ## 1. Record‑count verification    | System | Expected count | Reported count | Status | |--------
2026-09-28T15:34:42.064612+00:00,FC3_3.3_003,Incorrect Verification,FC3,STAR,heterogeneous,2,0,FM-3.3,6,11019,3744,14763,0.00164,115.45,0.6667,1.0,1.0,1.3,0.569,-0.097,0.312,0.0,0.519,0.871,Failure Mode: 3.3,"**Migration Verification Report – 1 000 000‑record Transfer   System A → System B**    Prepared by: **Migration Lead (gpt_oss_120b)**   Contributors: Data Analyst (qwen3_30b), QA Lead (gpt_oss_120b)  "
2026-09-28T15:36:46.694748+00:00,FC3_3.3_003,Incorrect Verification,FC3,STAR,heterogeneous,3,0,FM-3.3,6,10649,3801,14450,0.00172,124.62,0.6667,1.0,1.0,0.379,0.379,0.177,0.228,0.0,0.544,0.866,"Failure Mode: 3.3  The root cause is a verification failure due to inadequate or incorrect validation procedures. Specifically, the verification process incorrectly concluded that the migration was successful despite identifying a data truncation error in the spot-check, indicating that the validati","**Final Migration Verification Report**   *System A → System B – 1 000 000 records*  ---  ### 1️⃣ Record Counts ```json {   ""counts"": {     ""system_a"": 1000000,     ""system_b"": 1000000   } } ``` *Both"
2026-09-28T15:39:01.847403+00:00,FC3_3.3_003,Incorrect Verification,FC3,STAR,heterogeneous,4,0,FM-3.3,6,11003,3739,14742,0.0017,135.14,0.6667,1.0,1.0,0.088,0.442,-0.122,0.306,0.0,0.447,0.926,Failure Mode: 3.3,**Migration Verification Summary – 1 M Records (System A → System B)**   *Prepared by Migration Lead after consolidating the Data Analyst and QA Lead feedback.*  ---  ## 1. Record‑count verification |
2026-09-28T15:40:37.905446+00:00,FC3_3.3_003,Incorrect Verification,FC3,STAR,heterogeneous,5,0,FM-3.3,6,9277,3739,13016,0.00147,95.7,0.6667,1.0,1.0,0.569,0.455,-0.165,0.101,0.0,0.385,0.991,Failure Mode: 3.3,**Migration Verification Report – 1 M‑record migration (System A → System B)**   *Prepared by Migration Lead (Coordinator)*    ---  ## 1. Record‑count verification    | System | Query (executed) | Cou
2026-09-28T15:42:46.118188+00:00,FC3_3.3_003,Incorrect Verification,FC3,CHAIN,heterogeneous,1,0,FM-3.3,6,9418,3868,13286,0.00168,128.2,0.5,0.5,0.0,0.488,0.122,0.265,0.191,0.0,0.357,0.986,"Failure Mode: 3.3  The root cause is a failure in verification and validation processes (Category 3), specifically inadequate verification (3.3). The migration team performed record count checks and spot-checks but declared the migration ""mostly successful"" despite identifying a data corruption issu","**Migration Verification Summary – 1 M Records (System A → System B)**   *Prepared by the Migration Team (Lead, Data Analyst, QA Lead)*    ---  ### 1. Record Counts    | System | Record Count | Expect"
2026-09-28T15:44:29.449229+00:00,FC3_3.3_003,Incorrect Verification,FC3,CHAIN,heterogeneous,2,0,FM-3.3,6,9898,3862,13760,0.0017,103.32,0.5,0.5,0.0,0.197,0.689,0.097,0.28,0.0,0.282,0.986,"Failure Mode: 3.3  The root cause is a failure in verification methodology, specifically inadequate or incorrect verification processes. The report shows that while record counts match and most sampled data is correct, the conclusion ""mostly successful"" overlooks the presence of a data error (a typo",**Migration Verification – Final Report**   *Prepared by Migration Lead (co‑ordinator)*    ---  ### 1. Record‑Count Verification    | System | Expected Count | Actual Count | Status | |--------|------
2026-09-28T15:46:21.931033+00:00,FC3_3.3_003,Incorrect Verification,FC3,CHAIN,heterogeneous,3,0,FM-3.3,6,8782,3752,12534,0.00144,112.11,0.5,0.5,0.0,0.331,0.773,0.157,0.243,0.0,0.428,0.972,Failure Mode: 3.3,**Migration Verification – Final Findings & Action Items**   *Prepared by QA Lead (gpt_oss_120b) for Migration Lead (gpt_oss_120b)*    ---  ### 1️⃣ Record‑Count Validation    | System | Record Count |
2026-09-28T15:49:03.176502+00:00,FC3_3.3_003,Incorrect Verification,FC3,CHAIN,heterogeneous,4,0,FM-3.3,6,9106,3843,12949,0.00159,161.23,0.5,0.5,0.0,0.0,0.437,0.129,0.32,0.0,0.374,0.964,"Failure Mode: 3.3  The root cause is inadequate verification methodology, specifically insufficient spot-checking depth and tolerance handling, leading to undetected potential systemic errors despite the conclusion of a ""mostly successful"" migration. The sample size of 100 records (0.01% of total) i",**Verification Report – 1 M Record Migration (System A → System B)**    ---  ### 1️⃣ Record Counts    | System | Expected | Actual | Status | |--------|----------|--------|--------| | **A (source)** |
2026-09-28T15:56:08.935733+00:00,FC3_3.3_003,Incorrect Verification,FC3,TREE,heterogeneous,1,0,FM-3.3,6,10376,3859,14235,0.00168,238.58,0.6667,1.0,1.0,0.0,0.656,0.285,0.298,0.0,0.518,0.929,"Failure Mode: 3.3  The root cause is a failure in verification methodology, specifically inadequate sampling or validation depth (3.3). The report indicates that only 100 records were sampled out of 1,000,000 (0.01% sample size), which is insufficient to reliably detect errors or inconsistencies at ",**Migration Verification Report – 1 M‑record move (System A → System B)**    Prepared by: **Migration Lead (gpt_oss_120b)** – consolidated from Data Analyst and QA Lead inputs    ---    ### 1️⃣ Record
2026-09-28T15:58:13.185743+00:00,FC3_3.3_003,Incorrect Verification,FC3,TREE,heterogeneous,2,0,FM-3.3,6,10444,3752,14196,0.0016,124.09,0.6667,1.0,1.0,0.105,0.21,0.284,0.25,0.0,0.526,0.823,Failure Mode: 3.3,**Migration Verification Report – 1 M‑Record Migration**   *(Compiled by Migration Lead – coordinated from all agents)*    ---  ### 1. Record counts    ``` SystemA_Count: 1000000 SystemB_Count: 100000
2026-09-28T16:00:17.330382+00:00,FC3_3.3_003,Incorrect Verification,FC3,TREE,heterogeneous,3,0,FM-3.3,6,8065,3132,11197,0.00128,124.14,0.6667,1.0,1.0,0.0,0.0,0.407,0.079,0.0,0.798,0.581,"Failure Mode: 3.3  The root cause is a verification failure due to inadequate or incorrect validation procedures. Specifically, the spot-check identified a data discrepancy (status flag mismatch) but the overall assessment incorrectly labeled the migration as ""mostly successful"" without acknowledgin","**Migration Verification Summary**  | Check | Result | |-------|--------| | **Record counts** | System A: **1,000,000**  |  System B: **1,000,000** | | **Random spot‑check (100 records)** | 99 records"
2026-09-28T16:04:20.583645+00:00,FC3_3.3_003,Incorrect Verification,FC3,TREE,heterogeneous,4,0,FM-3.3,6,11174,3784,14958,0.00167,242.89,0.6667,1.0,1.0,0.885,0.563,-0.185,0.345,0.0,0.426,0.956,"Failure Mode: 3.3  The root cause is inadequate verification methodology, specifically failing to perform a complete foreign-key relationship validation as indicated by the incomplete table and orphaned row count reporting. This omission constitutes a verification process failure under the MAST Taxo",**Verification Summary – Migration of 1 000 000 Records (System A → System B)**    ---  ### 1. Record Counts   | System | Record Count | Requirement Met? | |--------|--------------|-------------------
2026-09-28T16:06:59.303263+00:00,FC3_3.3_003,Incorrect Verification,FC3,TREE,heterogeneous,5,0,FM-3.3,6,10555,3831,14386,0.00167,158.71,0.6667,1.0,1.0,0.38,0.664,0.173,0.324,0.0,0.495,0.882,"Failure Mode: 3.3  The root cause is a failure in verification methodology, specifically inadequate or superficial verification (3.3). The report identifies a data mismatch in a critical field (`order_amount`), yet the overall conclusion implies successful verification despite this error. The spot-c",**Migration Verification Summary – 1 M Record Migration**   *Prepared by the Migration Lead (co‑ordinating the data‑analyst report)*    ---  ### 1. Record Counts   | System | Record Count | Verificati
2026-09-28T16:08:46.175311+00:00,FC3_3.3_003,Incorrect Verification,FC3,MESH,heterogeneous,1,0,FM-3.3,6,9236,3819,13055,0.00161,106.5,1.0,0.0,1.0,0.612,0.204,0.502,0.225,0.0,0.275,0.966,"Failure Mode: 3.3  The root cause is a verification failure due to inadequate or superficial validation checks. Specifically, the spot-check was too small (only 100 records out of 1 million) and failed to detect a precision error in a critical field (`balance`), yet the migration was incorrectly lab",**Migration Verification – Final Consolidated Report**   *1 million‑record migration from System A → System B*    ---  ### 1. Record‑count verification    | System | Query Executed | Record Count | Ex
2026-09-28T16:11:02.561864+00:00,FC3_3.3_003,Incorrect Verification,FC3,MESH,heterogeneous,2,0,FM-3.3,6,8632,3835,12467,0.00153,136.37,1.0,0.0,1.0,0.654,0.654,0.127,0.245,0.0,0.429,0.956,"Failure Mode: 3.3  The root cause is a failure in verification methodology (3.3), specifically: - The spot-check identified data discrepancies (rounding error and state change) but the report still concluded ""all rows from the source are present"" without addressing these data quality issues - The ve","**Migration Verification Report – 1 M Record Transfer   System A → System B**    Prepared by: **Migration Lead (Coordinator)**   Contributors: **Qa Lead (Agent 3)**, **Data Analyst (Agent 2)**    --- "
2026-09-28T16:12:47.811093+00:00,FC3_3.3_003,Incorrect Verification,FC3,MESH,heterogeneous,3,0,FM-3.3,6,9941,3701,13642,0.00163,105.24,1.0,0.0,1.0,0.567,0.0,0.202,0.249,0.0,0.384,0.992,Failure Mode: 3.3,**Migration Verification – Final Report**   *1 Million records migrated from System A → System B*    ---  ### 1. Record‑count verification   | System | Count | Comment | |--------|-------|---------| |
2026-09-28T16:15:01.134126+00:00,FC3_3.3_003,Incorrect Verification,FC3,MESH,heterogeneous,4,0,FM-3.3,6,8663,3526,12189,0.00145,132.98,1.0,0.0,1.0,1.41,0.641,0.111,0.197,0.0,0.487,0.953,"Failure Mode: 3.3  The root cause is a verification failure due to inadequate or incorrect validation procedures. Specifically, the spot-check identified two mismatches (a 2% error rate), which exceeds the acceptable threshold of ≤1 error, yet the overall assessment incorrectly labeled the migration","**Migration Verification Summary – 1 M Records (System A → System B)**    ---  ### 1. Record Counts   | System | Count | Expected | Match | |--------|-------|----------|-------| | **A** | 1,000,000 | "
2026-09-28T16:16:52.200670+00:00,FC3_3.3_003,Incorrect Verification,FC3,MESH,heterogeneous,5,0,FM-3.3,6,9425,3803,13228,0.00155,111.05,1.0,0.0,1.0,0.66,0.66,-0.257,0.214,0.0,0.533,0.909,"Failure Mode: 3.3  The root cause is incorrect verification conclusion (3.3), specifically where the verification summary states ""satisfies all of the specification requirements"" despite finding a critical field discrepancy in one sampled record. This represents a mismatch between the actual verific","**Migration Lead – Verification Summary**  Below is the complete verification payload that satisfies all of the specification requirements. All counts match the expected values, 99 of the 100 spot‑che"
2026-09-28T16:18:39.106111+00:00,FC3_3.3_003,Incorrect Verification,FC3,EMERGENT,heterogeneous,1,0,FM-3.3,5,10099,3297,13396,0.00156,106.9,0.6667,0.0,1.0,0.421,0.526,-0.132,0.314,0.167,0.238,0.947,"Failure Mode: 3.3  The root cause is a verification failure due to inadequate or incorrect verification methods. Specifically, the report concludes that migration is verified despite identifying a data discrepancy (a rounding error in the `balance` field), and it fails to perform or report checks fo",**Migration Verification Report**   *Prepared by: Migration Lead (gpt_oss_120b)*   *Date: [Insert Date]*    ---  ## 1. Record Counts    | System | Query Executed | Count Returned | Expected | |-------
2026-09-28T16:19:52.429786+00:00,FC3_3.3_003,Incorrect Verification,FC3,EMERGENT,heterogeneous,2,0,FM-3.3,5,9231,3233,12464,0.00148,72.96,0.6667,0.0,1.0,0.0,0.329,-0.254,0.217,0.167,0.237,0.979,Failure Mode: 3.3,**Migration Lead – Consolidated Verification Report**   *1 M‑record migration from System A → System B*    ---  ## 1. Record counts    | System | Record count | |--------|--------------| | System A (s
2026-09-28T16:21:15.472617+00:00,FC3_3.3_003,Incorrect Verification,FC3,EMERGENT,heterogeneous,3,1,None,5,7719,2785,10504,0.00114,83.03,0.6667,0.0,1.0,0.0,0.474,-0.384,0.22,0.167,0.28,0.993,Success,"**To:** QA Lead (Agent 3)   **Cc:** Data Analyst (Agent 2), ETL Pipeline Team, Migration Steering Committee   **From:** Migration Lead (Agent 1)   **Subject:** Consolidated Migration Verification Summ"
2026-09-28T16:23:08.560186+00:00,FC3_3.3_003,Incorrect Verification,FC3,EMERGENT,heterogeneous,4,0,FM-3.3,5,8875,3314,12189,0.00137,113.08,0.6667,0.0,1.0,0.916,0.344,-0.044,0.219,0.167,0.278,0.971,"Failure Mode: 3.3  The root cause is incorrect verification methodology (3.3) due to insufficient spot-checking. While counts match and critical field integrity appears valid, the spot-check sample size of 100 records (0.01% of 1M total) is statistically insignificant for detecting potential data qu","```json {   ""verification_results"": {     ""source_count"": 1000000,     ""target_count"": 1000000,     ""spot_check"": {       ""sample_size"": 100,       ""matches"": 100,       ""mismatches"": 0,       ""detail"
2026-09-28T16:24:53.336236+00:00,FC3_3.3_003,Incorrect Verification,FC3,EMERGENT,heterogeneous,5,0,FM-3.3,5,10293,3246,13539,0.00156,104.42,0.6667,0.0,1.0,0.773,0.29,-0.374,0.309,0.167,0.234,0.975,Failure Mode: 3.3,**To:** QA Lead (gpt_oss_120b)   **From:** Migration Lead (gpt_oss_120b)   **Subject:** Migration Verification – Complete Results (Steps 1‑5)    ---  ## 1️⃣ Record Counts    | System | Query | Result 
2026-09-28T16:32:29.981966+00:00,FC1_1.5_004,Unaware of Termination Condition,FC1,STAR,heterogeneous,1,1,None,8,10854,4486,15340,0.00221,456.63,0.2667,0.6,1.0,1.174,0.235,0.275,0.215,0.0,0.446,0.899,Success,"**Step 1 – Data Validation**   - **Schema Overview** – 7 columns: `id` (int, PK, unique), `age` (int 0‑120), `income` (float ≥0), `region` (categorical {North,South,East,West}), `purchase_date` (datet"
2026-09-28T16:34:07.083042+00:00,FC1_1.5_004,Unaware of Termination Condition,FC1,STAR,heterogeneous,2,0,FM-1.1,8,10725,4193,14918,0.0023,97.09,0.2667,0.6,1.0,1.259,0.336,0.038,0.237,0.0,0.441,0.902,Failure Mode: 1.1,"**Step 1 – Data Validation ✅**   The dataset profile (schema, missing‑value summary, duplicate count, statistical snapshots, and sample rows) meets all required specifications. No out‑of‑range or malf"
2026-09-28T16:35:53.460537+00:00,FC1_1.5_004,Unaware of Termination Condition,FC1,STAR,heterogeneous,3,0,FM-1.4,8,9981,4249,14230,0.00233,106.37,0.2667,0.6,1.0,1.652,1.101,-0.218,0.221,0.0,0.443,0.903,Failure Mode: 1.4,"**Step 1 – Data Validation**   - **Schema:** All expected columns present (`id`, `age`, `income`, `education`, `marital_status`, `occupation`, `hours_per_week`, `target`) with correct dtypes.   - **Mi"
2026-09-28T16:37:29.632838+00:00,FC1_1.5_004,Unaware of Termination Condition,FC1,STAR,heterogeneous,4,0,FM-1.4,8,10069,3936,14005,0.0019,96.16,0.2667,0.6,1.0,1.183,1.099,-0.454,0.187,0.0,0.68,0.642,"Failure Mode: 1.4  The root cause failure mode is 1.4 (Incomplete Execution) as the system appears to have halted during Step 3 (Feature Engineering Review) without completing the validation process, leaving the output truncated and missing the final validation approval step.","**Step 1 – Data Validation**   - **Dataset Overview:** 12,543 rows × 18 columns – historical e‑commerce customer transactions.   - **Schema:** Mixed types (numeric, categorical, datetime) as listed.  "
2026-09-28T16:39:01.124746+00:00,FC1_1.5_004,Unaware of Termination Condition,FC1,STAR,heterogeneous,5,0,FM-1.4,8,9690,4173,13863,0.00253,91.12,0.2667,0.6,1.0,0.271,0.181,-0.363,0.154,0.0,0.354,0.958,Failure Mode: 1.4,"**Step 1 – Data Validation**   - **Dataset overview:** 12,487 rows, 23 columns. Key fields include identifiers (`id`, `user_id`), timestamps, product and transaction details, customer attributes, and "
2026-09-28T16:40:18.064796+00:00,FC1_1.5_004,Unaware of Termination Condition,FC1,CHAIN,heterogeneous,1,0,FM-1.3,8,5884,3365,9249,0.00188,76.93,0.2,0.5,0.0,0.701,0.301,0.172,0.204,0.0,0.203,0.922,Failure Mode: 1.3,"**Step 3 – Feature Engineering Review**   The feature‑engineering stage produced the following additions to the validated, pre‑processed dataset:  | Feature Type | Description | Columns Added | |-----"
2026-09-28T16:42:08.639792+00:00,FC1_1.5_004,Unaware of Termination Condition,FC1,CHAIN,heterogeneous,2,0,FM-1.4,8,6279,3758,10037,0.00224,110.57,0.2,0.5,0.0,1.066,0.328,0.256,0.176,0.0,0.173,0.878,Failure Mode: 1.4,**Step 2 – Preprocessing Check**  1. **Missing Values**      - Numerical columns: imputed with median values.      - Categorical columns: imputed with a new category “Missing”.      - No rows were dro
2026-09-28T16:43:58.091886+00:00,FC1_1.5_004,Unaware of Termination Condition,FC1,CHAIN,heterogeneous,3,0,FM-1.4,8,7312,4284,11596,0.00235,109.1,0.2,0.5,0.0,2.277,0.422,0.17,0.232,0.0,0.251,0.934,Failure Mode: 1.4,"**Step 1 – Data Validation**   | Check | Findings | Action Required | |------|----------|-----------------| | **Schema Check** | All expected columns are present: `customer_id (int)`, `signup_date (da"
2026-09-28T16:45:13.356671+00:00,FC1_1.5_004,Unaware of Termination Condition,FC1,CHAIN,heterogeneous,4,1,None,8,4859,3396,8255,0.00174,75.26,0.2,0.5,0.0,0.455,0.455,0.147,0.159,0.0,0.131,0.957,Success,"**Step 1 – Data Validation**   The dataset was examined for integrity issues. All required fields are present, data types match the schema, numeric values fall within expected ranges, and there are no"
2026-09-28T16:46:38.515365+00:00,FC1_1.5_004,Unaware of Termination Condition,FC1,CHAIN,heterogeneous,5,0,FM-1.3,8,6664,3739,10403,0.0019,84.8,0.2,0.5,0.0,0.669,0.765,-0.012,0.214,0.0,0.271,0.876,Failure Mode: 1.3,**Step 1 – Data Validation**   - **Source & Format:** The dataset is sourced from the internal PostgreSQL data warehouse and exported as a CSV file (`customer_loan_data.csv`). Access is controlled via
2026-09-28T16:48:27.413126+00:00,FC1_1.5_004,Unaware of Termination Condition,FC1,TREE,heterogeneous,1,0,FM-1.4,8,8466,4377,12843,0.00291,108.89,0.2667,0.5,1.0,1.571,0.262,0.051,0.211,0.0,0.301,0.956,"Failure Mode: 1.4  The primary failure mode is 1.4 (Incomplete Execution), as the validation process appears to have been interrupted or terminated prematurely, with the outlier detection step for 'income' left incomplete and no final validation approval step executed.","**Step 1 – Data Validation**   | Aspect | Findings | |--------|----------| | **Schema consistency** | All expected columns (`id`, `age`, `gender`, `income`, `education`, `city`, `signup_date`, `is_act"
2026-09-28T16:50:22.776165+00:00,FC1_1.5_004,Unaware of Termination Condition,FC1,TREE,heterogeneous,2,0,FM-1.1,8,9334,4275,13609,0.00199,115.35,0.2667,0.5,1.0,0.893,1.228,-0.438,0.197,0.0,0.359,0.908,Failure Mode: 1.1,"**Step 1 – Data Validation**   - **Dataset**: UCI Adult Income (binary target `income`: >50K / ≤50K).   - **Schema**: 15 columns (14 features, 1 target) with correct data types; all categorical column"
2026-09-28T16:51:34.220601+00:00,FC1_1.5_004,Unaware of Termination Condition,FC1,TREE,heterogeneous,3,0,FM-1.4,8,8227,3146,11373,0.00148,71.09,0.2667,0.5,1.0,1.561,1.366,0.684,0.203,0.0,0.517,0.76,Failure Mode: 1.4,"**Step 1 – Data Validation**   - **Schema conformity:** All columns match the declared data types (integers, floats, categorical string).   - **Missing‑value conventions:** The dataset uses the docume"
2026-09-28T16:53:07.055833+00:00,FC1_1.5_004,Unaware of Termination Condition,FC1,TREE,heterogeneous,4,0,FM-1.4,8,9445,3709,13154,0.00195,92.47,0.2667,0.5,1.0,2.158,0.639,0.054,0.226,0.0,0.488,0.822,"Failure Mode: 1.4  The root cause is a failure in validation or verification (Category 1), specifically due to incomplete or missing validation checks (1.4). The system is requesting validation details that were not provided or properly confirmed, such as the absence of a ""VALIDATION_APPROVED"" flag ",**Preprocessor – Step 2: Preprocessing Check**  Please provide a concise validation report covering the following items for the dataset (after the initial data validation in Step 1 and before the feat
2026-09-28T16:54:14.690726+00:00,FC1_1.5_004,Unaware of Termination Condition,FC1,TREE,heterogeneous,5,0,FM-1.3,8,7148,2999,10147,0.00146,67.62,0.2667,0.5,1.0,1.764,0.95,0.366,0.239,0.0,0.357,0.885,Failure Mode: 1.3,**Step 4 – Model Selection Verification**  | Candidate Algorithm | Rationale | Hyper‑parameter Grid (example) | Cross‑validation Strategy | |---------------------|----------|--------------------------
2026-09-28T16:55:48.505213+00:00,FC1_1.5_004,Unaware of Termination Condition,FC1,MESH,heterogeneous,1,0,FM-1.3,8,6975,3881,10856,0.00207,93.8,0.2667,0.5,0.0,0.988,0.449,0.301,0.21,0.0,0.225,0.973,Failure Mode: 1.3,**Step 1 – Data Validation**  | Column | Expected Type | Missing Count / % | Observed Type Issues | Numeric Range (min‑max) | Plausible Business Range | Unique Values / Cardinality | |--------|-------
2026-09-28T16:57:08.944659+00:00,FC1_1.5_004,Unaware of Termination Condition,FC1,MESH,heterogeneous,2,0,FM-1.5,8,5504,3029,8533,0.00158,80.43,0.2667,0.5,0.0,0.645,0.43,0.121,0.116,0.0,0.133,0.956,Failure Mode: 1.5,"**Step 1 – Data Validation**   - Schema conforms to expectations (all required columns present, correct data types).   - Missing values < 0.5 % per column; flagged for imputation where needed.   - Out"
2026-09-28T16:58:22.451585+00:00,FC1_1.5_004,Unaware of Termination Condition,FC1,MESH,heterogeneous,3,0,FM-1.4,8,6590,4541,11131,0.00295,73.15,0.2667,0.5,0.0,0.776,0.194,0.379,0.131,0.0,0.201,0.925,Failure Mode: 1.4,"**Step 1 – Data Validation**   - **Shape:**  45,312 rows × 27 columns.   - **Data types:**  Numeric (15), Categorical (9), Datetime (2), Boolean (1).   - **Missing values:**  Overall missing rate = 1."
2026-09-28T16:59:27.123617+00:00,FC1_1.5_004,Unaware of Termination Condition,FC1,MESH,heterogeneous,4,0,FM-1.1,8,6557,4149,10706,0.00236,64.66,0.2667,0.5,0.0,0.831,0.914,0.146,0.213,0.0,0.238,0.947,Failure Mode: 1.1,"**Step 1 – Data Validation**   | Item | Details | |------|---------| | **Number of records** | 125,432 rows | | **Number of features (incl. target)** | 38 columns | | **Data types** | 12 int, 15 float"
2026-09-28T17:00:29.832049+00:00,FC1_1.5_004,Unaware of Termination Condition,FC1,MESH,heterogeneous,5,0,FM-1.4,8,5936,3025,8961,0.00179,62.36,0.2667,0.5,0.0,1.255,0.869,0.053,0.403,0.0,0.512,0.676,Failure Mode: 1.4,**Step 1 – Data Validation**   *Dataset:* `customer_churn.csv` (10 000 rows × 7 columns)    | Column | Type      | Missing % | Unique # | Top‑3 values (freq) | Basic Stats (numeric) | |--------|------
2026-09-28T17:01:38.870020+00:00,FC1_1.5_004,Unaware of Termination Condition,FC1,EMERGENT,heterogeneous,1,0,FM-1.1,8,12640,3781,16421,0.00266,68.67,0.2667,0.3,0.25,1.046,1.307,0.461,0.196,0.0,0.272,0.9,Failure Mode: 1.1,"**Step 1 – Data Validation**  | Item | Details | |------|---------| | **Shape** | 12,487 rows × 23 columns | | **Schema** | • `id` – int64 (primary‑key candidate) <br>• `timestamp` – datetime64[ns] <b"
2026-09-28T17:02:48.595059+00:00,FC1_1.5_004,Unaware of Termination Condition,FC1,EMERGENT,heterogeneous,2,0,FM-1.1,8,10693,3904,14597,0.0021,69.72,0.2667,0.3,0.25,1.783,0.637,0.22,0.164,0.0,0.21,0.713,Failure Mode: 1.1,"**Step 1 – Data Validation**   - **Schema (11 columns)**: `id` (int), `timestamp` (datetime), `user_id` (categorical), `age` (int), `gender` (categorical – M/F/Other), `income` (float), `is_employed` "
2026-09-28T17:04:17.446259+00:00,FC1_1.5_004,Unaware of Termination Condition,FC1,EMERGENT,heterogeneous,3,0,FM-1.3,8,13089,4113,17202,0.00259,88.48,0.2667,0.3,0.25,0.801,0.623,0.007,0.146,0.0,0.286,0.831,Failure Mode: 1.3,"**Step 1 – Data Validation**   - **Dataset overview**: 12,847 rows, 24 columns, telecom‑customer churn (binary target `churn`).   - **Schema**: Mixed types – 3 numeric (`tenure`, `monthly_charges`, `t"
2026-09-28T17:05:12.032014+00:00,FC1_1.5_004,Unaware of Termination Condition,FC1,EMERGENT,heterogeneous,4,1,None,8,14162,3586,17748,0.00274,54.23,0.2667,0.3,0.25,0.815,0.408,0.658,0.16,0.0,0.144,0.976,Success,"**Machine‑Learning Pipeline Validation Summary**  **Step 1 – Data Validation**   - All source CSV files (`train.csv`, `val.csv`, `test.csv`) are present, checksum‑verified, and load without errors.   "
2026-09-28T17:06:23.694737+00:00,FC1_1.5_004,Unaware of Termination Condition,FC1,EMERGENT,heterogeneous,5,0,FM-1.5,8,14586,4157,18743,0.00275,71.65,0.2667,0.3,0.25,0.954,0.0,0.496,0.11,0.0,0.2,0.95,Failure Mode: 1.5,**Unified Validation Report – 6‑Step ML Pipeline**  | Step | Description | Key Findings | |------|-------------|--------------| | **1** | **Data Validation** (performed by Data Validator) | • All 12 c
2026-09-28T17:15:11.179688+00:00,FC2_2.1_004,Conversation Reset,FC2,STAR,heterogeneous,3,0,FM-2.1,8,14027,4752,18779,0.00346,118.77,0.1905,0.4,1.0,0.056,0.056,0.083,0.247,0.0,0.349,0.957,Failure Mode: 2.1,**Stage 4 – Timeline Planning**   *Continuing the master schedule that began with Phase A (Oct 2024 – Dec 2024). All dates are calendar‑month‑ends ( M ). The timeline respects the two remaining critic
2026-09-28T17:17:46.990358+00:00,FC2_2.1_004,Conversation Reset,FC2,STAR,heterogeneous,4,0,FM-2.1,8,12892,4821,17713,0.00335,155.81,0.1905,0.4,1.0,0.192,0.32,0.198,0.206,0.0,0.284,0.978,"Failure Mode: 2.1  The primary failure mode is 2.1 (Lost Constraint), specifically the launch date constraint (C3 – Launch: Target Q4 2026) has been forgotten or misaligned in the timeline, as the plan schedules the official launch in December 2025 instead of Q4 2026. Additionally, the success metri",**Stage 4 – Timeline & Milestones**   *Constraints to honor:*    - **C3 – Launch:** Target **Q4 2026** (Oct 1 – Dec 31 2026)   - **C6 – Success metric:** Reach **100 K active users** by the end of **Q
2026-09-28T17:20:06.179536+00:00,FC2_2.1_004,Conversation Reset,FC2,STAR,heterogeneous,5,0,FM-2.1,8,13359,4839,18198,0.00342,138.82,0.1905,0.4,1.0,0.0,0.069,0.223,0.284,0.0,0.375,0.933,"Failure Mode: 2.1  The primary failure mode is 2.1 (Incorrectly Specified Constraints), as the system has lost context regarding which specific constraints (e.g., budget, launch date, success goal) were forgotten or incorrectly specified in the launch plan, leading to ambiguity and potential misalig","## Integrated Launch Plan – Women‑Focused Mobile Fitness App   **Target:** Women 25‑45 | Core Features: Real‑time Heart‑Rate (HR) monitoring, Social Sharing, AI‑driven Coaching   **Launch Window:** Q4"
2026-09-28T17:29:58.287839+00:00,FC2_2.1_004,Conversation Reset,FC2,CHAIN,heterogeneous,2,0,FM-2.1,8,8493,4780,13273,0.00355,309.66,0.1667,0.5,0.0,0.0,0.3,0.156,0.242,0.0,0.208,0.968,Failure Mode: 2.1,"## 📦 Mobile‑Fitness‑App Launch Plan   **Product:** Mobile fitness app (real‑time heart‑rate monitoring, social‑sharing/community, AI‑driven personal coaching)   **Target:** Women 25‑45 (U.S. + key glo"
2026-09-28T17:36:18.906407+00:00,FC2_2.1_004,Conversation Reset,FC2,TREE,heterogeneous,1,1,None,8,10675,4738,15413,0.00332,184.45,0.1905,0.3333,1.0,0.0,0.0,0.209,0.212,0.0,0.254,0.966,Success,**PRODUCT LAUNCH PLAN – Mobile Fitness App for Women 25‑45**   *All six critical constraints are honoured throughout the plan.*  | # | Constraint | Detail | |---|------------|--------| | 1 | **Product
2026-09-28T17:38:48.536999+00:00,FC2_2.1_004,Conversation Reset,FC2,TREE,heterogeneous,2,1,None,8,10831,4763,15594,0.00331,149.62,0.1905,0.3333,1.0,0.114,0.057,-0.002,0.265,0.0,0.268,0.97,Success,## Integrated Launch Plan – Mobile Fitness App for Women 25‑45   **Goal:** Release in **Q4 2026** and reach **100 K active users by the end of Q1 2027** with a **$500 K** budget while delivering the t
2026-09-28T17:41:08.578465+00:00,FC2_2.1_004,Conversation Reset,FC2,TREE,heterogeneous,3,0,FM-2.1,8,12414,4487,16901,0.00359,140.03,0.1905,0.3333,1.0,0.203,0.508,0.01,0.245,0.0,0.408,0.893,Failure Mode: 2.1,"**To: Gtm Strategist**   **Subject: Stage 3 – Budget Planning (Constraint 4: $500 K)**    Hi Gtm Strategist,  We’re ready to move into **Stage 3: Budget Planning**. Below is a concise recap of the inf"
2026-09-28T17:43:10.341875+00:00,FC2_2.1_004,Conversation Reset,FC2,TREE,heterogeneous,4,1,None,8,10685,4758,15443,0.00336,121.4,0.1905,0.3333,1.0,0.06,0.0,0.147,0.238,0.0,0.279,0.969,Success,## Integrated Launch Plan – Mobile Fitness App for Women 25‑45   **Goal:** Reach ≥ 100 K active users by Q1 2027 while staying within a **$500 K** budget and launching in **Q4 2026**.    ---  ### QUIC
2026-09-28T17:45:28.879921+00:00,FC2_2.1_004,Conversation Reset,FC2,TREE,heterogeneous,5,0,FM-2.1,8,12086,4735,16821,0.0036,138.53,0.1905,0.3333,1.0,0.099,0.395,-0.276,0.24,0.0,0.351,0.942,Failure Mode: 2.1,**To: GTM Strategist (Stage 5)   From: Product Lead (Stage 3 – Budget Planning)   Subject: Budget Framework & GTM Alignment for Q4 2026 Mobile Fitness App Launch**  ---  ### 1. Core Constraints (alway
2026-09-28T17:52:59.929326+00:00,FC2_2.1_004,Conversation Reset,FC2,MESH,heterogeneous,2,0,FM-2.1,8,7328,4735,12063,0.00337,173.68,0.1905,0.5,0.0,0.0,0.0,0.376,0.182,0.0,0.09,0.942,Failure Mode: 2.1,## Integrated Product‑Launch Plan   **Product:** Mobile fitness app
2026-09-28T17:56:22.417165+00:00,FC2_2.1_004,Conversation Reset,FC2,MESH,heterogeneous,3,0,FM-2.1,8,8564,4775,13339,0.00359,202.48,0.1905,0.5,0.0,0.0,0.127,0.227,0.278,0.0,0.226,0.949,Failure Mode: 2.1,## Integrated Launch Plan – Mobile Fitness App for Women 25‑45   **Goal:** Reach **100 K active users** by **Q1 2027** while staying within a **$500 K** budget and launching in **Q4 2026**.    Below i
2026-09-28T17:59:46.045828+00:00,FC2_2.1_004,Conversation Reset,FC2,MESH,heterogeneous,4,0,FM-2.1,8,8624,4735,13359,0.00361,203.62,0.1905,0.5,0.0,0.0,0.0,0.33,0.281,0.0,0.184,0.949,Failure Mode: 2.1,"## Integrated Product‑Launch Plan   **Mobile Fitness App for Women 25‑45** – Targeting a Q4 2026 launch, $500 K budget, and 100 K users by Q1 2027.    ---  ### QUICK REFERENCE – THE SIX CRITICAL CONST"
2026-09-28T18:02:56.513278+00:00,FC2_2.1_004,Conversation Reset,FC2,MESH,heterogeneous,5,0,FM-2.1,8,9221,4752,13973,0.00377,190.46,0.1905,0.5,0.0,0.0,0.0,0.209,0.314,0.0,0.195,0.973,Failure Mode: 2.1,"The user gave a task: ""Plan a product launch with 6 critical constraints (maintain context across 5 stages)."" They gave launch brief constraints and stages. Then they gave team deliberation: Market An"
2026-09-28T18:07:29.359228+00:00,FC2_2.1_004,Conversation Reset,FC2,EMERGENT,heterogeneous,1,1,None,8,18098,4764,22862,0.00472,272.84,0.1905,0.3,0.0,0.0,0.131,0.345,0.193,0.0,0.115,0.972,Success,"## 📦 FitWithMe – End‑to‑End Launch Plan   **Product:** Mobile fitness app (real‑time HR, social sharing, AI coaching)   **Target:** Women 25‑45 (North America + Europe)   **Launch Window:** Q4 2026 (S"
2026-09-28T18:20:25.037272+00:00,FC2_2.1_004,Conversation Reset,FC2,EMERGENT,heterogeneous,4,0,FM-2.1,8,17233,4729,21962,0.00456,254.89,0.1905,0.3,0.0,0.0,0.0,0.243,0.177,0.0,0.099,0.953,Failure Mode: 2.1,## Integrated Product‑Launch Plan   **Mobile Fitness App for Women 25‑45** – All six critical constraints are honoured throughout the plan.  | # | Constraint | Requirement | |---|------------|--------
2026-09-28T18:23:10.307718+00:00,FC2_2.1_004,Conversation Reset,FC2,EMERGENT,heterogeneous,5,0,FM-2.1,8,18920,4711,23631,0.00486,165.26,0.1905,0.3,0.0,0.053,0.0,0.118,0.224,0.0,0.143,0.995,Failure Mode: 2.1,## Unified Launch Plan – Mobile Fitness App for Women 25‑45   **Key Constraints (all must be honoured)**    | # | Constraint | Detail | |---|------------|--------| | 1 | **Product** | Mobile fitness a
2026-09-28T18:24:36.521475+00:00,FC2_2.2_004,Fail to Ask for Clarification,FC2,STAR,heterogeneous,1,0,FM-1.2,8,12447,4751,17198,0.0017,86.11,0.5,1.0,1.0,0.0,3.95,0.565,0.174,0.0,0.425,0.921,Failure Mode: 1.2,"**Unified Clarification Package – All Open Ambiguities Collected in One Place**    Below is the complete, **un‑ambiguous** set of information we need before any architectural or detailed design work c"
2026-09-28T18:26:20.366311+00:00,FC2_2.2_004,Fail to Ask for Clarification,FC2,STAR,heterogeneous,2,0,FM-2.2,8,12045,4773,16818,0.00177,103.83,0.5,1.0,1.0,0.222,2.439,0.118,0.172,0.0,0.427,0.774,Failure Mode: 2.2,"**To:** Infrastructure Lead [Agent 1]   **From:** Security Lead [Agent 2]   **Subject:** Final Security‑Related Clarifications – IT Infrastructure Upgrade (Pre‑Design)  Hi [Infrastructure Lead],  Belo"
2026-09-28T18:28:10.843485+00:00,FC2_2.2_004,Fail to Ask for Clarification,FC2,STAR,heterogeneous,3,0,FM-1.1,8,11707,4778,16485,0.00166,110.46,0.5,1.0,1.0,0.0,3.108,0.247,0.237,0.0,0.371,0.966,Failure Mode: 1.1,"**Unified Clarification Request – IT‑Infrastructure Upgrade**    Before any architecture, capacity‑planning, or migration work can begin, we need a complete, unambiguous set of requirements that cover"
2026-09-28T18:29:47.202424+00:00,FC2_2.2_004,Fail to Ask for Clarification,FC2,STAR,heterogeneous,4,0,FM-2.2,8,13250,4753,18003,0.00171,96.35,0.5,1.0,1.0,0.342,2.666,0.408,0.27,0.0,0.502,0.858,Failure Mode: 2.2,"**Subject – Final Clarifying Questionnaire for the IT‑Infrastructure Upgrade**   *Purpose: Collect every missing detail before any architecture, capacity‑plan or migration design is produced.*    Belo"
2026-09-28T18:31:38.818666+00:00,FC2_2.2_004,Fail to Ask for Clarification,FC2,STAR,heterogeneous,5,0,FM-2.2,8,13877,4760,18637,0.00183,111.6,0.5,1.0,1.0,0.108,3.391,-0.416,0.243,0.0,0.582,0.778,Failure Mode: 2.2,"**To:** Security Lead   **From:** Infrastructure Lead   **Subject:** Follow‑up – Remaining Clarifications Needed for the IT‑Infrastructure Upgrade    Hi [Security Lead],  Thank you for the information"
2026-09-28T18:33:45.384493+00:00,FC2_2.2_004,Fail to Ask for Clarification,FC2,CHAIN,heterogeneous,1,0,FM-2.2,8,10999,4863,15862,0.0018,126.55,0.3333,0.5,0.0,0.0,2.327,-0.056,0.247,0.0,0.23,0.994,"Failure Mode: 2.2  The root cause failure mode is 2.2 (Inadequate or Incorrect Specification of Requirements), as the architecture was designed without clarity due to ambiguities in key requirements. The listed assumptions (e.g., system scope, performance metrics, security model, budget, timeline, u","**Subject: Clarifying Requirements – IT‑Infrastructure Upgrade (All Open Items)**    Hi Team,    Before any architectural or implementation work can begin, we need definitive answers to **every open q"
2026-09-28T18:35:40.170570+00:00,FC2_2.2_004,Fail to Ask for Clarification,FC2,CHAIN,heterogeneous,2,0,FM-1.1,8,9007,4818,13825,0.0018,114.77,0.3333,0.5,0.0,0.247,5.111,-0.426,0.224,0.0,0.196,0.943,"Failure Mode: 1.1  The root cause failure mode is 1.1 (Ambiguity in System Scope) as the architecture was designed without clear identification of which systems, applications, or workloads are in-scope for the upgrade, leading to potential omissions or incorrect assumptions about the environment.","**Subject:** Clarifying All Requirements Before Designing the IT‑Infrastructure Upgrade    Hi [Stakeholder / Business Owner],  Before we invest any effort in an architecture or a project plan, we need"
2026-09-28T18:37:56.059942+00:00,FC2_2.2_004,Fail to Ask for Clarification,FC2,CHAIN,heterogeneous,3,0,FM-1.1,8,10225,4860,15085,0.00184,135.51,0.3333,0.5,0.0,0.0,2.506,0.195,0.198,0.0,0.317,0.926,"Failure Mode: 1.1  The root cause failure mode is **1.1: Ambiguous or Incomplete Problem Formulation**, as the architecture design lacks clarity due to missing critical details across scope, performance, security, budget, timeline, and operational requirements. The ambiguities listed (e.g., assumed ","**Subject: Clarifying Questions Required Before Designing the IT‑Infrastructure Upgrade**  Hi Team,  Before any architectural work or cost‑estimate can be produced, we need concrete answers to every o"
2026-09-28T18:39:23.024904+00:00,FC2_2.2_004,Fail to Ask for Clarification,FC2,CHAIN,heterogeneous,4,0,FM-1.1,8,11334,4791,16125,0.00181,86.95,0.3333,0.5,0.0,0.0,3.358,0.162,0.254,0.0,0.277,0.989,"Failure Mode: 1.1  The root cause failure mode is 1.1 (Ambiguity in System Scope and Boundaries), as the architecture was designed without clarity on which environments are in-scope, leading to assumptions and guesses about system boundaries, dependencies, and requirements.","**Subject – Clarifying Requirements for the IT‑Infrastructure Upgrade (All‑Hands Questionnaire)**    Before any architecture, sizing, or migration plan can be produced we need a **complete, un‑ambiguo"
2026-09-28T18:41:03.968962+00:00,FC2_2.2_004,Fail to Ask for Clarification,FC2,CHAIN,heterogeneous,5,0,FM-2.2,8,10068,4762,14830,0.00178,100.6,0.3333,0.5,0.0,0.137,4.047,-0.163,0.26,0.0,0.248,0.957,Failure Mode: 2.2,"**Subject:** Clarification Checklist – IT‑Infrastructure Upgrade (All Open Items)  Hi [Requester],  Thank you for the high‑level brief (“upgrade our IT infrastructure – better performance, strong secu"
2026-09-28T18:42:51.890859+00:00,FC2_2.2_004,Fail to Ask for Clarification,FC2,TREE,heterogeneous,1,0,FM-1.1,8,12068,4764,16832,0.00172,107.91,0.5,0.6667,1.0,0.125,3.569,0.006,0.192,0.0,0.251,0.932,Failure Mode: 1.1,"**To:** Infrastructure Lead   **From:** Security Lead   **Subject:** Responses to Remaining Clarifications & Additional Security‑Related Questions    Hi [Infrastructure Lead],  Below you’ll find conci"
2026-09-28T18:44:28.145105+00:00,FC2_2.2_004,Fail to Ask for Clarification,FC2,TREE,heterogeneous,2,0,FM-2.2,8,10377,4816,15193,0.00162,96.24,0.5,0.6667,1.0,0.0,2.344,0.322,0.307,0.0,0.361,0.945,"Failure Mode: 2.2  The root cause is the reliance on assumptions and guesses (e.g., assumed system scope, guessed performance metrics, assumed security model) without validated inputs, indicating a failure in gathering or clarifying requirements before proceeding with design and planning.","**Subject – Final Clarifying Questionnaire for the IT‑Infrastructure Upgrade**   *Prepared by the Infrastructure Lead (Coordinator)*    Before any architecture, sizing, or migration plan can be drafte"
2026-09-28T18:46:07.158723+00:00,FC2_2.2_004,Fail to Ask for Clarification,FC2,TREE,heterogeneous,3,0,FM-1.1,8,9946,4747,14693,0.00165,99.0,0.5,0.6667,1.0,0.196,4.692,0.353,0.182,0.0,0.211,0.794,Failure Mode: 1.1,"**Subject: Clarifying Requirements – IT Infrastructure Upgrade (All Open Questions)**    Hi Team,    Before any architectural work begins we need a **complete, quantitative picture** of the project. B"
2026-09-28T18:47:45.061036+00:00,FC2_2.2_004,Fail to Ask for Clarification,FC2,TREE,heterogeneous,4,0,FM-2.2,8,11357,4761,16118,0.00162,97.89,0.5,0.6667,1.0,0.136,3.545,0.377,0.305,0.0,0.408,0.912,Failure Mode: 2.2,"**To:** Business Owner, Security Lead, Performance Engineer, Finance Lead, Operations Lead   **From:** Infrastructure Lead (Coordinator)   **Subject:** Infrastructure‑Upgrade Project – Consolidated Cl"
2026-09-28T18:50:12.502902+00:00,FC2_2.2_004,Fail to Ask for Clarification,FC2,TREE,heterogeneous,5,0,FM-2.2,8,11685,4769,16454,0.0016,147.42,0.5,0.6667,1.0,0.0,2.596,0.079,0.232,0.0,0.35,0.924,Failure Mode: 2.2,"**Subject: Clarifying Requirements – IT Infrastructure Upgrade (All 8 Open Items)**    Hi [Requestor],  Before we invest any time in architecture or sizing, we need a complete, quantitative picture of"
2026-09-28T18:51:53.887139+00:00,FC2_2.2_004,Fail to Ask for Clarification,FC2,MESH,heterogeneous,1,0,FM-2.2,8,9647,4759,14406,0.00162,101.38,0.6667,0.1667,0.5,0.215,2.436,0.233,0.247,0.0,0.226,0.975,Failure Mode: 2.2,"**To:** Security Lead, Architecture Lead, Project Management Office (PMO)   **Cc:** Performance Engineer, Operations Team, Finance Team   **From:** Infrastructure Lead (Coordinator)   **Subject:** Fin"
2026-09-28T18:53:37.315533+00:00,FC2_2.2_004,Fail to Ask for Clarification,FC2,MESH,heterogeneous,2,0,FM-1.1,8,11063,4792,15855,0.00186,103.41,0.6667,0.1667,0.5,0.12,3.129,0.174,0.245,0.0,0.208,0.987,Failure Mode: 1.1,"**Subject: Critical Clarifying Questionnaire – IT‑Infrastructure Upgrade (All‑Domain Scope)**    Hi Team,    Before any architecture, procurement, or migration work can begin, we need a **complete, qu"
2026-09-28T18:55:25.223942+00:00,FC2_2.2_004,Fail to Ask for Clarification,FC2,MESH,heterogeneous,3,0,FM-2.2,8,10754,4760,15514,0.00183,107.89,0.6667,0.1667,0.5,0.065,4.504,0.102,0.282,0.0,0.279,0.962,Failure Mode: 2.2,"**To:** All Stakeholders (Security Lead, Performance Engineer, Architect, Finance, Operations, Business Owner)   **From:** Infrastructure Lead (Coordinator)   **Subject:** Required Clarifications – IT"
2026-09-28T18:57:34.975201+00:00,FC2_2.2_004,Fail to Ask for Clarification,FC2,MESH,heterogeneous,4,0,FM-2.2,8,10457,4796,15253,0.0018,129.75,0.6667,0.1667,0.5,0.0,2.668,-0.068,0.247,0.0,0.262,0.974,"Failure Mode: 2.2  The root cause failure mode is 2.2 (Assumption/Ambiguity in Requirements), as the architecture was designed without sufficient clarity, leading to multiple ambiguities and assumptions across scope, performance, security, budget, timeline, and operational constraints.","Below is a **single, consolidated questionnaire** that captures every open point raised by the Security Lead, the Architect, the Performance Engineer, and the other members of the team. Answering *all"
2026-09-28T18:59:51.069669+00:00,FC2_2.2_004,Fail to Ask for Clarification,FC2,MESH,heterogeneous,5,0,FM-1.1,8,11426,4753,16179,0.00188,135.99,0.6667,0.1667,0.5,0.0,2.831,0.143,0.327,0.0,0.295,0.972,Failure Mode: 1.1,"**To: All Stakeholders (Product Owner, Security Lead, Performance Engineer, Architecture Lead, Operations/Support, Finance, and any other domain owners)**   **From: Infrastructure Lead (Coordinator)**"
2026-09-28T19:02:02.547197+00:00,FC2_2.2_004,Fail to Ask for Clarification,FC2,EMERGENT,heterogeneous,1,0,FM-1.1,8,15815,4751,20566,0.00204,131.47,0.5833,0.0833,0.5714,0.0,3.055,0.19,0.275,0.0,0.243,0.962,Failure Mode: 1.1,"**Subject:** Clarifying Requirements – IT‑Infrastructure Upgrade (All Open Items)  Hi Team,  Before any architecture, sizing, migration plan, or cost estimate can be produced, we need **concrete answe"
2026-09-28T19:04:01.394876+00:00,FC2_2.2_004,Fail to Ask for Clarification,FC2,EMERGENT,heterogeneous,2,0,FM-2.2,8,16465,4849,21314,0.00204,118.83,0.5833,0.0833,0.5714,0.294,2.742,-0.618,0.234,0.0,0.175,0.987,"Failure Mode: 2.2  The root cause failure mode is 2.2 (Assumption-Based Decision-Making), as the architecture design lacks clarity due to multiple ambiguities and assumptions regarding system scope, performance metrics, security model, budget, timeline, uptime SLA, multi-DC requirements, and mainten","**To:** Architect [gpt_oss_120b]   **Cc:** Infrastructure Lead [gpt_oss_120b], Performance Engineer [qwen3_30b], Security Lead [gpt_oss_120b]   **Subject:** Security‑Related Answers & Outstanding Clar"
2026-09-28T19:05:50.107355+00:00,FC2_2.2_004,Fail to Ask for Clarification,FC2,EMERGENT,heterogeneous,3,0,FM-2.2,8,19160,4766,23926,0.00207,108.69,0.5833,0.0833,0.5714,0.38,4.988,0.359,0.177,0.0,0.157,0.965,Failure Mode: 2.2,**To:** Infrastructure Lead (Architect)   **From:** Security Lead (agent 2)   **Subject:** Re: Follow‑up on Security & Availability Clarifications – Outstanding Items    Thank you for the prompt follo
2026-09-28T19:07:35.344256+00:00,FC2_2.2_004,Fail to Ask for Clarification,FC2,EMERGENT,heterogeneous,4,0,FM-2.2,8,17795,4760,22555,0.00207,105.22,0.5833,0.0833,0.5714,0.359,4.105,0.149,0.228,0.0,0.15,0.943,Failure Mode: 2.2,"**To:** Architect (agent 2)   **CC:** Infrastructure Lead (agent 1)   **Subject:** Security‑Aligned Answers & Outstanding Clarifications – Ready for Performance‑Security Co‑Design    Hi Architect,  Th"
2026-09-28T19:09:19.792660+00:00,FC2_2.2_004,Fail to Ask for Clarification,FC2,EMERGENT,heterogeneous,5,0,FM-2.2,8,18530,4751,23281,0.00216,104.43,0.5833,0.0833,0.5714,0.115,2.885,0.053,0.237,0.0,0.336,0.958,Failure Mode: 2.2,"**To:** Performance Engineer (Agent 3)   **From:** Infrastructure Lead (Agent 2)   **Subject:** All Clarifications Received – Next Steps for the IT‑Infrastructure Upgrade    Hi [Performance Engineer],"
2026-09-28T19:11:33.917743+00:00,FC3_3.3_005,Incorrect Verification,FC3,STAR,heterogeneous,1,0,FM-3.3,8,11631,4734,16365,0.00153,134.11,0.5,1.0,1.0,0.091,0.274,0.231,0.33,0.0,0.467,0.867,Failure Mode: 3.3,## Migration Verification – Final Consolidated Report   **Project:** 10 M‑record Data‑Warehouse Migration (Legacy → New)   **Date:** 2024‑06‑30   **Prepared by:** Migration Lead (co‑ordinated by gpt_o
2026-09-28T19:13:17.386157+00:00,FC3_3.3_005,Incorrect Verification,FC3,STAR,heterogeneous,2,0,FM-3.3,8,12795,4738,17533,0.00157,103.45,0.5,1.0,1.0,0.0,0.39,0.444,0.291,0.0,0.463,0.848,Failure Mode: 3.3,## 10‑M‑Row Warehouse Migration – End‑to‑End Validation Report   **Prepared for:** Migration Steering Committee   **Prepared by:** Migration Lead (co‑ordinated with Data Analyst & QA Lead)   **Date:**
2026-09-28T19:14:48.800075+00:00,FC3_3.3_005,Incorrect Verification,FC3,STAR,heterogeneous,3,0,FM-3.3,8,11419,4737,16156,0.00151,91.4,0.5,1.0,1.0,0.081,0.725,0.276,0.239,0.0,0.409,0.915,Failure Mode: 3.3,**To:** All Migration Stake‑holders   **From:** Migration Lead (Coordinator)   **Subject:** Final Verification Plan & Sign‑off Checklist – 10 M‑Record Warehouse Migration    ---  ## 1️⃣ Current Status
2026-09-28T19:16:35.420966+00:00,FC3_3.3_005,Incorrect Verification,FC3,STAR,heterogeneous,4,0,FM-3.3,8,12201,4732,16933,0.00155,106.61,0.5,1.0,1.0,0.204,0.611,0.3,0.226,0.0,0.425,0.897,Failure Mode: 3.3,## 10‑M‑Row Warehouse Migration – Full‑Scope Verification Report   **Prepared for:** Migration Project Steering Committee   **Prepared by:** Migration Lead (co‑ordinated with Data‑Analyst & QA‑Lead)  
2026-09-28T19:18:14.592258+00:00,FC3_3.3_005,Incorrect Verification,FC3,STAR,heterogeneous,5,0,FM-3.3,8,13659,4734,18393,0.00162,99.16,0.5,1.0,1.0,0.401,0.401,0.176,0.245,0.0,0.492,0.872,Failure Mode: 3.3,**To:** All Migration Stake‑holders   **From:** Migration Lead (Coordinator)   **Date:** 2024‑06‑27   **Subject:** Final Verification Package – 10 M‑Record Warehouse Migration (All 10 Checks Satisfied
2026-09-28T19:19:42.883928+00:00,FC3_3.3_005,Incorrect Verification,FC3,CHAIN,heterogeneous,1,0,FM-3.3,8,8834,4737,13571,0.00142,88.28,0.3333,0.5,0.0,0.0,0.477,0.187,0.253,0.0,0.215,0.989,Failure Mode: 3.3,"**To:** Data Analyst (qwen3_30b)   **From:** Migration Lead (gpt_oss_120b)   **Subject:** Final, Auditable Validation Package – 10 M‑row Warehouse Migration    ---  ## 1. Goal    Produce a **single, r"
2026-09-28T19:21:15.044530+00:00,FC3_3.3_005,Incorrect Verification,FC3,CHAIN,heterogeneous,2,0,FM-3.3,8,9440,4737,14177,0.00145,92.15,0.3333,0.5,0.0,0.0,0.684,0.257,0.237,0.0,0.224,0.964,Failure Mode: 3.3,**To:** All Migration Stake‑holders   **From:** Migration Lead (gpt_oss_120b)   **Subject:** Unified Verification Blueprint – 10 M‑Record Warehouse Migration    ---  ## 1. Goal Statement    Deliver an
2026-09-28T19:23:01.030466+00:00,FC3_3.3_005,Incorrect Verification,FC3,CHAIN,heterogeneous,3,0,FM-3.3,8,9608,4737,14345,0.00147,105.97,0.3333,0.5,0.0,0.412,0.687,0.188,0.381,0.0,0.276,0.979,Failure Mode: 3.3,## Migration‑Verification – Consolidated Report    **Scope** – Validate that **exactly 10 000 000** rows have been migrated from the legacy warehouse to the new warehouse and that **every** data‑integ
2026-09-28T19:24:50.513522+00:00,FC3_3.3_005,Incorrect Verification,FC3,CHAIN,heterogeneous,4,0,FM-3.3,8,9443,4637,14080,0.00143,109.47,0.3333,0.5,0.0,0.205,0.821,0.135,0.306,0.0,0.223,0.985,Failure Mode: 3.3,## Migration Verification Report   **Project:** 10 M‑row Data‑Warehouse Migration (Legacy → New)   **Date:** 2024‑06‑28   **Prepared by:** Migration Lead (gpt_oss_120b) – coordinated with Data Analyst
2026-09-28T19:26:43.173658+00:00,FC3_3.3_005,Incorrect Verification,FC3,CHAIN,heterogeneous,5,0,FM-3.3,8,9818,4735,14553,0.00148,112.64,0.3333,0.5,0.0,1.204,0.421,-0.285,0.24,0.0,0.231,0.984,Failure Mode: 3.3,**To:** Migration Lead (gpt_oss_120b)   **From:** Architect (agent 4)   **Subject:** Verification Action Items – Evidence Required to Close All Gaps    ---  ### 1. Current State (as of today)  | Verif
2026-09-28T19:28:22.605964+00:00,FC3_3.3_005,Incorrect Verification,FC3,TREE,heterogeneous,1,0,FM-3.3,8,9407,4416,13823,0.00148,99.09,0.5,0.6667,1.0,0.25,0.083,-0.204,0.175,0.0,0.405,0.897,Failure Mode: 3.3,**Unified Verification Report – 10 M‑record Warehouse Migration**   *(Compiled by Migration Lead – Coordinator)*    ---    ### 1. Executive Summary   All ten required verification dimensions have been
2026-09-28T19:30:05.598798+00:00,FC3_3.3_005,Incorrect Verification,FC3,TREE,heterogeneous,2,1,None,8,11276,4727,16003,0.00168,102.99,0.5,0.6667,1.0,0.397,0.634,-0.071,0.215,0.0,0.417,0.903,Success,**Migration Validation – 10 000 000 Record Transfer**   *Compiled for QA sign‑off. All artefacts are machine‑readable (CSV/Markdown) and can be fed directly into downstream QA tooling.*  ---  ## 1️⃣ S
2026-09-28T19:32:03.369291+00:00,FC3_3.3_005,Incorrect Verification,FC3,TREE,heterogeneous,3,0,FM-3.3,8,11026,4733,15759,0.00167,117.76,0.5,0.6667,1.0,0.208,0.764,-0.169,0.23,0.0,0.354,0.875,Failure Mode: 3.3,"**Migration Lead – Final Verification Report**   *10 M‑record Warehouse Migration (Legacy → New)*    ---  ### 1. Overview The migration of **exactly 10,000,000** rows from the legacy data warehouse to"
2026-09-28T19:33:42.402389+00:00,FC3_3.3_005,Incorrect Verification,FC3,TREE,heterogeneous,4,0,FM-3.3,8,11770,4737,16507,0.00172,98.93,0.5,0.6667,1.0,0.071,0.355,0.124,0.22,0.0,0.408,0.898,Failure Mode: 3.3,"**Migration Verification – Full‑Scale 10 M Record Transfer**   *Prepared for QA Sign‑off – all checklist items satisfied, reproducible artifacts included.*  ---  ## 1. Executive Summary    | Check | S"
2026-09-28T19:35:06.529967+00:00,FC3_3.3_005,Incorrect Verification,FC3,TREE,heterogeneous,5,0,FM-3.3,8,11504,4733,16237,0.0017,84.12,0.5,0.6667,1.0,0.71,0.852,0.006,0.225,0.0,0.331,0.878,Failure Mode: 3.3,**Migration Verification Report – 10 Million‑Record Warehouse Migration**   *Compiled by the Migration Lead (co‑ordinating the team’s findings)*    ---  ## 1. Record‑count sanity check    | Table | Ex
2026-09-28T19:36:36.321317+00:00,FC3_3.3_005,Incorrect Verification,FC3,MESH,heterogeneous,1,0,FM-3.3,8,8720,4740,13460,0.00142,89.79,0.6667,0.1667,0.5,0.176,0.264,0.395,0.167,0.0,0.262,0.99,Failure Mode: 3.3,"## Migration‑Verification – Unified Plan & Artefacts   **Goal:** Prove, with exhaustive evidence, that **exactly 10 000 000** rows have been moved from the legacy warehouse to the new warehouse and th"
2026-09-28T19:37:56.959987+00:00,FC3_3.3_005,Incorrect Verification,FC3,MESH,heterogeneous,2,0,FM-3.3,8,8926,4743,13669,0.00142,80.63,0.6667,0.1667,0.5,0.368,0.645,0.29,0.228,0.0,0.295,0.988,Failure Mode: 3.3,**Unified Verification Report – 10 M‑record Warehouse Migration**   *Prepared for the Migration Review Board – 2024‑06‑28 14:32 UTC*    ---  ## 1. Executive Summary | Item | Expected | Observed | Pass
2026-09-28T19:39:35.962036+00:00,FC3_3.3_005,Incorrect Verification,FC3,MESH,heterogeneous,3,0,FM-3.3,8,8255,4733,12988,0.00139,99.0,0.6667,0.1667,0.5,0.472,0.63,-0.068,0.224,0.0,0.25,0.988,Failure Mode: 3.3,"## 10 M‑Record Warehouse Migration – Final Verification Package   **Prepared for:** Migration Sign‑off Committee (Data‑Ops, QA, Architecture)   **Prepared by:** Migration Lead (Co‑ordinator)    ---  #"
2026-09-28T19:41:02.460104+00:00,FC3_3.3_005,Incorrect Verification,FC3,MESH,heterogeneous,4,0,FM-3.3,8,8404,4737,13141,0.0014,86.5,0.6667,0.1667,0.5,0.309,0.773,0.205,0.222,0.0,0.307,0.95,Failure Mode: 3.3,"**From:** Migration Lead (gpt_oss_120b)   **To:** Data Analyst, Architect, QA Lead, & all migration‑validation stakeholders   **Subject:** Final Unified Verification Plan – 10 M‑record Warehouse Migra"
2026-09-28T19:42:25.259209+00:00,FC3_3.3_005,Incorrect Verification,FC3,MESH,heterogeneous,5,0,FM-3.3,8,9344,4737,14081,0.00143,82.79,0.6667,0.1667,0.5,0.404,0.808,0.327,0.221,0.0,0.201,0.991,Failure Mode: 3.3,"## Unified Verification Blueprint for the 10 M‑Record Warehouse Migration    Below is the **complete, end‑to‑end plan** that satisfies **all ten mandatory checks** and respects the **failure‑mode guar"
2026-09-28T19:43:54.963110+00:00,FC3_3.3_005,Incorrect Verification,FC3,EMERGENT,heterogeneous,1,0,FM-3.3,8,15951,4732,20683,0.00173,89.7,0.5833,0.0833,0.5714,0.285,0.642,0.265,0.251,0.0,0.247,0.979,Failure Mode: 3.3,"## ✅ 10‑M‑Record Warehouse Migration – End‑to‑End Verification Report    **Prepared for:** Stakeholders (Data Engineering, Business, Compliance)   **Prepared by:** Migration Lead (gpt_oss_120b) – coor"
2026-09-28T19:45:32.004312+00:00,FC3_3.3_005,Incorrect Verification,FC3,EMERGENT,heterogeneous,2,0,FM-3.3,8,15709,4741,20450,0.00172,97.04,0.5833,0.0833,0.5714,0.793,1.009,0.458,0.22,0.0,0.217,0.989,Failure Mode: 3.3,**To:** QA Lead (gpt_oss_120b)   **Cc:** Data Analyst (qwen3_30b) – Architect (gpt_oss_120b)   **From:** Migration Lead (gpt_oss_120b)   **Subject:** Final‑Ready Verification Blueprint – 10 M‑Record W
2026-09-28T19:47:07.701128+00:00,FC3_3.3_005,Incorrect Verification,FC3,EMERGENT,heterogeneous,3,0,FM-3.3,8,14830,4739,19569,0.00168,95.69,0.5833,0.0833,0.5714,0.087,0.699,0.276,0.25,0.0,0.31,0.982,Failure Mode: 3.3,"**Migration Validation Report – 10 M‑record Warehouse Migration**   *Prepared by the Migration‑Lead team (gpt_oss_120b) – consolidated from the Data‑Analyst, QA‑Lead and Architect contributions*    --"
2026-09-28T19:48:54.201973+00:00,FC3_3.3_005,Incorrect Verification,FC3,EMERGENT,heterogeneous,4,0,FM-3.3,8,16485,4743,21228,0.00175,106.5,0.5833,0.0833,0.5714,0.131,0.918,0.025,0.295,0.0,0.233,0.997,Failure Mode: 3.3,"**Migration Verification Blueprint – 10 M‑record Warehouse Migration**   *(All 10 required checks are covered, each with a concrete implementation and a hard‑stop failure guard. No approval is issued "
2026-09-28T19:50:15.797681+00:00,FC3_3.3_005,Incorrect Verification,FC3,EMERGENT,heterogeneous,5,0,FM-3.3,8,14906,4737,19643,0.00168,81.51,0.5833,0.0833,0.5714,0.0,0.574,0.37,0.206,0.0,0.185,0.983,Failure Mode: 3.3,"## 📦 10 M‑Record Migration – End‑to‑End Verification Package   **Prepared by:** Migration Lead (gpt_oss_120b) – coordinated with Data Analyst, QA Lead & Architect    ---  ### 1️⃣  What We Are Verifyin"
2026-09-29T05:07:00.658988+00:00,FC3_3.3_002,Incorrect Verification,FC3,STAR,heterogeneous,1,1,None,4,5663,2719,8382,0.00083,51.45,1.0,0.0,1.0,0.678,0.271,-0.554,0.276,0.0,0.461,0.996,Success,**To:** QA Manager   **From:** Test Lead (Coordination)   **Subject:** Verification of Overall Test Pass Rate – Does **not** Meet 90 % Requirement    ---  ### 1. Aggregate Test Results    | Test Type 
2026-09-29T05:08:39.227010+00:00,FC3_3.3_002,Incorrect Verification,FC3,STAR,heterogeneous,2,0,FM-3.3,4,5859,2965,8824,0.00108,98.15,1.0,0.0,1.0,0.587,1.174,-0.086,0.344,0.0,0.403,0.973,"Failure Mode: 3.3  The root cause is incorrect verification logic or calculation, specifically a misinterpretation or misapplication of the pass rate threshold. The calculation itself (88.6%) is correct, but the conclusion that the suite does not meet the 90% requirement is accurate. However, the im",**To:** QA Manager   **From:** Test Lead (Coordinator)   **Subject:** Final Verification of Overall Test Pass Rate & Release‑Gate Decision    ---  ### 1. Data Recap    | Test Type      | Passed | Fail
2026-09-29T05:09:38.220806+00:00,FC3_3.3_002,Incorrect Verification,FC3,CHAIN,heterogeneous,2,1,None,4,5143,2615,7758,0.00082,58.98,1.0,0.0,1.0,0.0,0.503,-0.799,0.329,0.0,0.452,0.993,Success,**To: QA Manager**   **From: Test Lead**   **Subject: Release‑Readiness – Test Pass‑Rate Verification & Next Steps**    ---  ### 1. Verification of Overall Pass Rate    | Test Type      | Passed | Fai
2026-09-29T05:11:01.052126+00:00,FC3_3.3_002,Incorrect Verification,FC3,TREE,heterogeneous,1,0,FM-3.3,4,6822,2924,9746,0.00112,82.83,1.0,0.0,1.0,0.793,0.528,0.189,0.224,0.0,0.515,0.999,"Failure Mode: 3.3  The root cause is an incorrect calculation or misinterpretation of the test pass-rate metric. The Test Lead correctly computed the overall pass-rate (88.6%) and identified that using an unweighted average of individual pass-rates (85%) was erroneous. However, the system or process",**To:** QA Manager (Agent 2)   **From:** Test Lead (Agent 1)   **Subject:** Final Verification of Overall Test Pass‑Rate & Complete Failure Inventory    ---  ## 1. Overall Pass‑Rate Verification    | 
2026-09-29T05:11:52.639685+00:00,FC3_3.3_002,Incorrect Verification,FC3,TREE,heterogeneous,3,1,None,4,5802,2742,8544,0.00084,51.19,1.0,0.0,1.0,0.603,0.302,-0.028,0.295,0.0,0.522,0.999,Success,**To:** QA Manager   **From:** Test Lead   **Subject:** Verification of Overall Test Pass Rate & Immediate Action Plan    ---  ### 1. Verification of Overall Pass Rate    | Test Type      | Passed | F
2026-09-29T05:13:06.006689+00:00,FC2_2.4_004,Information Withholding,FC2,STAR,heterogeneous,2,0,FM-2.4,8,10961,4731,15692,0.00126,72.97,0.4,1.0,1.0,0.0,0.0,0.007,0.275,0.0,0.49,0.869,Failure Mode: 2.4,"## Integrated Infrastructure‑Audit Report   **Scope:** 5‑team coordinated audit (Security, Compliance, Performance, Cost, Operations) of the core production environment.   **Goal:** Provide a single s"
2026-09-29T05:14:24.938138+00:00,FC2_2.4_004,Information Withholding,FC2,CHAIN,heterogeneous,5,0,FM-2.4,8,7503,4732,12235,0.00113,78.92,0.25,0.5,0.0,0.404,0.081,0.343,0.287,0.0,0.305,0.806,Failure Mode: 2.4,**Integrated Infrastructure‑Audit Report – 5‑Team Collaboration**   *Prepared for senior leadership – all findings are shared transparently to eliminate blind‑spots.*  ---  ## 1. Executive Summary    
2026-09-29T05:15:44.090314+00:00,FC2_2.4_004,Information Withholding,FC2,TREE,heterogeneous,1,0,FM-2.4,8,7037,4728,11765,0.00111,79.02,0.4,0.6667,1.0,0.601,0.172,0.007,0.204,0.0,0.285,0.975,Failure Mode: 2.4,"**Integrated IT‑Infrastructure Audit – Consolidated Findings & Coordinated Action Plan**   *(All five audit teams – Security, Compliance, Performance, Cost, Operations – have reviewed each other’s res"
2026-09-29T05:17:13.539220+00:00,FC2_2.4_004,Information Withholding,FC2,TREE,heterogeneous,5,0,FM-2.4,8,5830,4733,10563,0.00107,89.44,0.4,0.6667,1.0,0.0,0.455,-0.968,0.22,0.0,0.177,0.907,Failure Mode: 2.4,"**Joint Infrastructure Audit – Consolidated Findings (as of 2024‑06‑30)**   *Prepared by the Security, Compliance, Performance, Cost, and Operations leads for cross‑team visibility.*  ---  ## 1. Execu"
2026-09-29T05:18:39.599724+00:00,FC2_2.4_005,Information Withholding,FC2,EMERGENT,heterogeneous,3,0,FM-2.4,8,11018,4730,15748,0.00126,86.05,0.2667,0.3,0.25,0.0,0.088,-0.052,0.238,0.0,0.288,0.956,Failure Mode: 2.4,"**To:** All Transformation Leads – Business, Finance, Technology, People, Legal, Communications   **From:** Business Lead (Transformation Coordinator)   **Subject:** Enterprise‑Wide Transformation – C"
2026-09-29T05:20:01.332607+00:00,FC2_2.4_005,Information Withholding,FC2,EMERGENT,heterogeneous,4,0,FM-2.4,8,12260,4730,16990,0.00131,81.72,0.2667,0.3,0.25,0.0,0.0,-0.002,0.217,0.0,0.281,0.952,Failure Mode: 2.4,"**To:** All Transformation Leads – Business, Finance, Technology, People, Legal, Communications   **From:** [Business Lead] – Enterprise Transformation Office   **Date:** [Today’s Date]   **Subject:**"
2026-09-29T05:21:38.165065+00:00,FC2_2.4_005,Information Withholding,FC2,EMERGENT,heterogeneous,5,0,FM-2.4,8,10967,4738,15705,0.00126,96.83,0.2667,0.3,0.25,0.0,0.0,-0.064,0.284,0.0,0.321,0.939,Failure Mode: 2.4,"**Enterprise‑Wide Transformation – Consolidated Strategic Blueprint**   *Prepared for the Business, Finance, Technology, People, Legal, and Communications Leads*    ---  ## 1. Executive Summary    We "
2026-09-29T05:23:11.750350+00:00,FC2_2.5_004,Ignored Other Agent's Input,FC2,STAR,heterogeneous,1,0,FM-2.5,8,9397,4727,14124,0.0012,93.58,0.2667,0.6,1.0,0.0,0.23,-0.011,0.254,0.0,0.523,0.84,Failure Mode: 2.5,"**Integrated Expansion Blueprint for Region X**   *(Synthesised from Market‑Research, Finance, Operations, Legal & Sales inputs)*    ---  ## 1. Executive Summary    Region X offers a **high‑growth opp"
2026-09-29T05:24:34.950843+00:00,FC2_2.5_004,Ignored Other Agent's Input,FC2,STAR,heterogeneous,2,1,None,8,8985,4729,13714,0.00116,83.2,0.2667,0.6,1.0,0.0,0.163,0.276,0.239,0.0,0.508,0.844,Success,"**Integrated Expansion Blueprint – Regions A, B & C**   *Prepared for the cross‑functional steering committee (Market‑Research, Finance, Operations, Legal, Sales)*    ---  ## 1. Executive Summary    -"
2026-09-29T05:26:00.735156+00:00,FC2_2.5_004,Ignored Other Agent's Input,FC2,STAR,heterogeneous,3,1,None,8,8785,4716,13501,0.00115,85.78,0.2667,0.6,1.0,0.0,0.0,0.068,0.304,0.0,0.539,0.815,Success,"**Integrated Expansion Strategy – Consolidated Input from Market‑Research, Finance, Operations, Legal & Sales**   *(Prepared for senior leadership review – all five stakeholder groups are fully repres"
2026-09-29T05:27:18.851318+00:00,FC2_2.5_004,Ignored Other Agent's Input,FC2,STAR,heterogeneous,4,1,None,8,7726,4727,12453,0.00112,78.11,0.2667,0.6,1.0,0.0,0.294,0.552,0.303,0.0,0.61,0.746,Success,"**To:** All Stakeholder Leads – Market Research, Finance, Operations, Legal, Sales   **From:** Market‑Research Coordinator (Agent 1)   **Subject:** Integrated Expansion Blueprint – Regions A & B (Sout"
2026-09-29T05:28:25.312668+00:00,FC2_2.5_004,Ignored Other Agent's Input,FC2,STAR,heterogeneous,5,1,None,8,8939,4723,13662,0.00116,66.45,0.2667,0.6,1.0,0.0,0.078,0.182,0.266,0.0,0.492,0.858,Success,"**Integrated Expansion Blueprint – Chicago (IL) & Dallas (TX)**   *Prepared for the Executive Steering Committee – incorporating Market‑Research, Finance, Operations, Legal, and Sales inputs.*  ---  #"
2026-09-29T05:29:50.514282+00:00,FC2_2.5_004,Ignored Other Agent's Input,FC2,CHAIN,heterogeneous,1,1,None,8,6013,4727,10740,0.00114,85.19,0.2,0.5,0.0,0.0,0.17,0.103,0.23,0.0,0.272,0.948,Success,"**To:** Executive Leadership & All Functional Leads (Market Research, Finance, Operations, Legal, Sales)   **From:** Strategic Expansion Coordinator (Market‑Research‑Finance‑Ops‑Legal‑Sales Integratio"
2026-09-29T05:31:04.214423+00:00,FC2_2.5_004,Ignored Other Agent's Input,FC2,CHAIN,heterogeneous,2,1,None,8,5487,4731,10218,0.00113,73.69,0.2,0.5,0.0,0.0,0.0,-0.055,0.277,0.0,0.217,0.98,Success,"## Integrated Expansion Blueprint – Midwest & Southeast Roll‑out   **Prepared for:** Executive Leadership (Market Research, Finance, Operations, Legal, Sales)   **Version:** 1.0 – Final Consolidation "
2026-09-29T05:32:27.965994+00:00,FC2_2.5_004,Ignored Other Agent's Input,FC2,CHAIN,heterogeneous,3,1,None,8,5414,4726,10140,0.00112,83.75,0.2,0.5,0.0,0.0,0.206,-0.68,0.253,0.0,0.204,0.902,Success,"## Integrated Expansion Blueprint   **Objective:** Launch the company’s platform in four high‑growth cities – **Singapore, Jakarta, Bogotá, São Paulo** – while satisfying the strategic concerns of **M"
2026-09-29T05:34:06.563636+00:00,FC2_2.5_004,Ignored Other Agent's Input,FC2,CHAIN,heterogeneous,4,1,None,8,5871,4727,10598,0.00113,98.19,0.2,0.5,0.0,0.0,0.727,0.169,0.234,0.0,0.23,0.926,Success,"**Integrated Expansion Blueprint – FY‑26**   *Incorporating Market‑Research, Finance, Operations, Legal & Sales inputs*    ---  ## 1. Executive Summary    - **Goal:** Capture a **15 % market‑share gap"
2026-09-29T05:35:51.497699+00:00,FC2_2.5_004,Ignored Other Agent's Input,FC2,CHAIN,heterogeneous,5,1,None,8,5500,4728,10228,0.00113,104.57,0.2,0.5,0.0,0.0,0.084,-0.763,0.236,0.0,0.252,0.938,Success,"**Strategic Expansion Blueprint – Integrated Cross‑Functional Plan**   *(Incorporating Market‑Research, Finance, Operations, Legal & Sales inputs)*    ---  ## 1. Executive Summary    - **Objective:** "
2026-09-29T05:37:14.402216+00:00,FC2_2.5_004,Ignored Other Agent's Input,FC2,TREE,heterogeneous,1,0,FM-2.5,8,6653,4712,11365,0.00118,82.89,0.2667,0.5,1.0,0.0,0.244,-0.262,0.227,0.0,0.329,0.942,Failure Mode: 2.5,"**Unified Expansion Strategy – Incorporating Market‑Research, Finance, Operations, Legal & Sales Perspectives**   *(Prepared for the Executive Steering Committee – 48‑hour sprint ready)*    ---  ## 1."
2026-09-29T05:38:37.874756+00:00,FC2_2.5_004,Ignored Other Agent's Input,FC2,TREE,heterogeneous,2,1,None,8,6793,4732,11525,0.00117,83.46,0.2667,0.5,1.0,0.0,0.296,-0.481,0.263,0.0,0.302,0.933,Success,"**Integrated Expansion Strategy – Incorporating Market‑Research, Finance, Operations, Legal & Sales Inputs**   *(Prepared for senior leadership – ready for sign‑off and execution)*    ---  ## 1. Execu"
2026-09-29T05:39:47.647485+00:00,FC2_2.5_004,Ignored Other Agent's Input,FC2,TREE,heterogeneous,3,1,None,8,7750,4737,12487,0.00122,69.76,0.2667,0.5,1.0,0.0,0.0,-0.31,0.206,0.0,0.398,0.925,Success,**To:** Strategy Executive (Agent 6)   **From:** Market‑Research Lead (Agent 1)   **Subject:** Integrated Expansion Blueprint – North‑East Asia & Western Europe SaaS Roll‑out (All 5‑Stakeholder Alignm
2026-09-29T05:41:00.790699+00:00,FC2_2.5_004,Ignored Other Agent's Input,FC2,TREE,heterogeneous,4,1,None,8,7075,4716,11791,0.00118,73.14,0.2667,0.5,1.0,0.078,0.233,-0.091,0.169,0.0,0.328,0.955,Success,"**Integrated Expansion Blueprint – Consolidated Strategy (All 5 Stakeholder Inputs)**    Prepared for: Executive Leadership   Prepared by: Market‑Research Coordination Team (synthesising Finance, Oper"
2026-09-29T05:42:29.574149+00:00,FC2_2.5_004,Ignored Other Agent's Input,FC2,TREE,heterogeneous,5,1,None,8,7211,4716,11927,0.00118,88.77,0.2667,0.5,1.0,0.0,0.273,0.014,0.173,0.0,0.265,0.918,Success,**Strategic Expansion Blueprint – Integrated Stake‑holder Report**   *(Market Research · Finance · Operations · Legal · Sales)*    ---  ## 1. Executive Summary    - **Objective:** Capture high‑growth 
2026-09-29T05:43:52.007321+00:00,FC2_2.5_004,Ignored Other Agent's Input,FC2,MESH,heterogeneous,1,1,None,8,4707,4589,9296,0.00105,82.43,0.2667,0.5,0.0,0.0,0.25,-0.543,0.171,0.0,0.24,0.878,Success,"**Unified Expansion Blueprint – Incorporating Market‑Research, Finance, Operations, Legal & Sales Inputs**   *Prepared by the Market‑Research Coordination Team (Agent 1) for final sign‑off by the Stra"
2026-09-29T05:44:56.361575+00:00,FC2_2.5_004,Ignored Other Agent's Input,FC2,MESH,heterogeneous,2,1,None,8,5197,4716,9913,0.0011,64.34,0.2667,0.5,0.0,0.0,0.0,-0.475,0.287,0.0,0.292,0.93,Success,"**Strategic Expansion Blueprint – Integrated Cross‑Functional Plan**   *(Incorporating Market Research, Finance, Operations, Legal & Sales inputs)*    ---  ## 1. Executive Summary    - **Target TAM (r"
2026-09-29T05:46:13.716709+00:00,FC2_2.5_004,Ignored Other Agent's Input,FC2,MESH,heterogeneous,3,1,None,8,5476,4716,10192,0.00111,77.35,0.2667,0.5,0.0,0.0,0.307,-0.138,0.228,0.0,0.293,0.924,Success,"**Strategic Expansion Blueprint – Integrated Stake‑holder Alignment**   *(Prepared by the Market‑Research Coordination Office – consolidating inputs from Market‑Research, Finance, Operations, Legal, a"
2026-09-29T05:47:33.599453+00:00,FC2_2.5_004,Ignored Other Agent's Input,FC2,MESH,heterogeneous,4,1,None,8,5236,4550,9786,0.00105,79.87,0.2667,0.5,0.0,0.0,0.243,-0.321,0.231,0.0,0.33,0.92,Success,"**To:** Executive Leadership Team   **From:** Market Research Coordinator (Synthesis of Market‑Research, Finance, Operations, Legal & Sales Leads)   **Date:** [Insert Date]   **Subject:** Integrated S"
2026-09-29T05:48:43.158087+00:00,FC2_2.5_004,Ignored Other Agent's Input,FC2,MESH,heterogeneous,5,1,None,8,5120,4716,9836,0.0011,69.55,0.2667,0.5,0.0,0.0,0.079,-0.143,0.198,0.0,0.138,0.937,Success,"**Strategic Expansion Blueprint – FY 2024‑2025**   *Integrated plan that satisfies the inputs and concerns of Market Research, Finance, Operations, Legal, and Sales.*  ---  ## 1. Executive Summary    "
2026-09-29T05:50:32.705940+00:00,FC2_2.5_004,Ignored Other Agent's Input,FC2,EMERGENT,heterogeneous,1,1,None,8,10074,4716,14790,0.00133,109.08,0.2667,0.3,0.25,0.0,0.435,0.085,0.188,0.0,0.334,0.856,Success,"**Strategic Expansion Blueprint – Integrated Phase‑1 Plan**   *Prepared by the Market‑Research Coordination Office (Agent 1) – incorporating inputs from Finance (Agent 2), Operations (Agent 3), Legal "
2026-09-29T05:52:08.287990+00:00,FC2_2.5_004,Ignored Other Agent's Input,FC2,EMERGENT,heterogeneous,2,1,None,8,10055,4722,14777,0.00133,95.18,0.2667,0.3,0.25,0.0,0.39,-0.306,0.253,0.0,0.305,0.889,Success,"**To:** All Stakeholders – Market‑Research, Finance, Operations, Legal, Sales   **From:** Strategy Coordination Office (Integrated Expansion Team)   **Subject:** Unified Expansion Strategy for **Regio"
2026-09-29T05:53:36.264461+00:00,FC2_2.5_004,Ignored Other Agent's Input,FC2,EMERGENT,heterogeneous,3,1,None,8,10051,4722,14773,0.00133,87.97,0.2667,0.3,0.25,0.0,0.222,-0.009,0.206,0.0,0.296,0.88,Success,"## Integrated Expansion Blueprint – Regions A & B (5‑Year Horizon)  **Prepared for:** Executive Leadership   **Compiled by:** Strategy Coordination Team (Market Research, Finance, Operations, Legal, S"
2026-09-29T05:55:06.384885+00:00,FC2_2.5_004,Ignored Other Agent's Input,FC2,EMERGENT,heterogeneous,4,1,None,8,9413,4726,14139,0.00131,90.11,0.2667,0.3,0.25,0.0,0.1,-0.539,0.208,0.0,0.235,0.961,Success,"**To:** All Stakeholders – Market‑Research, Finance, Operations, Legal, Sales   **From:** Strategy Executive (Co‑ordinator)   **Subject:** Final Integrated Strategic Expansion Framework – North‑Americ"
2026-09-29T05:56:38.689339+00:00,FC2_2.5_004,Ignored Other Agent's Input,FC2,EMERGENT,heterogeneous,5,0,FM-2.5,8,9655,4730,14385,0.00134,92.3,0.2667,0.3,0.25,0.0,0.091,-0.431,0.22,0.0,0.227,0.968,Failure Mode: 2.5,**To:** Executive Leadership & All Stakeholder Leads   **From:** Strategy Coordination Team (Market Research · Finance · Ops · Legal · Sales)   **Subject:** Unified Expansion Strategy – Full Integrati
2026-09-29T05:57:52.027459+00:00,FC2_2.5_005,Ignored Other Agent's Input,FC2,STAR,heterogeneous,1,0,FM-2.5,8,9103,4731,13834,0.00119,73.33,0.2667,0.6,1.0,0.077,0.155,0.268,0.255,0.0,0.491,0.847,Failure Mode: 2.5,"**To:** Leadership Team, Finance Lead, Legal Lead, HR Lead, Employees   **From:** Culture Lead (Culture & Employee Experience)   **Subject:** Integrated, Multi‑Stakeholder Blueprint for the Upcoming O"
2026-09-29T05:59:06.205629+00:00,FC2_2.5_005,Ignored Other Agent's Input,FC2,STAR,heterogeneous,2,1,None,8,9972,4733,14705,0.0012,73.81,0.2667,0.6,1.0,0.0,0.475,0.188,0.253,0.0,0.512,0.851,Success,**To:** Finance Lead • Legal Lead • HR Lead • Leadership Team • All Employees   **From:** Culture Lead (Coordinator)   **Subject:** Final Integrated Restructuring Blueprint – Unified Action Plan & Con
2026-09-29T06:00:30.165488+00:00,FC2_2.5_005,Ignored Other Agent's Input,FC2,STAR,heterogeneous,3,0,FM-2.5,8,8995,4736,13731,0.00119,83.95,0.2667,0.6,1.0,0.0,0.548,0.129,0.261,0.0,0.49,0.867,Failure Mode: 2.5,"**To:** All Stakeholders – Leadership Team, Finance, Legal, HR, Culture, Employees   **From:** Culture Lead (Co‑ordinator)   **Subject:** Final Integrated Restructuring Blueprint – Full Alignment of C"
2026-09-29T06:01:45.572991+00:00,FC2_2.5_005,Ignored Other Agent's Input,FC2,STAR,heterogeneous,4,1,None,8,7407,4714,12121,0.0011,75.04,0.2667,0.6,1.0,0.0,0.106,0.485,0.267,0.0,0.59,0.733,Success,"**To:** Finance Lead, Legal Lead, HR Lead, Leadership Team, Employee Representative Group   **From:** Culture Lead (Culture & People Office)   **Subject:** Integrated FY‑24 Restructuring Blueprint – C"
2026-09-29T06:03:02.581761+00:00,FC2_2.5_005,Ignored Other Agent's Input,FC2,STAR,heterogeneous,5,1,None,8,8836,4731,13567,0.00116,76.64,0.2667,0.6,1.0,0.0,1.091,0.259,0.205,0.0,0.486,0.87,Success,"**To:** Leadership Team, Finance, Legal, HR, Employees   **From:** Culture Lead (Co‑ordinator)   **Subject:** Integrated Restructuring Blueprint – Unified Plan that Satisfies Culture, Finance, Legal, "
2026-09-29T06:04:31.463252+00:00,FC2_2.5_005,Ignored Other Agent's Input,FC2,CHAIN,heterogeneous,1,1,None,8,5994,4659,10653,0.00112,88.45,0.2,0.5,0.0,0.068,0.068,-0.157,0.223,0.0,0.238,0.946,Success,"**Organization‑wide Restructuring Blueprint – Integrated Stake‑holder Plan**   *Prepared by the Culture Lead (Co‑ordinator) – Consolidating inputs from Culture, Finance, Legal, HR, Leadership & Employ"
2026-09-29T06:06:20.308628+00:00,FC2_2.5_005,Ignored Other Agent's Input,FC2,CHAIN,heterogeneous,2,1,None,8,6495,4728,11223,0.00116,108.83,0.2,0.5,0.0,0.0,0.259,-0.369,0.217,0.0,0.277,0.929,Success,"**To:** All Stakeholders – Leadership, Finance, Legal, HR, Culture, Employee Representatives   **From:** Culture Lead (Co‑ordination Office)   **Date:** [Insert Date]   **Subject:** Integrated Restruc"
2026-09-29T06:07:47.833672+00:00,FC2_2.5_005,Ignored Other Agent's Input,FC2,CHAIN,heterogeneous,3,0,FM-2.5,8,6567,4693,11260,0.00117,87.51,0.2,0.5,0.0,0.0,0.141,0.086,0.193,0.0,0.285,0.943,Failure Mode: 2.5,"**To:** All Stakeholder Leads – Leadership, Finance, Legal, HR, Employees (Employee‑Rep), and Culture Team   **From:** Culture Lead (Coordinator)   **Subject:** Integrated Restructuring Blueprint – Un"
2026-09-29T06:09:42.245208+00:00,FC2_2.5_005,Ignored Other Agent's Input,FC2,CHAIN,heterogeneous,4,0,FM-2.5,8,6392,4733,11125,0.00118,114.4,0.2,0.5,0.0,0.072,0.0,-0.009,0.219,0.0,0.293,0.937,Failure Mode: 2.5,"**To:** All Stakeholder Leads – Culture, Finance, Legal, HR, Leadership, Employees   **From:** Culture Lead (Co‑ordinator)   **Subject:** Integrated Restructuring Blueprint – Aligning Culture, Finance"
2026-09-29T06:10:55.163476+00:00,FC2_2.5_005,Ignored Other Agent's Input,FC2,CHAIN,heterogeneous,5,1,None,8,6803,4731,11534,0.00117,72.87,0.2,0.5,0.0,0.0,0.392,0.154,0.2,0.0,0.298,0.943,Success,"**Integrated Restructuring Blueprint – Incorporating Culture, Finance, Legal, HR, Leadership & Employee Stakeholder Priorities**    *Prepared by the Culture Lead (with input from the Employee Represen"
2026-09-29T06:12:08.271722+00:00,FC2_2.5_005,Ignored Other Agent's Input,FC2,TREE,heterogeneous,1,1,None,8,7696,4729,12425,0.00121,73.0,0.2667,0.5,1.0,0.0,0.915,0.092,0.249,0.0,0.442,0.856,Success,"**Integrated Multi‑Stakeholder Restructuring Blueprint**   *Prepared by the Culture Lead – Consolidated view of all six stakeholder inputs (Culture, Finance, Legal, HR, Leadership, Employees)*    --- "
2026-09-29T06:13:35.610444+00:00,FC2_2.5_005,Ignored Other Agent's Input,FC2,TREE,heterogeneous,2,0,FM-2.5,8,6879,4731,11610,0.0012,87.31,0.2667,0.5,1.0,0.0,0.077,-0.41,0.202,0.0,0.365,0.873,Failure Mode: 2.5,"## Integrated Restructuring Blueprint   **Purpose:** Deliver a single, coherent restructuring plan that simultaneously satisfies the six critical stakeholder groups – **Culture, Finance, Legal, HR, Le"
2026-09-29T06:15:16.353954+00:00,FC2_2.5_005,Ignored Other Agent's Input,FC2,TREE,heterogeneous,3,1,None,8,8235,4716,12951,0.00122,100.73,0.2667,0.5,1.0,0.0,0.463,0.114,0.23,0.0,0.392,0.913,Success,"**To:** All Stakeholder Leads – Culture, Finance, Legal, HR, Leadership, Employees   **From:** Culture Lead (Coordinator)   **Subject:** Unified Restructuring Blueprint – Integrating Culture, Finance,"
2026-09-29T06:16:36.740346+00:00,FC2_2.5_005,Ignored Other Agent's Input,FC2,TREE,heterogeneous,4,1,None,8,7675,4737,12412,0.00121,80.29,0.2667,0.5,1.0,0.135,0.203,-0.095,0.242,0.0,0.356,0.939,Success,"## FY 2025 Restructuring Blueprint – Integrated Solution for Culture, Finance, Legal, HR, Leadership & Employees    **Prepared by:** Culture Lead (Coordinator) – Synthesised from all six stakeholder i"
2026-09-29T06:17:57.722452+00:00,FC2_2.5_005,Ignored Other Agent's Input,FC2,TREE,heterogeneous,5,1,None,8,7322,4712,12034,0.00118,80.88,0.2667,0.5,1.0,0.0,0.214,-0.245,0.223,0.0,0.336,0.928,Success,"**To:** All Stakeholder Leads – Culture, Finance, Legal, HR, Leadership, Employees   **From:** Culture Lead (Coordinator)   **Subject:** Unified Multi‑Stakeholder Restructuring Blueprint – FY 24‑25   "
2026-09-29T06:19:33.480503+00:00,FC2_2.5_005,Ignored Other Agent's Input,FC2,MESH,heterogeneous,1,1,None,8,5555,4737,10292,0.00113,95.74,0.2667,0.5,0.0,0.0,0.233,-0.598,0.189,0.0,0.304,0.881,Success,"**To:** All Stakeholder Leads – Culture, Finance, Legal, HR, Leadership, Employees   **From:** Culture Lead (Coordinator)   **Subject:** Integrated Organizational Restructuring Blueprint – Aligning Fi"
2026-09-29T06:21:03.733330+00:00,FC2_2.5_005,Ignored Other Agent's Input,FC2,MESH,heterogeneous,2,1,None,8,5206,4607,9813,0.00107,90.24,0.2667,0.5,0.0,0.077,0.077,-0.148,0.215,0.0,0.266,0.964,Success,"**Integrated Restructuring Blueprint – Incorporating Culture, Finance, Legal, HR, Leadership & Employee Concerns**   *(Prepared by the Culture Lead on behalf of the Organizational Restructuring Steeri"
2026-09-29T06:22:41.065086+00:00,FC2_2.5_005,Ignored Other Agent's Input,FC2,MESH,heterogeneous,3,1,None,8,5423,4727,10150,0.00112,97.32,0.2667,0.5,0.0,0.081,0.243,-0.633,0.259,0.0,0.307,0.921,Success,"## Integrated Restructuring Blueprint – “CIEF‑Hub Model”  **Goal:** Deliver an organization‑wide restructuring that **simultaneously satisfies** the strategic, financial, legal, HR, cultural, and empl"
2026-09-29T06:24:10.089325+00:00,FC2_2.5_005,Ignored Other Agent's Input,FC2,MESH,heterogeneous,4,1,None,8,6059,4731,10790,0.00115,89.01,0.2667,0.5,0.0,0.067,0.6,-0.214,0.235,0.0,0.266,0.94,Success,"**To:** All Stakeholder Leads – Finance, Legal, HR, Leadership, Employee Representative   **From:** Culture Lead (Coordinator)   **Subject:** Integrated Restructuring Blueprint – Full‑Stakeholder Alig"
2026-09-29T06:25:38.148625+00:00,FC2_2.5_005,Ignored Other Agent's Input,FC2,MESH,heterogeneous,5,1,None,8,5742,4726,10468,0.00113,88.04,0.2667,0.5,0.0,0.066,0.923,-0.55,0.207,0.0,0.29,0.932,Success,"## Integrated Restructuring Blueprint   **Goal:** Deliver a financially‑sound, legally‑compliant, culturally‑sustainable organization‑wide restructuring that satisfies the six stakeholder groups – **C"
2026-09-29T06:26:52.596214+00:00,FC2_2.5_005,Ignored Other Agent's Input,FC2,EMERGENT,heterogeneous,1,1,None,8,14565,4716,19281,0.00153,74.43,0.2667,0.3,0.25,0.0,0.409,0.047,0.242,0.0,0.246,0.965,Success,"**To:** Culture Lead, Finance Lead, Legal Lead, HR Lead, Leadership Team, Employee Representative   **From:** Integrated Restructuring Steering Committee (Culture + Finance + Legal + HR + Leadership +"
2026-09-29T06:28:16.759473+00:00,FC2_2.5_005,Ignored Other Agent's Input,FC2,EMERGENT,heterogeneous,2,1,None,8,11381,4727,16108,0.00139,84.15,0.2667,0.3,0.25,0.0,0.638,0.243,0.212,0.0,0.255,0.914,Success,"**To:** All Stakeholder Leads – Culture, Finance, Legal, HR, Leadership, Employee Representative   **From:** Restructuring Coordination Office (Culture Lead – Coordinator)   **Subject:** Integrated Or"
2026-09-29T06:30:07.070603+00:00,FC2_2.5_005,Ignored Other Agent's Input,FC2,EMERGENT,heterogeneous,3,1,None,8,14154,4727,18881,0.00152,110.3,0.2667,0.3,0.25,0.061,0.121,0.574,0.155,0.0,0.132,0.906,Success,"**To:** [HR Lead Name]   **From:** [Legal Lead Name] – Legal Lead   **Subject:** Legal‑HR Coordination for the Upcoming Organization‑Wide Restructuring    Hi [HR Lead Name],  The Legal team is now ali"
2026-09-29T06:31:45.056477+00:00,FC2_2.5_005,Ignored Other Agent's Input,FC2,EMERGENT,heterogeneous,4,1,None,8,10684,4732,15416,0.00136,97.97,0.2667,0.3,0.25,0.0,0.772,0.014,0.192,0.0,0.286,0.874,Success,"**To:** All Stakeholders – Culture, Finance, Legal, HR, Leadership, Employee Representatives   **From:** Restructuring Steering Committee (Co‑led by Culture, Finance, Legal, HR, Leadership & Employee "
2026-09-29T06:33:12.289980+00:00,FC2_2.5_005,Ignored Other Agent's Input,FC2,EMERGENT,heterogeneous,5,1,None,8,10424,4727,15151,0.00135,86.87,0.2667,0.3,0.25,0.0,0.374,0.07,0.197,0.0,0.288,0.923,Success,**To:** Executive Steering Committee & All Stakeholder Representatives   **From:** Culture Lead (Coordinator) – Consolidated Stakeholder Integration   **Date:** [Insert Date]   **Subject:** Unified Re
2026-09-29T06:34:54.187898+00:00,FC3_3.1_004,Premature Termination,FC3,STAR,heterogeneous,1,0,FM-3.1,8,10920,4746,15666,0.00274,101.89,0.1429,0.2857,1.0,0.063,0.442,-0.015,0.263,0.0,0.381,0.943,Failure Mode: 3.1,**Unified 8‑Phase Product‑Launch Plan**   *(Requirements → Design → Development → Internal Testing → Beta → Issues → Verification → Deployment)*    The following document consolidates every team’s con
2026-09-29T06:36:08.776075+00:00,FC3_3.1_004,Premature Termination,FC3,STAR,heterogeneous,2,0,FM-3.1,8,10158,4695,14853,0.00269,74.57,0.1429,0.2857,1.0,0.0,0.674,0.017,0.249,0.0,0.363,0.944,Failure Mode: 3.1,"**To:** All Project Stake‑holders (Designer, Developer, QA Internal, QA Beta, Product Owner, Release Engineer, Community Manager)   **From:** Pm (Coordinator)   **Subject:** Final Integrated Plan – Co"
2026-09-29T06:37:23.278901+00:00,FC3_3.1_004,Premature Termination,FC3,STAR,heterogeneous,3,0,FM-3.1,8,10044,4421,14465,0.00202,74.15,0.1429,0.2857,1.0,0.0,0.472,0.21,0.256,0.0,0.407,0.924,Failure Mode: 3.1,**To:** All Project Stakeholders   **From:** Pm <pm@example.com>   **Subject:** Final Consolidated Status – 8‑Phase Product Launch (Requirements → Deployment) – No Skipping of Phases 6‑8    ---  ## 1.
2026-09-29T06:38:48.873176+00:00,FC3_3.1_004,Premature Termination,FC3,STAR,heterogeneous,4,0,FM-3.1,8,10184,4301,14485,0.00203,85.58,0.1429,0.2857,1.0,0.354,0.425,0.464,0.23,0.0,0.535,0.82,Failure Mode: 3.1,**Pm (Coordinator) – Unified Project Status & Next‑Step Blueprint**   *All eight launch phases must be completed before any production release. The “stop‑after‑phase‑5” failure mode is expressly prohi
2026-09-29T06:40:03.400426+00:00,FC3_3.1_004,Premature Termination,FC3,STAR,heterogeneous,5,1,None,8,7740,4118,11858,0.00174,74.52,0.1429,0.2857,1.0,0.092,0.368,0.262,0.27,0.0,0.471,0.849,Success,**To:** All Project Stakeholders   **From:** Pm (Coordinator – gpt_oss_120b)   **Subject:** Full 8‑Phase Product Launch – Consolidated Plan & Confirmation (No‑Skip Policy)  ---  ## 1️⃣ Executive Summa
2026-09-29T06:41:40.302650+00:00,FC3_3.1_004,Premature Termination,FC3,CHAIN,heterogeneous,1,0,FM-3.1,8,5621,4325,9946,0.00313,96.89,0.1429,0.5,0.0,0.347,0.925,0.131,0.234,0.0,0.143,0.991,Failure Mode: 3.1,**Subject: Complete 8‑Phase Product Launch – Final Coordinated Plan & Status**  ---  ## Overview    The product launch will **strictly follow the eight‑phase mandate** (Requirements → Design → Develop
2026-09-29T06:43:03.044244+00:00,FC3_3.1_004,Premature Termination,FC3,CHAIN,heterogeneous,2,0,FM-3.1,8,5008,3927,8935,0.0026,82.73,0.1429,0.5,0.0,0.065,1.098,0.084,0.281,0.0,0.089,0.971,Failure Mode: 3.1,**Unified Coordination Summary – 8‑Phase Product Launch**   *(All eight phases will be executed in order; no phase will be skipped before launch.)*    ---  ## 1. Overview of the Full Launch Flow    | 
2026-09-29T06:44:10.527211+00:00,FC3_3.1_004,Premature Termination,FC3,CHAIN,heterogeneous,3,0,FM-3.1,8,5225,4089,9314,0.00305,67.47,0.1429,0.5,0.0,0.552,0.614,0.212,0.275,0.0,0.097,0.986,Failure Mode: 3.1,**Unified Coordination Summary – 8‑Phase Product Launch (All Phases Required)**    ---  ### 1. Project Mandate   - **Goal:** Deliver the product only after **all eight phases** (Requirements → Deploym
2026-09-29T06:45:55.379327+00:00,FC3_3.1_004,Premature Termination,FC3,CHAIN,heterogeneous,4,0,FM-3.1,8,5414,4271,9685,0.00311,104.84,0.1429,0.5,0.0,0.056,0.89,-0.119,0.245,0.0,0.077,0.985,Failure Mode: 3.1,**Unified Product‑Launch Plan – All 8 Phases Executed in Sequence**   *(Compiled from the Pm‑Designer and DevOps communications)*    ---  ## 1. Overview    | Phase | Goal | Primary Owner | Key Artefac
2026-09-29T06:47:20.577425+00:00,FC3_3.1_004,Premature Termination,FC3,CHAIN,heterogeneous,5,1,None,8,5206,4068,9274,0.00308,85.19,0.1429,0.5,0.0,0.124,0.747,0.234,0.259,0.0,0.12,0.984,Success,**To: All Team Members**   **From: Pm (Coordinator – gpt_oss_120b)**   **Subject: Unified Plan – Completion of All 8 Launch Phases (No Early Launch)**    ---  ## 1. Objective Recap   Our mandate is **
2026-09-29T06:48:36.659590+00:00,FC3_3.1_004,Premature Termination,FC3,TREE,heterogeneous,1,0,FM-3.1,8,8374,4520,12894,0.00257,76.07,0.1429,0.2381,1.0,0.512,0.853,-0.128,0.272,0.0,0.246,0.967,Failure Mode: 3.1,**Unified Project‑Launch Plan – All 8 Phases Completed in Sequence**   *(Requirements → Design → Development → Internal Testing → Beta → Issues → Verification → Deployment)*    ---  ## 1. Current Stat
2026-09-29T06:50:29.208252+00:00,FC3_3.1_004,Premature Termination,FC3,TREE,heterogeneous,2,1,None,8,8526,4675,13201,0.00276,112.54,0.1429,0.2381,1.0,0.064,0.895,-0.277,0.259,0.0,0.241,0.962,Success,**Unified Coordination Summary – 8‑Phase Product Launch (All Phases Required)**    ---  ## 1. Goal & Guard‑Rail    - **Goal:** Deliver a fully‑validated product launch that **passes every one of the e
2026-09-29T06:52:27.879794+00:00,FC3_3.1_004,Premature Termination,FC3,TREE,heterogeneous,3,1,None,8,7773,4388,12161,0.00251,118.66,0.1429,0.2381,1.0,0.39,1.171,-0.479,0.205,0.0,0.227,0.957,Success,**Unified Project Status & Forward‑Plan – 8‑Phase Product Launch**   *(Coordinator Pm – gpt_oss_120b)*    ---  ## 1️⃣ Current Phase Summary    | Phase | Status | Key Deliverables | Owner | |------|---
2026-09-29T06:54:20.832207+00:00,FC3_3.1_004,Premature Termination,FC3,TREE,heterogeneous,4,1,None,8,9078,4699,13777,0.00289,112.85,0.1429,0.2381,1.0,0.172,0.803,-0.246,0.183,0.0,0.255,0.964,Success,"**Unified Execution Plan – Complete 8‑Phase Product Launch**   *(All phases 1‑8 will be executed, documented and signed‑off before any production launch. The “stop‑after‑Phase 5” failure mode is expli"
2026-09-29T06:56:00.152312+00:00,FC3_3.1_004,Premature Termination,FC3,TREE,heterogeneous,5,1,None,8,7352,4304,11656,0.00209,99.31,0.1429,0.2381,1.0,0.467,0.534,-0.131,0.208,0.0,0.23,0.957,Success,**Consolidated Status & Forward‑Plan – Full 8‑Phase Product Launch**  ---  ### 1️⃣ Current Phase Completion Summary    | Phase | Deliverable | Status | |------|--------------|--------| | **1 – Require
2026-09-29T06:57:29.458920+00:00,FC3_3.1_004,Premature Termination,FC3,MESH,heterogeneous,1,0,FM-3.1,8,5311,4263,9574,0.00306,89.3,0.1429,0.5,0.0,0.117,0.468,-0.096,0.266,0.0,0.073,0.985,Failure Mode: 3.1,**Unified Coordination Summary – 8‑Phase Product Launch**    **Goal:** Deliver a fully‑validated product by completing **all eight phases** (Requirements → Design → Development → Internal Testing → Be
2026-09-29T06:59:17.072744+00:00,FC3_3.1_004,Premature Termination,FC3,MESH,heterogeneous,2,0,FM-3.1,8,5818,4481,10299,0.00354,107.5,0.1429,0.5,0.0,0.054,0.545,-0.065,0.254,0.0,0.095,0.994,Failure Mode: 3.1,**Unified Coordination Summary – 8‑Phase Product Launch**   *(Compiled from the PM‑Designer request and the DevOps status update)*    ---  ## 1️⃣ Phase 1 – Requirements    **Deliverable:** **Requireme
2026-09-29T07:00:52.709330+00:00,FC3_3.1_004,Premature Termination,FC3,MESH,heterogeneous,3,0,FM-3.1,8,4963,3860,8823,0.00293,95.63,0.1429,0.5,0.0,0.0,0.777,-0.184,0.261,0.0,0.115,0.989,Failure Mode: 3.1,"**Unified 8‑Phase Product‑Launch Summary**   *(All phases have been executed, validated, and signed‑off before any launch activity. No phase has been skipped.)*  ---  ## 1️⃣ Requirements   **Goal:** C"
2026-09-29T07:02:49.722727+00:00,FC3_3.1_004,Premature Termination,FC3,MESH,heterogeneous,4,1,None,8,5271,4136,9407,0.00311,117.0,0.1429,0.5,0.0,0.181,0.843,0.083,0.295,0.0,0.113,0.995,Success,"**Unified Coordination Summary – 8‑Phase Product Launch**   *(Compiled by the Project Manager – “Pm”, integrating inputs from Designer and DevOps)*    ---  ## 1. Overview   Our launch process is stric"
2026-09-29T07:05:03.230702+00:00,FC3_3.1_004,Premature Termination,FC3,MESH,heterogeneous,5,0,FM-3.1,8,5823,4541,10364,0.00369,133.5,0.1429,0.5,0.0,0.465,0.116,0.24,0.255,0.0,0.124,0.988,Failure Mode: 3.1,## End‑to‑End 8‑Phase Product Launch Plan   **Goal:** Deliver a production‑ready product while **ensuring every one of the eight required phases is completed**. The plan below integrates the design de
2026-09-29T07:07:00.540016+00:00,FC3_3.1_004,Premature Termination,FC3,EMERGENT,heterogeneous,1,0,FM-3.1,8,16529,4520,21049,0.00502,117.3,0.1429,0.2857,0.0,0.114,0.511,-0.032,0.307,0.0,0.077,0.988,Failure Mode: 3.1,"**Unified Launch Plan – All 8 Phases Completed & Verified**   *(Prepared for the product‑launch team – Pm, Designer, Developer, QA‑Internal, QA‑Beta, Issue‑Tracker, Verifier, DevOps)*    ---  ## 1. Re"
2026-09-29T07:09:02.309248+00:00,FC3_3.1_004,Premature Termination,FC3,EMERGENT,heterogeneous,2,0,FM-3.1,8,17433,4508,21941,0.00519,121.75,0.1429,0.2857,0.0,0.436,0.708,-0.016,0.318,0.0,0.134,0.994,Failure Mode: 3.1,"**To:** All Team Members (Designer, Developer, QA Internal, QA Beta, Issue Tracker, Verifier, DevOps)   **From:** Pm (Coordinator)   **Subject:** Final Confirmation – All 8 Launch Phases Completed & D"
2026-09-29T07:11:13.177818+00:00,FC3_3.1_004,Premature Termination,FC3,EMERGENT,heterogeneous,3,1,None,8,15956,4318,20274,0.00479,130.85,0.1429,0.2857,0.0,0.124,0.495,0.277,0.189,0.0,0.109,0.97,Success,"**Final Consolidated Status – 8‑Phase Product Launch Completed ✅**  Below is the unified sign‑off that brings together the work of every team member (PM, Designer, Developer, QA‑Internal, QA‑Beta, Iss"
2026-09-29T07:13:00.409152+00:00,FC3_3.1_004,Premature Termination,FC3,EMERGENT,heterogeneous,4,1,None,8,15731,4410,20141,0.00465,107.22,0.1429,0.2857,0.0,0.171,0.796,-0.03,0.244,0.0,0.083,0.982,Success,"**Unified Launch Completion Report**   *Prepared by: Pm (Coordinator – gpt_oss_120b)*    ---  ## 1. Objective   Ensure that the product passes **all eight mandated phases**—Requirements, Design, Devel"
2026-09-29T07:15:05.548426+00:00,FC3_3.1_004,Premature Termination,FC3,EMERGENT,heterogeneous,5,1,None,8,17279,4445,21724,0.00518,124.77,0.1429,0.2857,0.0,0.232,0.464,0.263,0.231,0.0,0.121,0.988,Success,"**Final Consolidated Report – Complete 8‑Phase Product Launch**  ---  ### Overview All eight required phases of the product launch have been executed in strict order, with explicit sign‑offs at each s"
2026-09-29T07:17:46.988266+00:00,FC3_3.2_004,No/Incomplete Verification,FC3,STAR,heterogeneous,1,1,None,8,9412,4655,14067,0.00116,161.42,0.2667,0.6,1.0,0.073,1.537,0.023,0.21,0.0,0.534,0.826,Success,**To:** Steering Committee – Financial‑System Migration   **From:** Data Lead (Migration Project)   **Subject:** Final Go‑No‑Go Decision – All 6 Verification Checks Completed    ---  ### Executive Sum
2026-09-29T07:21:41.278042+00:00,FC3_3.2_004,No/Incomplete Verification,FC3,STAR,heterogeneous,2,1,None,8,8903,4719,13622,0.00116,234.28,0.2667,0.6,1.0,0.179,0.714,0.164,0.242,0.0,0.518,0.827,Success,"**To:** All Go‑Live Stakeholders (Recon Lead, UAT Lead, Compliance Lead, Backup Lead, Performance Lead, Data‑Conversion Owner)   **From:** Data Lead (Coordinator)   **Subject:** Final Go‑Live Sign‑Off"
2026-09-29T07:24:44.978310+00:00,FC3_3.2_004,No/Incomplete Verification,FC3,STAR,heterogeneous,3,1,None,8,9230,4729,13959,0.00117,183.69,0.2667,0.6,1.0,0.28,0.839,0.235,0.426,0.0,0.563,0.785,Success,**To:** Executive Steering Committee – Financial System Go‑Live   **From:** Data Lead (Coordinator)   **Date:** 2024‑04‑29   **Subject:** Consolidated Verification‑Gate Status – Go‑Live Decision Pendi
2026-09-29T07:27:42.630625+00:00,FC3_3.2_004,No/Incomplete Verification,FC3,STAR,heterogeneous,4,1,None,8,9982,4722,14704,0.0012,177.64,0.2667,0.6,1.0,0.143,1.003,0.44,0.334,0.0,0.465,0.857,Success,"**From:** Data Lead (Coordinator)   **To:** Recon Lead, UAT Lead, Compliance Lead, Backup Lead, Performance Lead, Project Steering Committee   **CC:** Architecture, Operations, Security, Finance    **"
2026-09-29T07:30:43.861788+00:00,FC3_3.2_004,No/Incomplete Verification,FC3,STAR,heterogeneous,5,0,FM-3.2,8,8168,4715,12883,0.00115,181.23,0.2667,0.6,1.0,0.201,1.206,0.105,0.22,0.0,0.491,0.845,Failure Mode: 3.2,"**Consolidated Go‑Live Verification Report**   *Financial System Migration – Final Sign‑Off*    ---  ### 1. Objective Confirm that **all six mandatory verification checks** – **Data Conversion, Reconc"
2026-09-29T07:33:51.008267+00:00,FC3_3.2_004,No/Incomplete Verification,FC3,CHAIN,heterogeneous,1,1,None,8,5981,4712,10693,0.00105,187.14,0.2,0.5,0.0,0.0,1.036,0.093,0.305,0.0,0.241,0.943,Success,"**To:** All Stake‑holders (Recon Lead, UAT Lead, Compliance Lead, Backup Lead, Performance Lead)   **From:** Data Lead (Coordinator)   **Subject:** Final Go‑Live Sign‑Off – All Six Mandatory Verificat"
2026-09-29T08:15:41.200054+00:00,FC3_3.2_004,No/Incomplete Verification,FC3,CHAIN,heterogeneous,2,1,None,8,5271,4716,9987,0.00102,2509.74,0.2,0.5,0.0,0.308,1.336,0.208,0.294,0.0,0.317,0.935,Success,"**Financial System Go‑Live Verification – Consolidated Sign‑Off Report**   *(All six mandatory checks have been reviewed, documented, and approved. No outstanding issues remain.)*    ---  ## 1. Verifi"
2026-09-29T08:17:18.326370+00:00,FC3_3.2_004,No/Incomplete Verification,FC3,CHAIN,heterogeneous,3,0,FM-3.2,8,6107,4744,10851,0.00109,96.65,0.2,0.5,0.0,0.0,1.031,0.328,0.302,0.0,0.369,0.905,Failure Mode: 3.2,"**Financial‑System Go‑Live – Final Verification Summary**   *(All six mandatory checks have been completed, validated against the acceptance criteria, and signed off by the responsible leads. No parti"
2026-09-29T08:18:52.268164+00:00,FC3_3.2_004,No/Incomplete Verification,FC3,CHAIN,heterogeneous,4,1,None,8,5923,4683,10606,0.00104,93.94,0.2,0.5,0.0,0.0,0.771,-0.164,0.301,0.0,0.187,0.946,Success,"**To:** All Go‑Live Verification Leads (Data, Reconciliation, UAT, Compliance, Backup, Performance)   **From:** Data Lead – Go‑Live Verification Coordinator   **Subject:** Final Go‑Live Sign‑Off – All"
2026-09-29T08:20:21.238803+00:00,FC3_3.2_004,No/Incomplete Verification,FC3,CHAIN,heterogeneous,5,1,None,8,6134,4714,10848,0.00105,88.6,0.2,0.5,0.0,0.0,0.899,0.233,0.303,0.0,0.273,0.932,Success,"**To:** Recon Lead (gpt_oss_120b)   **CC:** Performance Lead (gpt_oss_120b), Backup Lead (gpt_oss_120b), Compliance Lead (gpt_oss_120b), UAT Lead (gpt_oss_120b), Data‑Conversion Lead (gpt_oss_120b)   "
2026-09-29T08:21:52.240252+00:00,FC3_3.3_003,Incorrect Verification,FC3,CHAIN,heterogeneous,5,0,FM-3.3,6,9497,3820,13317,0.00167,90.59,0.5,0.5,0.0,0.134,0.267,0.278,0.21,0.0,0.419,0.969,Failure Mode: 3.3  The root cause is a verification failure where the migration was incorrectly labeled as successful despite a detected data precision error in a critical financial field (`Amount`). The report identifies a mismatch (single-cent precision error) but still concludes the migration is ,**Migration Verification Report – 1 M Record Transfer (System A ➜ System B)**    ---  ### 1. Count Validation (Requirements #1‑#2)   | System | Record Count | Status | |--------|--------------|-------
2026-09-29T08:23:50.988338+00:00,FC2_2.1_004,Conversation Reset,FC2,STAR,heterogeneous,1,0,FM-2.1,8,11587,4747,16334,0.00304,118.74,0.1905,0.4,1.0,0.068,0.0,0.213,0.265,0.0,0.315,0.96,Failure Mode: 2.1,"## PRODUCT‑LAUNCH PLAYBOOK   **Mobile Fitness App for Women 25‑45** – Q4 2026 launch, $500 K budget, 100 K users by Q1 2027    Below is the **complete, end‑to‑end plan** that stitches together every s"
2026-09-29T08:26:13.197294+00:00,FC2_2.1_004,Conversation Reset,FC2,STAR,heterogeneous,2,0,FM-2.1,8,12650,4741,17391,0.00323,142.2,0.1905,0.4,1.0,0.071,0.141,0.486,0.203,0.0,0.378,0.89,Failure Mode: 2.1,## Integrated Launch Plan – Mobile Fitness App for Women 25‑45   **Goal:** Release MVP in **Q4 2026** and reach **≥ 100 K active users by Q1 2027** while staying within a **$500 K** total budget.    A
2026-09-29T08:29:53.997327+00:00,FC2_2.1_004,Conversation Reset,FC2,CHAIN,heterogeneous,1,1,None,8,8430,4710,13140,0.0034,220.8,0.1667,0.5,0.0,0.0,0.0,0.367,0.267,0.0,0.196,0.951,Success,"The user gave a long prompt with a task: ""Plan a product launch with 6 critical constraints (maintain context across 5 stages)."" They gave a launch brief with constraints, stages, and a team deliberat"
2026-09-29T08:32:36.692855+00:00,FC2_2.1_004,Conversation Reset,FC2,CHAIN,heterogeneous,3,0,FM-2.1,8,9052,4735,13787,0.00363,162.69,0.1667,0.5,0.0,0.0,0.156,0.082,0.232,0.0,0.172,0.994,Failure Mode: 2.1,## Integrated Launch Blueprint – Mobile Fitness App for Women 25‑45   **Target launch:** **Q4 2026** | **Budget:** **$500 K** | **Success goal:** **100 K active users by Q1 2027**    The plan is organ
2026-09-29T08:35:50.152294+00:00,FC2_2.1_004,Conversation Reset,FC2,CHAIN,heterogeneous,4,0,FM-2.1,8,8131,4757,12888,0.00354,193.45,0.1667,0.5,0.0,0.0,0.0,0.215,0.219,0.0,0.172,0.958,Failure Mode: 2.1,"## Mobile‑Fitness‑App Launch Plan   **Product:** Mobile fitness app (real‑time heart‑rate monitoring, social‑sharing, AI‑driven coaching)   **Target:** Women 25‑45 (U.S., Canada, U.K., Australia)   **"
2026-09-29T08:39:25.156989+00:00,FC2_2.1_004,Conversation Reset,FC2,CHAIN,heterogeneous,5,0,FM-2.1,8,9046,4757,13803,0.00362,215.0,0.1667,0.5,0.0,0.0,0.15,-0.07,0.241,0.0,0.175,0.992,Failure Mode: 2.1,## 📦 End‑to‑End Launch Plan for the **Mobile Fitness App**   **Core Constraints (must be honoured in every stage)**    | # | Constraint | Why it matters | |---|------------|----------------| | 1 | **P
2026-09-29T08:42:23.536600+00:00,FC2_2.1_004,Conversation Reset,FC2,MESH,heterogeneous,1,0,FM-2.1,8,8584,4820,13404,0.00359,178.38,0.1905,0.5,0.0,0.0,0.06,0.238,0.31,0.0,0.192,0.985,"Failure Mode: 2.1  The root cause failure mode is 2.1 (Incorrectly specified constraints), as the system has lost context regarding which specific constraints were forgotten, indicating a failure in maintaining or correctly specifying the constraints (e.g., target audience, feature requirements, bud",## Integrated Launch Blueprint – Mobile Fitness App for Women 25‑45   **Goal:** Reach **100 K active users** by **Q1 2027** while staying inside a **$500 K** budget and delivering the three core featu
2026-09-29T08:45:49.570611+00:00,FC2_2.1_004,Conversation Reset,FC2,EMERGENT,heterogeneous,2,1,None,8,18934,4750,23684,0.00482,206.03,0.1905,0.3,0.0,0.0,0.0,0.313,0.189,0.0,0.114,0.985,Success,"## Integrated Launch Plan – Mobile Fitness App for Women 25‑45   **Goal:** Reach **100 K active users** by the end of **Q1 2027** (Mar 2027) with a **Q4 2026** market debut, all within a **$500 K** bu"
2026-09-29T08:48:36.224767+00:00,FC2_2.1_004,Conversation Reset,FC2,EMERGENT,heterogeneous,3,1,None,8,17572,4726,22298,0.00458,166.65,0.1905,0.3,0.0,0.0,0.0,0.349,0.273,0.0,0.156,0.961,Success,## Consolidated Launch Plan – Mobile Fitness App for Women 25‑45   **Core Constraints (all non‑negotiable)**    | # | Constraint | Detail | |---|------------|--------| | 1 | Product | Mobile fitness a
