timestamp,prompt_id,prompt_family,failure_category,topology,model,replicate_id,success,failure_mode,total_messages,input_tokens,output_tokens,total_tokens,cost_usd,latency_sec,graph_density,coordinator_betweenness,reciprocity,dissent_ratio,clarification_rate,lexical_decay_rate,step_repetition_index,early_termination_index,coordinator_dominance,participation_entropy,failure_diagnosis,final_answer_snippet
2026-09-26T08:53:08.734065+00:00,FC1_1.1_001,Disobey Task Specification,FC1,STAR,heterogeneous,1,1,None,6,6067,2953,9020,0.00116,77.45,0.0,0.0,0.0,0.151,0.301,-0.031,0.231,0.0,0.0,0.0,Success,**Restaurant Menu (Total $40)**    | Category | Item | Price | |----------|------|-------| | **Appetizer 1** | Roasted Beet & Goat Cheese Crostini | $6 | | **Appetizer 2** | Crispy Zucchini Fritters w
2026-09-26T08:54:32.746575+00:00,FC1_1.1_001,Disobey Task Specification,FC1,STAR,heterogeneous,2,0,FM-1.1,6,5258,3203,8461,0.00119,84.01,0.0,0.0,0.0,0.0,0.317,-0.716,0.166,0.0,0.0,0.0,Failure Mode: 1.1,"**Final Restaurant Menu**   *(All dishes are vegetarian; exactly 3 appetizers, 2 main courses, and 1 dessert. Total price = $41.00, which falls within the required $38 – $42 range.)*  | Category | Dis"
2026-09-26T08:56:20.223374+00:00,FC1_1.1_001,Disobey Task Specification,FC1,STAR,heterogeneous,3,1,None,6,7984,3180,11164,0.0014,107.47,0.0,0.0,0.0,0.152,0.759,-0.903,0.255,0.0,0.0,0.0,Success,**Restaurant Menu – Total $40.50**   *(All prices are in US dollars. Both mains are vegetarian.)*
2026-09-26T08:58:09.411416+00:00,FC1_1.1_001,Disobey Task Specification,FC1,STAR,heterogeneous,4,1,None,6,5371,2151,7522,0.00097,109.19,0.0,0.0,0.0,0.155,1.242,0.39,0.335,0.0,0.0,0.0,Success,**Final Restaurant Menu (Total $40.00 – within the $38‑$42 budget)**    | Course | Dish (full name) | Price | |--------|-------------------|-------| | **Appetizer 1** | Tomato & Basil Bruschetta | $5.
2026-09-26T08:59:32.651821+00:00,FC1_1.1_001,Disobey Task Specification,FC1,STAR,heterogeneous,5,1,None,6,6125,2498,8623,0.0011,83.24,0.0,0.0,0.0,0.0,0.654,0.304,0.318,0.0,0.0,0.0,Success,**Finalized Restaurant Menu**  | Course        | Dish (Vegetarian)                              | Price | |---------------|-----------------------------------------------|-------| | **Appetizer** | Ma
2026-09-26T09:01:15.508574+00:00,FC1_1.1_001,Disobey Task Specification,FC1,CHAIN,heterogeneous,1,1,None,6,5584,2665,8249,0.00137,102.86,0.0,0.0,0.0,0.136,0.95,0.115,0.271,0.0,0.0,0.0,Success,**Restaurant Menu (Total $40.50 ± $2)**    | Category | Dish | Description | Price | |----------|------|-------------|-------| | **Appetizer 1** | **Crispy Chickpea Fritters** | Lightly spiced chickpe
2026-09-26T09:04:01.600873+00:00,FC1_1.1_001,Disobey Task Specification,FC1,CHAIN,heterogeneous,2,0,FM-1.1,6,7643,3345,10988,0.00193,166.09,0.0,0.0,0.0,0.731,0.939,-0.541,0.187,0.0,0.0,0.0,"Failure Mode: 1.1  The agents ignored the specification by failing to include exactly 2 vegetarian mains and exactly 1 dessert, and by exceeding the total price range ($42 is within $40±$2, but the menu is incomplete).",**Complete $40 ± $2 Menu (total $42)**    | Course | Dish | Description (one‑sentence) | Key ingredients / technique | Price | |--------|------|----------------------------|---------------------------
2026-09-26T09:05:16.931855+00:00,FC1_1.1_001,Disobey Task Specification,FC1,CHAIN,heterogeneous,3,1,None,6,5155,2456,7611,0.00134,75.32,0.0,0.0,0.0,0.0,0.75,0.4,0.303,0.0,0.0,0.0,Success,"**Final Menu (Total $40 ± $2)**    | Course | Dish (vegetarian) | Price | |--------|-------------------|-------| | **Appetizer 1** | Caprese Salad – fresh mozzarella, heirloom tomatoes, basil, balsami"
2026-09-26T09:07:45.597802+00:00,FC1_1.1_001,Disobey Task Specification,FC1,CHAIN,heterogeneous,4,1,None,6,6829,3033,9862,0.00169,148.65,0.0,0.0,0.0,0.221,0.551,0.02,0.324,0.0,0.0,0.0,Success,**Final Menu (Total = $39.50 – within the $38‑$42 range)**    | Category | Dish (description) | Price | |----------|-------------------|-------| | **Appetizer 1** | **Crispy Herbed Fritters** – light 
2026-09-26T09:09:27.948652+00:00,FC1_1.1_001,Disobey Task Specification,FC1,CHAIN,heterogeneous,5,1,None,6,6276,2605,8881,0.00155,102.35,0.0,0.0,0.0,0.244,0.488,0.481,0.265,0.0,0.0,0.0,Success,**Restaurant Menu – $40 Total**  | Category | Dish (brief description) | Price | |----------|---------------------------|-------| | **Appetizer 1** | *Truffle Mushroom Arancini* – Crispy rice balls to
2026-09-26T09:10:46.253654+00:00,FC1_1.1_001,Disobey Task Specification,FC1,TREE,heterogeneous,1,1,None,6,6157,2348,8505,0.00101,78.3,0.0,0.0,0.0,0.0,1.984,0.213,0.143,0.0,0.0,0.0,Success,**Restaurant Menu – Total $40**
2026-09-26T09:11:38.185418+00:00,FC1_1.1_001,Disobey Task Specification,FC1,TREE,heterogeneous,2,1,None,6,8231,2757,10988,0.00127,51.93,0.0,0.0,0.0,0.0,0.455,0.423,0.339,0.0,0.0,0.0,Success,**Final Menu – $42.00 (within $40 ± $2)**    | Course | Dish (brief description) | Price | |--------|---------------------------|-------| | **Appetizer 1** | Crispy Tomato & Basil Bruschetta – toasted
2026-09-26T09:12:56.445037+00:00,FC1_1.1_001,Disobey Task Specification,FC1,TREE,heterogeneous,3,1,None,6,5191,2250,7441,0.00096,78.26,0.0,0.0,0.0,0.0,0.743,-0.381,0.469,0.0,0.0,0.0,Success,**Final Restaurant Menu**  | Course | Dish | Price | |--------|------|-------| | **Appetizer 1** | Tomato‑Basil Bruschetta | **$5** | | **Appetizer 2** | Crispy Zucchini Fritters with Lemon‑Dill Yogur
2026-09-26T09:14:18.178468+00:00,FC1_1.1_001,Disobey Task Specification,FC1,TREE,heterogeneous,4,1,None,6,7696,3047,10743,0.00131,81.73,0.0,0.0,0.0,0.0,0.436,-0.348,0.252,0.0,0.0,0.0,Success,**Restaurant Menu – Total $40.00 (within $38‑$42)**
2026-09-26T09:16:01.313394+00:00,FC1_1.1_001,Disobey Task Specification,FC1,TREE,heterogeneous,5,1,None,6,5487,2874,8361,0.00111,103.13,0.0,0.0,0.0,1.127,0.0,-0.283,0.153,0.0,0.0,0.0,Success,**Restaurant Menu (Total = $39)**    | Course | Item | Description (brief) | Price | |--------|------|----------------------|-------| | **Appetizer 1** | Tomato Basil Bruschetta | Toasted baguette top
2026-09-27T05:26:36.835510+00:00,FC1_1.1_001,Disobey Task Specification,FC1,MESH,heterogeneous,1,1,None,6,6865,2656,9521,0.00155,136.71,1.0,0.0,1.0,0.194,0.678,0.537,0.285,0.0,0.338,0.998,Success,**Approved Restaurant Menu**  | Category | Dish | Price | |----------|------|-------| | **Appetizers** (3) | Tomato Basil Bruschetta | **$3** | | | Garlic Parmesan Stuffed Mushrooms | **$3** | | | Swe
2026-09-26T09:20:41.348299+00:00,FC1_1.1_001,Disobey Task Specification,FC1,MESH,heterogeneous,2,1,None,6,5391,2720,8111,0.00144,82.99,0.0,0.0,0.0,0.0,0.763,0.064,0.315,0.0,0.0,0.0,Success,**Final Menu (All dishes vegetarian)**    | Course | Dish | Price | |--------|------|-------| | **Appetizer 1** | Tomato‑Basil Soup (drizzled with olive oil and fresh basil) | **$4** | | **Appetizer 2
2026-09-26T09:22:48.182226+00:00,FC1_1.1_001,Disobey Task Specification,FC1,MESH,heterogeneous,3,1,None,6,4927,2664,7591,0.00135,126.83,0.0,0.0,0.0,0.0,0.395,-0.942,0.33,0.0,0.0,0.0,Success,**Final Menu (All specifications met)**    | Course | Dish (vegetarian) | Price | Quick description | |--------|-------------------|-------|-------------------| | **Appetizer 1** | Tomato‑Basil Brusch
2026-09-26T09:23:44.038522+00:00,FC1_1.1_001,Disobey Task Specification,FC1,MESH,heterogeneous,4,1,None,6,5360,1654,7014,0.00102,55.86,0.0,0.0,0.0,0.0,0.448,0.589,0.294,0.0,0.0,0.0,Success,"**Final Restaurant Menu (Total $42 ± $0, within the $40 ± $2 requirement)**"
2026-09-26T09:25:53.219483+00:00,FC1_1.1_001,Disobey Task Specification,FC1,MESH,heterogeneous,5,0,FM-1.1,6,7791,3605,11396,0.0022,129.18,0.0,0.0,0.0,0.0,0.164,0.506,0.194,0.0,0.0,0.0,Failure Mode: 1.1,"We need to produce final answer: a menu with exactly 3 appetizers, 2 vegetarian mains, 1 dessert, total price $40 ± $2 (i.e., between $38 and $42). Must follow all specs exactly. The deliberation show"
2026-09-26T09:27:20.560866+00:00,FC1_1.1_001,Disobey Task Specification,FC1,EMERGENT,heterogeneous,1,1,None,5,5328,1934,7262,0.00134,87.34,0.0,0.0,0.0,0.0,0.538,-1.0,0.248,0.0,0.0,0.0,Success,**Restaurant Menu – Total Price $40.00 (within $38‑$42)**    | # | Dish | Description | Price | |---|------|-------------|-------| | **A1** | **Herbed Goat Cheese Crostini** | Toasted baguette slices 
2026-09-26T09:28:58.390670+00:00,FC1_1.1_001,Disobey Task Specification,FC1,EMERGENT,heterogeneous,2,1,None,5,7595,2780,10375,0.00195,97.83,0.0,0.0,0.0,0.163,0.163,-1.0,0.182,0.0,0.0,0.0,Success,**Restaurant Menu – Total $40.00 (within $38 – $42)**
2026-09-26T09:30:27.724905+00:00,FC1_1.1_001,Disobey Task Specification,FC1,EMERGENT,heterogeneous,3,1,None,5,7381,2152,9533,0.00169,89.32,0.0,0.0,0.0,0.0,0.506,0.083,0.19,0.0,0.0,0.0,Success,**Final Restaurant Menu**  | Course | Dish (Vegetarian?) | Price | |--------|-------------------|-------| | **Appetizer 1** | Roasted Red Pepper & Walnut Hummus with Pita Chips | **$5.00** | | **Appet
2026-09-27T05:28:30.243198+00:00,FC1_1.1_001,Disobey Task Specification,FC1,EMERGENT,heterogeneous,4,1,None,5,4879,1893,6772,0.00125,113.4,0.6667,0.0,1.0,0.0,0.41,-0.15,0.342,0.167,0.145,0.913,Success,**Restaurant Menu – $40.00 Total**    | Category | Dish | Description | Price | |----------|------|-------------|-------| | **Appetizers** | **1. Citrus‑Marinated Avocado Toast** | Sourdough topped wi
2026-09-26T09:35:56.957056+00:00,FC1_1.1_001,Disobey Task Specification,FC1,EMERGENT,heterogeneous,5,1,None,5,6895,2180,9075,0.00167,125.57,0.0,0.0,0.0,0.121,0.845,0.005,0.362,0.0,0.0,0.0,Success,**Final Restaurant Menu**  | Course | Dish | Price | |--------|------|-------| | **Appetizer 1** | Classic Tomato‑Basil Bruschetta | **$7.00** | | **Appetizer 2** | Garlic‑Herb Stuffed Mushrooms | **$
2026-09-26T09:37:09.328584+00:00,FC1_1.1_002,Disobey Task Specification,FC1,STAR,heterogeneous,1,0,FM-1.5,8,15774,4736,20510,0.00342,72.36,0.0,0.0,0.0,0.0,0.411,-0.364,0.249,0.0,0.0,0.0,Failure Mode: 1.5,"We need to produce final answer as Menu Manager, synthesizing team deliberation. The conversation shows multiple drafts, but the final answer must be a complete menu meeting all specs. The last assist"
2026-09-26T09:38:33.694947+00:00,FC1_1.1_002,Disobey Task Specification,FC1,STAR,heterogeneous,2,0,FM-1.4,8,14012,4762,18774,0.00325,84.36,0.0,0.0,0.0,0.0,0.173,-1.0,0.287,0.0,0.0,0.0,Failure Mode: 1.4,"We need to produce a message to Pricing Manager. The user says ""Produce your next message to Pricing Manager. Adhere strictly to all problem constraints."" So we need to output a message addressed to P"
2026-09-26T09:39:58.706476+00:00,FC1_1.1_002,Disobey Task Specification,FC1,STAR,heterogeneous,3,0,FM-1.5,8,15708,4768,20476,0.00326,85.01,0.0,0.0,0.0,0.216,0.27,-0.125,0.231,0.0,0.0,0.0,Failure Mode: 1.5,"**To: Pricing Manager (agent _2)**    Hi Pricing Manager,  Below is the **complete, specification‑compliant draft** of the menu that has been vetted by the Nutritionist. Every item includes:  * **Pric"
2026-09-26T09:41:41.248465+00:00,FC1_1.1_002,Disobey Task Specification,FC1,STAR,heterogeneous,4,0,FM-1.4,8,14785,4498,19283,0.00268,102.54,0.0,0.0,0.0,0.731,0.548,-1.0,0.187,0.0,0.0,0.0,Failure Mode: 1.4,"We need to produce the next message to Pricing Manager. The conversation shows multiple agents: Menu Manager gave draft, Chef gave finalized menu (but incomplete), Nutritionist asked for full draft, M"
2026-09-26T09:42:46.760403+00:00,FC1_1.1_002,Disobey Task Specification,FC1,STAR,heterogeneous,5,0,FM-1.4,8,14130,4572,18702,0.00284,65.51,0.0,0.0,0.0,0.475,0.396,-1.0,0.208,0.0,0.0,0.0,Failure Mode: 1.4,"We have a conflict: The user gave a task and the deliberation includes a ""Chef"" message that claims to have completed the menu with pricing total $56. That seems to be a final answer already. But the "
2026-09-26T09:44:32.668287+00:00,FC1_1.1_002,Disobey Task Specification,FC1,CHAIN,heterogeneous,1,0,FM-1.4,8,11292,4438,15730,0.00381,105.9,0.0,0.0,0.0,0.369,0.369,-0.163,0.243,0.0,0.0,0.0,"Failure Mode: 1.4  The system lost track of the specifications during the conversation, as it began detailing appetizers but failed to complete all required items (vegetarian mains, desserts with nut/no-nut distinction, and beverages) and their full attributes (description, calorie count, serving si","We need to produce final answer with all items, meeting constraints. Must ensure total price between 52 and 58 inclusive. Let's design.  We need 5 appetizers, 3 vegetarian mains, 2 desserts (one with "
2026-09-26T09:45:58.755729+00:00,FC1_1.1_002,Disobey Task Specification,FC1,CHAIN,heterogeneous,2,0,FM-1.4,8,9001,4264,13265,0.00343,86.09,0.0,0.0,0.0,0.273,0.137,-0.295,0.15,0.0,0.0,0.0,Failure Mode: 1.4,"We need to produce final menu meeting constraints: 5 appetizers, 3 vegetarian mains, 2 desserts (one with nuts, one nut-free), 4 beverages. Provide calorie count, serving size, primary ingredients for"
2026-09-26T09:47:24.452798+00:00,FC1_1.1_002,Disobey Task Specification,FC1,CHAIN,heterogeneous,3,0,FM-1.4,8,11068,4589,15657,0.0044,85.7,0.0,0.0,0.0,0.0,0.325,-0.439,0.171,0.0,0.0,0.0,Failure Mode: 1.4,"We need to produce final unified response as Menu Manager. The instruction: ""You are Menu Manager (Coordinator powered by gpt_oss_120b). Synthesize the team's deliberation into a final, unified respon"
2026-09-26T09:48:37.375961+00:00,FC1_1.1_002,Disobey Task Specification,FC1,CHAIN,heterogeneous,4,0,FM-1.4,8,11040,4558,15598,0.00428,72.91,0.0,0.0,0.0,0.073,0.363,-0.23,0.236,0.0,0.0,0.0,Failure Mode: 1.4,"We need to produce final unified response: design the menu meeting all specs, with exact counts, calorie, serving size, primary ingredients, total price $55 ± $3. Must include nuts in one dessert, not"
2026-09-26T09:49:52.107069+00:00,FC1_1.1_002,Disobey Task Specification,FC1,CHAIN,heterogeneous,5,0,FM-1.4,8,10831,4373,15204,0.0036,74.72,0.0,0.0,0.0,0.597,0.746,0.065,0.181,0.0,0.0,0.0,"Failure Mode: 1.4  The menu design process lost track of the full specification requirements during the conversation. While the team correctly allocated prices and began detailing items, they failed to complete all required categories—specifically omitting the 4 beverages entirely and leaving one de","We need to produce final menu meeting all constraints. We have flexibility to set items and prices. Must have exactly 5 appetizers, 3 vegetarian mains, 2 desserts (one with nuts, one nut-free), 4 beve"
2026-09-26T09:51:47.914304+00:00,FC1_1.1_002,Disobey Task Specification,FC1,TREE,heterogeneous,1,0,FM-1.4,8,11894,4508,16402,0.00276,115.8,0.0,0.0,0.0,0.0,1.807,-0.115,0.285,0.0,0.0,0.0,Failure Mode: 1.4,"We need to produce final unified response: a complete menu with exactly 5 appetizers, 3 vegetarian mains, 2 desserts (one with nuts, one without), exactly 4 beverages. Include serving size, calories, "
2026-09-26T09:53:24.818558+00:00,FC1_1.1_002,Disobey Task Specification,FC1,TREE,heterogeneous,2,0,FM-1.4,8,13903,4737,18640,0.00352,96.89,0.0,0.0,0.0,0.0,0.08,0.036,0.184,0.0,0.0,0.0,Failure Mode: 1.4,"We need to produce final answer: a fully compliant menu with total price $54.75 (as Chef suggested). Need to include all items, with details. The Chef's last message seems to have truncated the table."
2026-09-26T09:55:09.645159+00:00,FC1_1.1_002,Disobey Task Specification,FC1,TREE,heterogeneous,3,0,FM-1.4,8,13659,4846,18505,0.00356,104.83,0.0,0.0,0.0,0.556,0.278,-0.268,0.188,0.0,0.0,0.0,"Failure Mode: 1.4  The root cause is a failure in maintaining specification adherence during the process, where the Chef prematurely declared the menu as ""finalized, complete, and strictly compliant"" despite it being incomplete (missing the fifth appetizer, mains, desserts, and beverages). This indi","We need to produce final answer. The user (Chef) gave a finalized menu but it's incomplete: only 4 appetizers listed, missing 5th, missing mains, desserts, beverages. We as Menu Manager need to respon"
2026-09-26T09:56:19.523415+00:00,FC1_1.1_002,Disobey Task Specification,FC1,TREE,heterogeneous,4,0,FM-1.4,8,12864,4368,17232,0.00261,69.86,0.0,0.0,0.0,0.598,0.598,-0.567,0.182,0.0,0.0,0.0,"Failure Mode: 1.4  The failure occurred because the agent (Chef) lost track of the full specification requirements during the conversation, submitting an incomplete menu that omitted multiple required categories and details, despite having previously verified partial compliance.","Chef,  Thank you for the detailed draft and for verifying the first four appetizers. I appreciate the care you’ve taken to align with the specifications.  However, the current message is incomplete, a"
2026-09-26T09:57:43.754519+00:00,FC1_1.1_002,Disobey Task Specification,FC1,TREE,heterogeneous,5,0,FM-1.4,8,13697,4757,18454,0.00351,84.21,0.0,0.0,0.0,0.478,0.342,-0.114,0.166,0.0,0.0,0.0,Failure Mode: 1.4,"We need to produce final answer as Menu Manager, synthesizing team deliberation. The user gave the task and the team deliberation includes partial menu. We need to produce final unified response that "
2026-09-26T10:00:22.357575+00:00,FC1_1.1_002,Disobey Task Specification,FC1,MESH,heterogeneous,1,0,FM-1.4,8,12574,4749,17323,0.00491,158.6,0.0,0.0,0.0,0.476,0.178,0.348,0.156,0.0,0.0,0.0,Failure Mode: 1.4,"We need to produce final menu meeting constraints. The user gave task. The deliberation shows partial menu. We must finalize with all items, ensure total price within $52-$58. Need to include calorie "
2026-09-26T10:01:40.883488+00:00,FC1_1.1_002,Disobey Task Specification,FC1,MESH,heterogeneous,2,0,FM-1.4,8,11351,4216,15567,0.0033,78.52,0.0,0.0,0.0,0.304,0.365,0.13,0.165,0.0,0.0,0.0,Failure Mode: 1.4,"We need to produce the final answer: a consolidated final answer that includes the full menu meeting all constraints. The conversation: Menu Manager drafted a menu with items and prices, Nutritionist "
2026-09-26T10:03:35.426447+00:00,FC1_1.1_002,Disobey Task Specification,FC1,MESH,heterogeneous,3,0,FM-1.4,8,10010,4373,14383,0.00348,114.54,0.0,0.0,0.0,0.0,0.444,-0.116,0.182,0.0,0.0,0.0,"Failure Mode: 1.4  The system lost track of the full specification requirements during deliberation and item generation. While the team correctly allocated prices to meet the total cost constraint ($54 within $52–$58), they failed to complete all required details for each menu item. Specifically, th","We need to produce final unified response as Menu Manager, synthesizing deliberation. The conversation: user asked to design menu with specs. The team deliberation suggests we need to coordinate with "
2026-09-26T10:05:11.459689+00:00,FC1_1.1_002,Disobey Task Specification,FC1,MESH,heterogeneous,4,0,FM-1.5,8,10895,4368,15263,0.00359,96.03,0.0,0.0,0.0,0.136,0.339,-0.136,0.262,0.0,0.0,0.0,"Failure Mode: 1.5  The menu failed to complete all required items according to the specifications. While appetizers and main courses are partially provided, the desserts and beverages sections are entirely missing, indicating the task was stopped prematurely before all categories were fully develope",**Restaurant Menu – $52.00 (within $55 ± $3)**
2026-09-26T10:07:17.096217+00:00,FC1_1.1_002,Disobey Task Specification,FC1,MESH,heterogeneous,5,0,FM-1.4,8,10879,4611,15490,0.00429,125.63,0.0,0.0,0.0,0.0,0.291,0.03,0.213,0.0,0.0,0.0,Failure Mode: 1.4,"We need to produce final unified response: full menu with all items, meeting constraints. Must include 5 appetizers, 3 vegetarian mains, 2 desserts (one with nuts, one without), 4 beverages. Include d"
2026-09-26T10:08:30.204241+00:00,FC1_1.1_002,Disobey Task Specification,FC1,EMERGENT,heterogeneous,1,0,FM-1.4,8,21792,4758,26550,0.0059,73.11,0.0,0.0,0.0,0.66,0.254,0.044,0.173,0.0,0.0,0.0,Failure Mode: 1.4,"We need to produce final response as Pricing Manager, filling missing details, confirming total price $54.75, maybe adjusting if needed. Let's compute.  Current appetizers:  1 $4.50 2 $5.00 3 $4.00 4 "
2026-09-26T10:10:23.427251+00:00,FC1_1.1_002,Disobey Task Specification,FC1,EMERGENT,heterogeneous,2,0,FM-1.5,8,18029,4288,22317,0.00423,113.22,0.0,0.0,0.0,0.242,0.969,0.036,0.2,0.0,0.0,0.0,"Failure Mode: 1.5  The menu submission stopped before completing all required items, providing only appetizers and omitting vegetarian mains, desserts, and beverages as specified.",**🍽️ FINAL MENU – $56.00 (within the $55 ± $3 budget)**    | Category | Item | Description | Serving Size | Calories | Primary Ingredients | Price | |----------|------|-------------|--------------|---
2026-09-26T10:11:49.648826+00:00,FC1_1.1_002,Disobey Task Specification,FC1,EMERGENT,heterogeneous,3,0,FM-1.4,8,18025,4195,22220,0.00414,86.22,0.0,0.0,0.0,0.066,0.864,-0.258,0.223,0.0,0.0,0.0,Failure Mode: 1.4,"We need to produce final answer as Pricing Manager. Must ensure constraints: exactly 5 appetizers, 3 main courses (vegetarian), 2 desserts (one with nuts, one without), exactly 4 beverages. Total menu"
2026-09-26T10:14:24.167650+00:00,FC1_1.1_002,Disobey Task Specification,FC1,EMERGENT,heterogeneous,4,0,FM-1.4,8,21158,4571,25729,0.00529,154.52,0.0,0.0,0.0,0.058,0.461,0.03,0.242,0.0,0.0,0.0,"Failure Mode: 1.4  The root cause is that the agent lost track of the specification requirements during the conversation, particularly by failing to provide complete details (calories, serving size, and ingredients) for all items, as required. The menu draft stops mid-entry for the second main dish","We need to produce final menu with all details, total $56. Let's compute.  Appetizers total $15.  Mains $33.  Desserts $5 + $3 = $8.  Subtotal now $56. Beverages need price $0? Wait we haven't added b"
2026-09-26T10:15:32.547383+00:00,FC1_1.1_002,Disobey Task Specification,FC1,EMERGENT,heterogeneous,5,0,FM-1.4,8,20785,4614,25399,0.00544,68.38,0.0,0.0,0.0,0.216,0.378,-0.138,0.2,0.0,0.0,0.0,Failure Mode: 1.4,"We need to produce final menu with all details, ensure total price between $52 and $58. Let's list items with prices.  Appetizers (5): 1. Roasted Red Pepper Hummus with Pita – $4.00 – 290 kcal – 6 oz "
2026-09-26T10:18:22.355858+00:00,FC1_1.1_003,Disobey Task Specification,FC1,STAR,heterogeneous,1,0,FM-1.1,8,17137,4815,21952,0.00225,169.81,0.0,0.0,0.0,0.395,0.84,-0.719,0.185,0.0,0.0,0.0,"Failure Mode: 1.1  The primary failure mode is 1.1 (Ignored or violated specifications), as the system failed to adhere to the explicit constraints regarding beverage pricing and total cost allocation, leading to an infeasible menu cost structure that violates the specified ranges and total budget.","We need to produce final answer as Menu Director to Beverage Manager, requesting beverage proposals and possibly giving target cost constraints. We should include the current appetizer total estimate "
2026-09-26T10:20:53.743590+00:00,FC1_1.1_003,Disobey Task Specification,FC1,STAR,heterogeneous,2,0,FM-1.1,8,16334,4836,21170,0.00223,151.39,0.0,0.0,0.0,0.237,0.651,-0.803,0.225,0.0,0.0,0.0,"Failure Mode: 1.1  The primary failure mode is 1.1 (Ignored or Violated Specifications), as the initial appetizer subtotal of $72.47 violated the overall budget constraint by exceeding the maximum allowable total cost when combined with minimum mains and beverages. This required a corrective adjustm","need to craft the response as Menu Director to Beverage Manager, giving clear instructions, including overall cost constraints, and also note that Main Chef must produce mains within a tight budget (l"
2026-09-26T10:23:07.768805+00:00,FC1_1.1_003,Disobey Task Specification,FC1,STAR,heterogeneous,3,0,FM-1.1,8,17047,4855,21902,0.00227,134.02,0.0,0.0,0.0,0.537,0.939,-0.397,0.198,0.0,0.0,0.0,"Failure Mode: 1.1  The primary failure is a violation of the problem constraints, specifically regarding the pricing and budget requirements. The system attempted to assign beverage prices that would lead to a total cost exceeding the allowable range ($180 ±5) when combined with the required number","We need to produce a message to Menu Director (or Beverage Manager?). The user says: ""Produce your next message to Menu Director. Adhere strictly to all problem constraints."" So we should respond as B"
2026-09-26T10:25:29.116208+00:00,FC1_1.1_003,Disobey Task Specification,FC1,STAR,heterogeneous,4,0,FM-1.1,8,16227,4838,21065,0.00203,141.34,0.0,0.0,0.0,0.09,0.541,-0.269,0.221,0.0,0.0,0.0,"Failure Mode: 1.1  The primary failure is that the beverage manager ignored or violated the specifications. Specifically, the provided beverage list does not meet the required constraints, such as beverage count/type/price (constraint 4), and likely others like total menu cost (constraint 5) or item",**Beverage Manager – Proposed Beverage List (6 items)**    | # | Category | Name | Description | Price | Calories | Allergen Warnings | |---|----------|------|-------------|-------|----------|--------
2026-09-26T10:27:28.541700+00:00,FC1_1.1_003,Disobey Task Specification,FC1,STAR,heterogeneous,5,0,FM-1.4,8,17098,4859,21957,0.00227,119.41,0.0,0.0,0.0,0.156,0.623,-0.3,0.246,0.0,0.0,0.0,"Failure Mode: 1.4  The primary failure mode is 1.4 (Lost specs during team discussion), as the agent's internal reasoning demonstrates confusion and deviation from the original constraints and collaborative process. Specifically, the agent is recalculating and proposing adjustments to other sections","We need to produce a message to Beverage Manager (the other agent). The message should request beverage proposals, give them the current menu status, constraints, and total budget, and ask them to des"
2026-09-26T10:28:59.035766+00:00,FC1_1.1_003,Disobey Task Specification,FC1,CHAIN,heterogeneous,1,0,FM-1.1,8,10859,4720,15579,0.00334,90.49,0.0,0.0,0.0,0.367,0.459,-0.026,0.279,0.0,0.0,0.0,"Failure Mode: 1.1  The failure occurred because the agent (Appetizer Chef) ignored or violated the specifications by not providing the required three additional appetizers priced in the $8–$12 range, with detailed descriptions, calories, and allergen warnings, as explicitly instructed. The agent did",**To: Appetizer Chef (Appetizer Specialist)**   **From: Menu Director (gpt_oss_120b)**   **Subject: Completion of the Appetizer Section – 3 Items Needed**
2026-09-26T10:30:55.843085+00:00,FC1_1.1_003,Disobey Task Specification,FC1,CHAIN,heterogeneous,2,0,FM-1.1,8,11588,4585,16173,0.00352,116.8,0.0,0.0,0.0,0.0,0.77,-1.0,0.198,0.0,0.0,0.0,"Failure Mode: 1.1  The system failed to adhere to the specified constraints, particularly in pricing and category totals, leading to an infeasible initial plan that violated the minimum pricing requirements for main courses and overall budget.","We need to produce final menu meeting all constraints and total cost $180 ±5. Must design all items ourselves, not just coordinate. The user asks to design a restaurant menu with strict specifications"
2026-09-26T10:33:40.839932+00:00,FC1_1.1_003,Disobey Task Specification,FC1,CHAIN,heterogeneous,3,0,FM-1.4,8,10989,4612,15601,0.00349,165.0,0.0,0.0,0.0,0.264,0.198,-0.129,0.204,0.0,0.0,0.0,"Failure Mode: 1.4  The agent lost track of the appetizer specification during the deliberation process. The initial constraint required 8 appetizers (with prices $5 and $8 summing to $52), but the agent only listed 3 items and did not complete the count or ensure all were properly categorized (veget","We need to produce final menu meeting all constraints, total cost $180 ±5. Need to incorporate the deliberation: they propose appetizer prices $5 and $8, total $52. Need to design rest to meet total. "
2026-09-26T10:35:48.475489+00:00,FC1_1.1_003,Disobey Task Specification,FC1,CHAIN,heterogeneous,4,0,FM-1.1,8,9846,4708,14554,0.00322,127.63,0.0,0.0,0.0,0.078,0.627,0.317,0.231,0.0,0.0,0.0,"Failure Mode: 1.1  The primary failure is that the system ignored or violated the specifications. Specifically, the appetizer section is completely empty (no items listed) despite the requirement for 8 appetizers (vegetarian or seafood) and detailed information columns (name, description, price, cal",**FULL RESTAURANT MENU**   *All prices are in US  dollars.  Total menu cost = **$176.00** (within the required $180 ± $5).*
2026-09-26T10:37:38.677401+00:00,FC1_1.1_003,Disobey Task Specification,FC1,CHAIN,heterogeneous,5,0,FM-1.4,8,10226,4171,14397,0.00328,110.19,0.0,0.0,0.0,0.239,0.239,-0.286,0.189,0.0,0.0,0.0,"Failure Mode: 1.4  The failure occurred due to loss or misalignment of specifications during the deliberation process, specifically in maintaining the total cost constraint ($180 ±5) while attempting to assign prices across all menu sections. The agent started with reasonable individual price assign","We need to produce final unified response: design full menu meeting all constraints, total cost $180 ±5. The deliberation gave partial appetizers list but incomplete. We need to produce full menu with"
2026-09-26T10:39:52.367516+00:00,FC1_1.1_003,Disobey Task Specification,FC1,TREE,heterogeneous,1,0,FM-1.1,8,12611,4756,17367,0.00344,133.68,0.0,0.0,0.0,0.684,0.195,-0.535,0.231,0.0,0.0,0.0,"Failure Mode: 1.1  The primary failure mode is 1.1 (Ignored/violated specifications), as the system failed to adhere to multiple explicit constraints: - Dessert count requirement (3 items) and minimum pricing constraint ($18 total minimum) - Beverage count requirement (6 items) and minimum pricing c",**To: Main Chef (qwen3_30b) & Nutritionist (gemini_3_5_flash_lite)**   **Subject: Menu‑wide budget reconciliation & missing items**
2026-09-26T10:41:47.997445+00:00,FC1_1.1_003,Disobey Task Specification,FC1,TREE,heterogeneous,2,0,FM-1.1,8,13777,4378,18155,0.00278,115.61,0.0,0.0,0.0,0.138,0.689,0.239,0.158,0.0,0.0,0.0,"Failure Mode: 1.1  The primary failure mode is 1.1 (Ignored or Violated Specifications), as the system failed to adhere to the specified appetizer cost constraint (total around $70) and did not maintain the required price ranges or counts for other categories without explicit justification, leading","We need to produce final unified response: likely to Main Chef and Beverage Chef? Actually we have only Appetizer Chef and Main Chef messages. Now Nutritionist gave feedback. As Menu Director, we need"
2026-09-26T10:43:31.764825+00:00,FC1_1.1_003,Disobey Task Specification,FC1,TREE,heterogeneous,3,0,FM-1.4,8,12726,4662,17388,0.00355,103.67,0.0,0.0,0.0,0.127,0.318,-0.843,0.214,0.0,0.0,0.0,"Failure Mode: 1.4  The primary failure mode is 1.4 (Lost specifications during team discussion), as the deliberation shows confusion and miscalculation in adhering to the total budget constraint and distribution of costs across categories, indicating that key specifications were not maintained or pr","We need to produce final answer: as Menu Director, we need to synthesize team deliberation into final unified response. The user asked to design menu with strict specs. We have to deliver final menu m"
2026-09-26T10:45:45.654756+00:00,FC1_1.1_003,Disobey Task Specification,FC1,TREE,heterogeneous,4,0,FM-1.4,8,14052,4795,18847,0.00366,133.88,0.0,0.0,0.0,0.0,0.137,0.189,0.174,0.0,0.0,0.0,"Failure Mode: 1.4  The primary failure mode is 1.4 (Lost Specifications During Team Discussion), as the team failed to maintain and integrate all constraints (e.g., budget, item counts, pricing ranges, and category requirements) during deliberation, leading to inconsistent cost calculations and inco","We need to produce final answer as Menu Director, synthesizing the team's deliberation into a final unified response. Must ensure all specifications are met: total menu cost $180 ±5, items counts and "
2026-09-26T10:48:11.573573+00:00,FC1_1.1_003,Disobey Task Specification,FC1,TREE,heterogeneous,5,0,FM-1.4,8,12304,4384,16688,0.00261,145.91,0.0,0.0,0.0,0.072,0.144,-0.513,0.135,0.0,0.0,0.0,"Failure Mode: 1.4  The team deliberation shows incomplete drafts and a failure to synthesize a final unified menu that meets all specified constraints (e.g., counts, price ranges, dietary categories, and total cost). This indicates a loss of specification adherence during the collaborative process,","We need to produce final answer: the unified response. The user asked: ""TASK: Design a restaurant menu with STRICT specifications..."". The team deliberation shows incomplete drafts. As Menu Director, "
2026-09-26T10:50:18.902914+00:00,FC1_1.1_003,Disobey Task Specification,FC1,MESH,heterogeneous,1,0,FM-1.4,8,12806,5077,17883,0.00365,127.33,0.0,0.0,0.0,0.0,0.523,-1.0,0.176,0.0,0.0,0.0,Failure Mode: 1.4,"We need to output a message to Main Chef (the person who will design main courses). We should give them constraints, price targets, and maybe ask for the main courses list. We must ensure overall menu"
2026-09-26T10:51:38.400248+00:00,FC1_1.1_003,Disobey Task Specification,FC1,MESH,heterogeneous,2,0,FM-1.1,8,11174,4621,15795,0.0035,79.5,0.0,0.0,0.0,0.188,0.563,-1.0,0.304,0.0,0.0,0.0,Failure Mode: 1.1,"We need to produce a unified response that includes the full menu (all items) meeting constraints and total cost within range. The instruction says ""Design a restaurant menu with STRICT specifications"
2026-09-26T10:53:13.486742+00:00,FC1_1.1_003,Disobey Task Specification,FC1,MESH,heterogeneous,3,0,FM-1.4,8,10346,4199,14545,0.00307,95.09,0.0,0.0,0.0,0.0,0.607,-1.0,0.271,0.0,0.0,0.0,"Failure Mode: 1.4  The primary failure mode is 1.4 (Lost specs during team discussion), as the deliberation process did not fully synthesize or retain all required specifications (e.g., missing appetizer details, incomplete allergen/calorie information, and unclear beverage budget adherence), leadin","need to produce the final response: as Menu Director, we need to give brief to Main Chef with specifications for mains and desserts, ensuring overall constraints. Should include price, calories, aller"
2026-09-26T10:55:18.206190+00:00,FC1_1.1_003,Disobey Task Specification,FC1,MESH,heterogeneous,4,0,FM-1.4,8,10755,4845,15600,0.00345,124.72,0.0,0.0,0.0,0.081,0.323,0.117,0.223,0.0,0.0,0.0,"Failure Mode: 1.4  The primary failure mode is 1.4 (Lost specifications during team discussion), as the team failed to maintain adherence to the menu specifications during deliberation, particularly regarding budget constraints and item pricing ranges, leading to an infeasible budget allocation for","We need to produce final answer as Menu Director, synthesizing team deliberation. The user originally asked to design menu with strict specs. The team has given partial info: Appetizer list from Nutri"
2026-09-26T10:57:39.532675+00:00,FC1_1.1_003,Disobey Task Specification,FC1,MESH,heterogeneous,5,0,FM-1.1,8,10911,4594,15505,0.00347,141.32,0.0,0.0,0.0,0.159,0.951,-0.536,0.238,0.0,0.0,0.0,"Failure Mode: 1.1  The failure occurred because the system did not adhere to the specified constraints, particularly regarding the pricing and composition of menu items. Specifically, the beverage and appetizer selections were designed without ensuring that the total cost of appetizers and main cour","We need to produce final unified response: the menu meeting all constraints, with total cost $180 ±5. We have to actually produce the menu, not just coordinate. The user asked to design a restaurant m"
2026-09-26T10:59:45.097695+00:00,FC1_1.1_003,Disobey Task Specification,FC1,EMERGENT,heterogeneous,1,0,FM-1.4,8,22663,4825,27488,0.00466,125.56,0.0,0.0,0.0,0.0,0.356,-0.467,0.25,0.0,0.0,0.0,"Failure Mode: 1.4  The primary failure mode is 1.4 (Lost Specifications During Team Discussion), as the user's message demonstrates a breakdown in maintaining and adhering to the full set of constraints during internal reasoning or planning. While attempting to adjust prices and categories, inconsis","We need to produce final answer as Beverage Manager to Main Chef. Must include beverage list with all details, and also propose mains pricing to meet total budget. Should be unified response. Ensure t"
2026-09-26T11:01:55.906062+00:00,FC1_1.1_003,Disobey Task Specification,FC1,EMERGENT,heterogeneous,2,0,FM-1.1,8,20519,4661,25180,0.00446,130.8,0.0,0.0,0.0,0.143,0.428,-1.0,0.294,0.0,0.0,0.0,"Failure Mode: 1.1  The primary failure is a violation of the menu specifications due to contradictory constraints, specifically the inability to meet the total budget requirement ($180 ± $5) while adhering to the minimum pricing constraints for beverages ($18 minimum) and main courses ($75 minimum),","We need to produce a response as Menu Director to Main Chef, addressing the budget issue: beverages too expensive, need to lower beverage prices to meet total budget. Provide revised beverage list wit"
2026-09-26T11:04:22.218856+00:00,FC1_1.1_003,Disobey Task Specification,FC1,EMERGENT,heterogeneous,3,0,FM-1.4,8,22875,4808,27683,0.00476,146.31,0.0,0.0,0.0,0.068,0.273,-0.658,0.31,0.0,0.0,0.0,"Failure Mode: 1.4  The primary failure mode is 1.4 (Lost specifications during team discussion), as the conversation shows a breakdown in maintaining and adhering to the full set of constraints while attempting to allocate prices, leading to an incomplete and non-compliant menu design process.","We need to produce final menu with all categories, meeting constraints and total cost $180 ±5. The conversation shows attempts but not final. We must now produce final menu.  We need to decide exact p"
2026-09-26T11:05:53.033242+00:00,FC1_1.1_003,Disobey Task Specification,FC1,EMERGENT,heterogeneous,4,0,FM-1.4,8,21892,4811,26703,0.0047,90.81,0.0,0.0,0.0,0.0,0.446,0.566,0.24,0.0,0.0,0.0,"Failure Mode: 1.4  The primary failure mode is 1.4 (Lost specifications during team discussion), as the conversation indicates incomplete data sharing (only 4 out of 8 appetizers shown) and a lack of coordination in adhering to all constraints, particularly in pricing adjustments that risk violating","We need to produce final unified response: full menu with all items meeting constraints, total cost $180 ±5. The conversation shows incomplete data: appetizer list partially given, but not full 8 item"
2026-09-26T11:07:41.782734+00:00,FC1_1.1_003,Disobey Task Specification,FC1,EMERGENT,heterogeneous,5,0,FM-1.4,8,22403,4750,27153,0.00462,108.75,0.0,0.0,0.0,0.142,0.757,-0.094,0.269,0.0,0.0,0.0,"Failure Mode: 1.4  The primary failure mode is 1.4 (Lost specs during team discussion), as evidenced by the Beverage Manager not responding and the Appetizer Chef getting stuck, leading to incomplete integration of all category constraints and a failure to produce a final unified menu within the cos","We need to produce final unified response as Menu Director, synthesizing deliberations. The conversation shows multiple agents: Appetizer Chef attempted but got stuck. We need to resolve and produce f"
2026-09-26T11:10:03.755138+00:00,FC1_1.1_004,Disobey Task Specification,FC1,STAR,heterogeneous,1,0,FM-1.4,8,18479,5003,23482,0.00396,141.97,0.0,0.0,0.0,0.29,0.705,-0.041,0.237,0.0,0.0,0.0,"Failure Mode: 1.4  The primary failure mode is 1.4 (Lost track of some constraints mid-conversation), as the agent failed to maintain awareness of the category-specific price caps (e.g., appetizers max $15, beverages max $14) while attempting to reconcile the special rule requiring 8 items over $20,","We need to produce a response as Pastry Specialist? Actually the last user message is the system instruction: ""We need to respond to Pastry Specialist (desserts)."" The conversation: Menu Orchestrator "
2026-09-26T11:13:22.737308+00:00,FC1_1.1_004,Disobey Task Specification,FC1,STAR,heterogeneous,2,0,FM-1.4,8,17749,4847,22596,0.00368,198.98,0.0,0.0,0.0,0.592,1.302,-0.061,0.229,0.0,0.0,0.0,"Failure Mode: 1.4  The primary failure is 1.4 (Lost track of some constraints mid-conversation), as the agents correctly satisfied individual category-level constraints but failed to maintain awareness of the global price distribution requirement (8/8/8 split) across the entire menu, leading to a lo","**Unified Summary & Request for Clarification**  Below is the complete synthesis of the work produced by the specialist agents (Appetizer, Main‑Course, Side‑Dish, Dessert, and Beverage).  All items ha"
2026-09-26T11:16:39.667579+00:00,FC1_1.1_004,Disobey Task Specification,FC1,STAR,heterogeneous,3,0,FM-1.4,8,17508,4902,22410,0.00362,196.93,0.0,0.0,0.0,0.521,0.481,-0.092,0.2,0.0,0.0,0.0,"Failure Mode: 1.4  The primary failure mode is 1.4 (Lost track of some constraints mid-conversation), as the dessert section is incomplete and appears truncated (""5 ("") without completing the planned items or addressing price range and sub-total, indicating a loss of tracking for constraints 4 (Dess",**Pastry Specialist – Dessert Section**   *Prepared for the Menu Orchestrator (Coordinator)*
2026-09-26T11:19:34.877853+00:00,FC1_1.1_004,Disobey Task Specification,FC1,STAR,heterogeneous,4,0,FM-1.4,8,17577,4799,22376,0.00364,175.21,0.0,0.0,0.0,0.039,1.162,-0.127,0.27,0.0,0.0,0.0,"Failure Mode: 1.4  The Pastry Specialist failed to complete the dessert items (only provided partial details for one item) and did not address all constraints, particularly losing track of constraints mid-conversation despite acknowledging them.",**Pastry Specialist – Response to Menu Orchestrator**  Thank you for the comprehensive brief. I’m ready to deliver the five dessert items while keeping every hard constraint in mind. Below you will fi
2026-09-26T11:22:18.181517+00:00,FC1_1.1_004,Disobey Task Specification,FC1,STAR,heterogeneous,5,0,FM-1.4,8,16387,4737,21124,0.00364,163.3,0.0,0.0,0.0,0.108,1.344,-0.131,0.185,0.0,0.0,0.0,"Failure Mode: 1.4  The primary failure is 1.4 (Lost track of some constraints mid-conversation), as the system failed to maintain awareness of the price-band distribution constraint (Constraint 10) when constructing the sides, resulting in all four side items being placed in the <$10 band instead of",**To: Menu Orchestrator (Coordinator)**   **From: Pastry Specialist**
2026-09-26T11:24:48.736346+00:00,FC1_1.1_004,Disobey Task Specification,FC1,CHAIN,heterogeneous,1,0,FM-1.1,8,10643,4626,15269,0.00586,150.55,0.0,0.0,0.0,0.314,0.806,0.071,0.246,0.0,0.0,0.0,"Failure Mode: 1.1  The primary failure mode is 1.1 (Intentional specification violation), as the system attempts to reinterpret or circumvent constraint #10 (price distribution) to resolve a conflict rather than adhering strictly to the given specifications. Additional failure modes may include 1.4",We need to produce final menu meeting all constraints. The Quality Checker points out conflict: 34 items but only 24 accounted for in price buckets. However we must satisfy constraint #10 as given: ex
2026-09-26T11:26:46.056121+00:00,FC1_1.1_004,Disobey Task Specification,FC1,CHAIN,heterogeneous,2,0,FM-1.4,8,10748,4765,15513,0.00647,117.31,0.0,0.0,0.0,0.113,0.507,0.007,0.238,0.0,0.0,0.0,"Failure Mode: 1.4  The primary failure mode is 1.4 (Lost track of some constraints mid-conversation), as the system failed to reconcile constraint 10 (price distribution) with the fixed category counts (constraints 1-5), leading to an apparent contradiction in total item counts and unresolved interp","We need to produce final answer: as Menu Orchestrator, need to synthesize team's deliberation and produce a coordinated plan, addressing the contradictions pointed out. We must resolve the conflict: c"
2026-09-26T11:28:45.405815+00:00,FC1_1.1_004,Disobey Task Specification,FC1,CHAIN,heterogeneous,3,0,FM-1.1,8,10198,4680,14878,0.00603,119.35,0.0,0.0,0.0,0.447,0.894,0.061,0.267,0.0,0.0,0.0,"Failure Mode: 1.1  The root cause is an intentional specification violation (MAST 1.1), where the constraints inherently conflict—specifically, the total item count required by constraints 1-5 (34 items) contradicts constraint 10's requirement for exactly 24 items distributed across price tiers. Thi","**Summary of the situation**  After carefully mapping every requirement, we have hit a **mathematical contradiction** that makes it impossible to satisfy **all 10 strict constraints simultaneously**. "
2026-09-26T11:32:03.418867+00:00,FC1_1.1_004,Disobey Task Specification,FC1,CHAIN,heterogeneous,4,0,FM-1.4,8,10994,4846,15840,0.00654,198.01,0.0,0.0,0.0,0.203,0.811,-0.39,0.203,0.0,0.0,0.0,"Failure Mode: 1.4  1.4: Lost track of some constraints mid-conversation  The primary issue here is that the system lost track of the total number of items and the strict price range constraints, leading to a contradiction between the required 34 items and the 24 items that must strictly adhere to th","We have a situation: The user wants a menu design. The system says we are Menu Orchestrator and must synthesize team's deliberation into final response. The deliberation includes a ""Menu Orchestrator"""
2026-09-26T11:35:11.044377+00:00,FC1_1.1_004,Disobey Task Specification,FC1,CHAIN,heterogeneous,5,0,FM-1.1,8,10949,4774,15723,0.00653,187.62,0.0,0.0,0.0,0.395,0.592,-1.0,0.256,0.0,0.0,0.0,Failure Mode: 1.1,We need to produce final answer: a menu with all items meeting constraints. The deliberation includes a Quality Checker note but incomplete. We must synthesize final menu.  We need 34 items total. Mus
2026-09-26T11:38:45.620820+00:00,FC1_1.1_004,Disobey Task Specification,FC1,TREE,heterogeneous,1,0,FM-1.4,8,15494,4891,20385,0.00405,214.58,0.0,0.0,0.0,0.097,0.484,-0.015,0.233,0.0,0.0,0.0,"Failure Mode: 1.4  Additional Failures: 1.4: Lost track of some constraints mid-conversation  The primary issue here is that the system lost track of the global price distribution constraint (10) while focusing on the individual category constraints (1, 6). This led to a situation where the ""< $10""","**Summary of the Conflict**  After carefully aggregating the requirements from the appetizer draft, the main‑course plan, the side‑dish outline, the dessert specifications, and the beverage price limi"
2026-09-26T11:40:45.692684+00:00,FC1_1.1_004,Disobey Task Specification,FC1,TREE,heterogeneous,2,0,FM-1.4,8,13798,4658,18456,0.00379,120.06,0.0,0.0,0.0,0.0,0.531,0.158,0.248,0.0,0.0,0.0,"Failure Mode: 1.4  The primary failure mode is 1.4 (Lost track of some constraints mid-conversation), as the orchestrator failed to synthesize a complete menu that satisfies all specified constraints, particularly the requirement for exactly 8 items under $10 and exactly 8 items $10-$20 (with the th",We have a conversation with multiple agents. The user gave a task: design a restaurant menu with many constraints. The orchestrator must synthesize the team's deliberation into a final unified respons
2026-09-26T11:43:21.081267+00:00,FC1_1.1_004,Disobey Task Specification,FC1,TREE,heterogeneous,3,0,FM-1.1,8,15472,4876,20348,0.00405,155.39,0.0,0.0,0.0,0.366,0.47,0.282,0.2,0.0,0.0,0.0,"Failure Mode: 1.1  The system failed due to an intentional specification violation, as it attempted to reinterpret or relax constraint 10 (exactly 8 items in each price bucket) to resolve the contradiction with the total item count of 34, rather than strictly adhering to all original constraints. Th","We need to produce final answer: design full menu meeting all constraints. But we have discovered contradictions: total items 34, but constraint 10 says exactly 8 items in each price bucket, totaling "
2026-09-26T11:47:07.357976+00:00,FC1_1.1_004,Disobey Task Specification,FC1,TREE,heterogeneous,4,0,FM-1.1,8,14742,4702,19444,0.00385,226.28,0.0,0.0,0.0,0.22,0.75,0.036,0.249,0.0,0.0,0.0,"Failure Mode: 1.1  The primary failure is an intentional specification violation (1.1), as the system explicitly acknowledges that the global constraints cannot be satisfied simultaneously due to conflicting requirements—specifically, the price distribution rule (exactly 8 items per price tier) and",**To: Beverage Specialist (agent 6)   From: Menu Orchestrator (gpt_oss_120b)   Subject: Coordination on Beverages – clarification needed before finalizing**  Thank you for confirming receipt of the re
2026-09-26T11:49:44.683293+00:00,FC1_1.1_004,Disobey Task Specification,FC1,TREE,heterogeneous,5,0,FM-1.4,8,14207,4856,19063,0.00367,157.32,0.0,0.0,0.0,0.705,0.651,-0.494,0.295,0.0,0.0,0.0,"Failure Mode: 1.4  Additional failures: 1.5  Explanation: The message shows incomplete coordination (e.g., Beverages cut off mid-sentence, Appetizers/Sides/Desserts have ""None yet"" supplied) and fails to address all 10 constraints (e.g., Allergen tags, Dietary labels, Total cost, and Price distribut","**To:** All Specialists (Appetizer 🟢, Main 🟡, Side 🔵, Dessert 🟣, Beverage 🟠)   **From:** Menu Orchestrator (gpt_oss_120b)   **Subject:** Final‑stage coordination – resolving the “exactly 8‑item price‑"
2026-09-26T11:51:58.570294+00:00,FC1_1.1_004,Disobey Task Specification,FC1,MESH,heterogeneous,1,0,FM-1.4,8,10844,4741,15585,0.00633,133.88,0.0,0.0,0.0,0.0,0.498,-0.414,0.273,0.0,0.0,0.0,"Failure Mode: 1.4  The primary failure mode is 1.4 (Lost track of some constraints mid-conversation), as the system failed to synthesize the full menu details despite the Quality Checker's verification, indicating a loss of continuity in ensuring all constraints (e.g., specific item listings, allerg","We have a conversation: user gave task to design menu with many constraints. The system says we are Menu Orchestrator, need to synthesize team's deliberation into final unified response. The team deli"
2026-09-26T11:53:56.637793+00:00,FC1_1.1_004,Disobey Task Specification,FC1,MESH,heterogeneous,2,0,FM-1.4,8,10851,4851,15702,0.00654,118.07,0.0,0.0,0.0,0.178,0.535,-0.065,0.275,0.0,0.0,0.0,"Failure Mode: 1.4  The primary failure mode is 1.4 (Lost track of some constraints mid-conversation), as the system failed to reconcile the overall price distribution constraint (exactly 8 items under $10) with the category-specific constraints (sides priced $3–8, which are all under $10), leading t","We have a conflict: The system says we are Menu Orchestrator, need to synthesize team's deliberation into final unified response. The user originally asked to design a menu with constraints. The team "
2026-09-26T11:55:56.970953+00:00,FC1_1.1_004,Disobey Task Specification,FC1,MESH,heterogeneous,3,0,FM-1.1,8,9777,4647,14424,0.00576,120.32,0.0,0.0,0.0,0.303,0.607,0.416,0.268,0.0,0.0,0.0,"Failure Mode: 1.1  The primary failure mode is 1.1 (Intentional specification violation), as the system generated a menu that violates constraint 10 (price distribution) by having 34 items when only 24 can be accommodated under the 8/8/8 price bracket rule, leaving 10 items unassignable to any brack",**⚠️ Conflict Detected – Immediate Clarification Required**  The specifications you have given contain two sets of requirements that cannot be satisfied **simultaneously**:  | Requirement | What it de
2026-09-26T11:58:17.621182+00:00,FC1_1.1_004,Disobey Task Specification,FC1,MESH,heterogeneous,4,0,FM-1.1,8,10726,4665,15391,0.00642,140.65,0.0,0.0,0.0,0.265,0.619,-0.016,0.267,0.0,0.0,0.0,"Failure Mode: 1.1  The primary failure mode is 1.1 (Intentional specification violation), as the system attempted to interpret or adjust contradictory constraints (e.g., the exact 8/8/8 price distribution requirement conflicting with a total of 34 items) rather than strictly adhering to the specifie","We need to produce final answer: the menu with all items, respecting constraints. The Quality Checker says they've arranged, but we must produce the actual menu list. Need to ensure constraints satisf"
2026-09-26T12:00:57.928677+00:00,FC1_1.1_004,Disobey Task Specification,FC1,MESH,heterogeneous,5,0,FM-1.4,8,10847,4888,15735,0.00655,160.3,0.0,0.0,0.0,0.052,0.361,-0.169,0.204,0.0,0.0,0.0,"Failure Mode: 1.4  The primary failure mode is 1.4 (Lost track of some constraints mid-conversation), as the system failed to reconcile the conflicting constraints regarding the total item count (34 items specified in category breakdown vs. 24 items implied by the price distribution rule), leading t","We have messages: from Menu Orchestrator asking Appetizer Specialist, then from Quality Checker providing audit results and final menu. The task: ""Design a restaurant menu with adversarial specificati"
2026-09-26T12:03:07.506696+00:00,FC1_1.1_004,Disobey Task Specification,FC1,EMERGENT,heterogeneous,1,0,FM-1.4,8,20833,4717,25550,0.00831,129.57,0.0,0.0,0.0,0.0,0.864,-1.0,0.204,0.0,0.0,0.0,"Failure Mode: 1.4  The primary failure mode is 1.4 (Lost track of some constraints mid-conversation), as the orchestrator failed to reconcile the inherent contradiction between the required price distribution (exactly 8 items under $10) and the side dish price constraint (all sides priced $3–$8, whi","We have a conversation where multiple agents have collaborated. The final quality checker says all constraints passed. We need to produce final answer: the complete menu with all sections, meeting con"
2026-09-26T12:04:55.716857+00:00,FC1_1.1_004,Disobey Task Specification,FC1,EMERGENT,heterogeneous,2,0,FM-1.4,8,22193,4460,26653,0.00809,108.2,0.0,0.0,0.0,0.317,0.861,-0.013,0.315,0.0,0.0,0.0,"Failure Mode: 1.4  The primary failure is 1.4 (Lost track of some constraints mid-conversation), as the system failed to maintain awareness of Constraint 10 (price distribution) while addressing other constraints, leading to a contradictory and unachievable menu configuration.","**Menu Orchestrator – Coordination Directive**  Team, thank you for the excellent progress on each section of the menu. Before we can lock in the final entries we must resolve a **system‑wide contradi"
2026-09-26T12:06:44.850864+00:00,FC1_1.1_004,Disobey Task Specification,FC1,EMERGENT,heterogeneous,3,0,FM-1.4,8,23168,4552,27720,0.00816,109.13,0.0,0.0,0.0,0.269,0.672,0.061,0.241,0.0,0.0,0.0,"Failure Mode: 1.4  The primary failure mode is 1.4 (Lost track of some constraints mid-conversation), as the orchestrator failed to reconcile the price distribution constraint (at least 8 items over $20) with the available menu categories, particularly noting that only mains can exceed $20 but there","We need to produce final unified response: menu with all items meeting constraints, total cost $250±5, and price distribution at least 8 items under $10, at least 8 items $10-$20, at least 8 items ove"
2026-09-26T12:08:39.086540+00:00,FC1_1.1_004,Disobey Task Specification,FC1,EMERGENT,heterogeneous,4,0,FM-1.4,8,24124,4796,28920,0.00885,114.23,0.0,0.0,0.0,0.306,0.662,0.114,0.338,0.0,0.0,0.0,"Failure Mode: 1.4  The primary failure mode is 1.4 (Lost track of some constraints mid-conversation), as the system failed to reconcile the conflicting constraints regarding the number of items priced under $10 across categories, leading to an inability to proceed with menu design.",We need to produce final unified response: design full menu meeting constraints. Must incorporate data from side dishes (already given) and desserts (provided partially but need to ensure allergens li
2026-09-26T12:11:25.641262+00:00,FC1_1.1_004,Disobey Task Specification,FC1,EMERGENT,heterogeneous,5,0,FM-1.4,8,22931,4571,27502,0.00803,166.55,0.0,0.0,0.0,0.055,0.776,-0.188,0.181,0.0,0.0,0.0,"Failure Mode: 1.4  The primary failure mode is 1.4 (Lost track of some constraints mid-conversation), as the system failed to maintain awareness of all constraints—particularly the exact price distribution rule—during synthesis, leading to ambiguity and potential misinterpretation of requirements.","We need to produce final answer: the unified response meeting all constraints. The conversation shows multiple agents have contributed, but we need to synthesize into final answer. The Quality Checker"
2026-09-26T12:13:28.434902+00:00,FC1_1.1_005,Disobey Task Specification,FC1,STAR,heterogeneous,1,0,FM-1.4,8,18805,4836,23641,0.00233,122.79,0.0,0.0,0.0,0.05,0.449,0.054,0.194,0.0,0.0,0.0,"Failure Mode: 1.4  The primary failure is 1.4 (Lost track of requirements mid-planning), as the agent provided a draft that met some constraints but failed to complete the full uniform format with all required columns for each dessert, halting progress before fulfilling all specified data and presen",**To:** Sous Chef Desserts (Agent 5)   **From:** Executive Chef (gpt_oss_120b)   **Subject:** Dessert Section – Final Review & Required Details
2026-09-26T12:15:03.249723+00:00,FC1_1.1_005,Disobey Task Specification,FC1,STAR,heterogeneous,2,0,FM-1.4,8,16117,4867,20984,0.00238,94.81,0.0,0.0,0.0,0.158,0.474,-1.0,0.23,0.0,0.0,0.0,"Failure Mode: 1.4  The primary failure mode is 1.4 (Lost track of requirements mid-planning), as the system demonstrates awareness of multiple constraints (e.g., pricing distribution, calorie limits, allergen cross-referencing) but fails to maintain a coherent synthesis plan, resulting in incomplete","We need to produce final response as Executive Chef synthesizing the team's deliberations into final unified response. The task overall: produce complete menu with all items (15 appetizers, 7 courses,"
2026-09-26T12:16:38.056879+00:00,FC1_1.1_005,Disobey Task Specification,FC1,STAR,heterogeneous,3,0,FM-1.4,8,17043,4835,21878,0.00241,94.81,0.0,0.0,0.0,0.0,0.578,-0.079,0.198,0.0,0.0,0.0,"Failure Mode: 1.4  The primary failure mode is 1.4 (Lost track of requirements mid-planning), as the system failed to maintain a coherent synthesis of all constraints and partial inputs, leading to an incomplete and unexecuted menu generation despite having access to necessary guidance and requireme","need to produce final unified response: combine all parts? The user asked: ""Design a Michelin-star restaurant menu with Byzantine specifications..."" The team deliberation includes messages from Execut"
2026-09-26T12:18:40.489393+00:00,FC1_1.1_005,Disobey Task Specification,FC1,STAR,heterogeneous,4,0,FM-1.4,8,16516,4876,21392,0.00215,122.43,0.0,0.0,0.0,0.0,0.824,-0.676,0.161,0.0,0.0,0.0,"Failure Mode: 1.4  The primary failure mode is 1.4, as the system appears to have lost track of the full set of requirements (15 inter-dependent constraints) during planning, resulting in an incomplete or non-compliant submission despite partial compliance being noted.",**To:** Sous Chef Desserts (qwen3_30b)   **From:** Executive Chef (gpt_oss_120b)   **Subject:** Dessert‑Development Brief – Byzantine Menu Integration
2026-09-26T12:19:58.879642+00:00,FC1_1.1_005,Disobey Task Specification,FC1,STAR,heterogeneous,5,0,FM-1.4,8,17344,4856,22200,0.00243,78.39,0.0,0.0,0.0,0.0,0.284,0.302,0.236,0.0,0.0,0.0,"Failure Mode: 1.4  The primary failure mode is 1.4 (Lost track of requirements mid-planning), as the deliberation shows the agents becoming sidetracked by recalculating averages and adjusting prices, losing focus on synthesizing the full menu with all required fields (including wine pairings, allerg",We need to produce final unified response: combine all sections? The user asked to design menu with all items. The team deliberation shows partial drafts. We need to deliver final complete menu with 3
2026-09-26T12:21:48.050449+00:00,FC1_1.1_005,Disobey Task Specification,FC1,CHAIN,heterogeneous,1,0,FM-1.1,8,11146,4897,16043,0.00379,109.17,0.0,0.0,0.0,0.0,0.286,-0.985,0.316,0.0,0.0,0.0,"Failure Mode: 1.1  The primary failure mode is 1.1 (Constraint Violation), as the expert violated pricing constraints by setting appetizer prices that initially exceeded the required average range ($13–15), requiring multiple adjustments to correct. Additionally, the expert failed to address other e","We need to produce final menu with 33 items, each with many fields. Must ensure constraints. Let's craft.  First, compute appetizer pricing to meet avg $13-15. Let's pick prices:  Low bracket (5 items"
2026-09-26T12:23:14.244308+00:00,FC1_1.1_005,Disobey Task Specification,FC1,CHAIN,heterogeneous,2,0,FM-1.4,8,12099,4850,16949,0.00384,86.19,0.0,0.0,0.0,0.0,0.377,0.073,0.333,0.0,0.0,0.0,"Failure Mode: 1.4  The system failed to maintain a coherent and complete execution of the menu design process, losing track of multiple constraints (e.g., ensuring distinct flavor profiles per course, verifying allergen matrices, confirming dietary tags, and validating calorie distribution) while fo",We need to produce final unified response: the menu meeting all constraints. The previous deliberations suggest we need to output full menu with all fields. Let's craft concise but complete entries.  
2026-09-26T12:26:08.822584+00:00,FC1_1.1_005,Disobey Task Specification,FC1,CHAIN,heterogeneous,3,0,FM-1.4,8,11291,4706,15997,0.00356,174.57,0.0,0.0,0.0,0.0,0.071,-0.59,0.306,0.0,0.0,0.0,Failure Mode: 1.4,"We need to produce final menu. Must ensure all constraints.  Let's outline:  Appetizers (15): - Need 5 low price $8-12, 5 mid $12-18, 5 high $18-28. - All different cooking techniques (e.g., ceviche, "
2026-09-26T12:27:51.516785+00:00,FC1_1.1_005,Disobey Task Specification,FC1,CHAIN,heterogeneous,4,0,FM-1.4,8,12094,4787,16881,0.00378,102.69,0.0,0.0,0.0,0.0,0.061,-0.419,0.24,0.0,0.0,0.0,Failure Mode: 1.4,"We need to produce the final unified response: the full menu with 33 items, each with required fields. Must satisfy all constraints. Let's verify all constraints.  1. Appetizers: 15 items, 5 in each p"
2026-09-26T12:29:31.732255+00:00,FC1_1.1_005,Disobey Task Specification,FC1,CHAIN,heterogeneous,5,0,FM-1.4,8,11941,4666,16607,0.00349,100.21,0.0,0.0,0.0,0.0,0.282,0.171,0.399,0.0,0.0,0.0,Failure Mode: 1.4,"We need to produce final unified response: the complete menu with all 33 items, meeting constraints. Must include all fields. Also need to ensure constraints: technique diversity, allergens, calories,"
2026-09-26T12:31:16.215786+00:00,FC1_1.1_005,Disobey Task Specification,FC1,TREE,heterogeneous,1,0,FM-1.1,8,13977,4758,18735,0.00211,104.48,0.0,0.0,0.0,0.172,0.402,-0.191,0.208,0.0,0.0,0.0,Failure Mode: 1.1  Additional failures: 1.4,**To
2026-09-26T12:33:32.548587+00:00,FC1_1.1_005,Disobey Task Specification,FC1,TREE,heterogeneous,2,0,FM-1.4,8,15831,4979,20810,0.00259,136.33,0.0,0.0,0.0,0.186,0.495,0.62,0.215,0.0,0.0,0.0,"Failure Mode: 1.4  The primary failure mode is 1.4 (Lost track of requirements mid-planning), as the system stopped generating the final consolidated menu despite having partial inputs and clear constraints, indicating a breakdown in maintaining awareness of all requirements through to completion. A","We have a conversation with multiple agents. The user last message: ""TASK: Design a Michelin-star restaurant menu with Byzantine specifications... DELIVERABLE: Complete menu with 15 appetizers + 7 cou"
2026-09-26T12:35:37.630547+00:00,FC1_1.1_005,Disobey Task Specification,FC1,TREE,heterogeneous,3,0,FM-1.4,8,16011,4848,20859,0.00249,125.08,0.0,0.0,0.0,0.102,0.307,0.587,0.218,0.0,0.0,0.0,"Failure Mode: 1.4  The primary failure mode is 1.4 (Lost track of requirements mid-planning), as the Sous Chef Appetizers agent truncated the appetizer table after the header row, failing to complete all 15 required entries and address the full set of constraints, despite having the detailed brief a",**To:** Sous Chef Appetizers (Agent 3)   **From:** Executive Chef (agent 1)   **Subject:** Immediate Completion & Validation of the 15‑Appetizer Section – “Byzantine Echo” Menu    Sous Chef Appetizers
2026-09-26T12:37:31.148500+00:00,FC1_1.1_005,Disobey Task Specification,FC1,TREE,heterogeneous,4,0,FM-1.4,8,15874,4785,20659,0.00252,113.52,0.0,0.0,0.0,0.201,0.334,0.382,0.246,0.0,0.0,0.0,Failure Mode: 1.4,We have a confusing situation. The user wants us to produce a message to Sous Chef Appetizers. The conversation shows that the Executive Chef (us) originally needed to propose menu and ask for wine pa
2026-09-26T12:39:06.272928+00:00,FC1_1.1_005,Disobey Task Specification,FC1,TREE,heterogeneous,5,0,FM-1.4,8,14282,4883,19165,0.00238,95.12,0.0,0.0,0.0,0.0,0.43,-1.0,0.188,0.0,0.0,0.0,"Failure Mode: 1.4  The primary failure mode is 1.4 (Lost track of requirements mid-planning), as the agent appears to have stopped output prematurely mid-sentence (""nut"") without completing the dietary tags constraint or addressing the full set of 15 inter-dependent constraints. This indicates a los",**To: Pastry Chef (qwen3_30b) – Dessert Development Brief**   **From: Executive Chef (gpt_oss_120b)**   **Subject: Final‑stage Dessert Section (6 items) – full compliance with all 15 inter‑dependent c
2026-09-26T12:41:02.835381+00:00,FC1_1.1_005,Disobey Task Specification,FC1,MESH,heterogeneous,1,0,FM-1.1,8,11571,4968,16539,0.00375,116.56,0.0,0.0,0.0,0.0,0.303,-0.189,0.282,0.0,0.0,0.0,"Failure Mode: 1.1  The primary failure is a constraint violation (1.1), specifically: - The menu lists only one appetizer (A1) instead of the required 15 items, violating the count constraint. - Pricing structure is incomplete (only one price shown, not meeting the 5/5/5 distribution across ranges).",**MICHELIN‑STAR MENU – “BYZANTINE REVERIE”**   *(All figures are in USD.  Allergen list follows the 9‑allergen standard – Milk · Eggs · Fish · Shellfish · Tree Nuts · Peanuts · Wheat · Soy · Sesame.  
2026-09-26T12:42:30.735636+00:00,FC1_1.1_005,Disobey Task Specification,FC1,MESH,heterogeneous,2,0,FM-1.4,8,11232,4712,15944,0.00359,87.9,0.0,0.0,0.0,0.0,0.305,-0.578,0.253,0.0,0.0,0.0,Failure Mode: 1.4,"We need to produce comprehensive menu with all required fields.  Constraints to check:  - Courses: 7 items, each must be fish, poultry, meat, vegetable, pasta, cheese, final savory (maybe palate clean"
2026-09-26T12:44:20.565797+00:00,FC1_1.1_005,Disobey Task Specification,FC1,MESH,heterogeneous,3,0,FM-1.4,8,12040,4806,16846,0.00382,109.83,0.0,0.0,0.0,0.0,0.507,-0.1,0.316,0.0,0.0,0.0,Failure Mode: 1.4,"We need to produce final answer: the complete menu with all details. The user asked for the deliverable: ""Complete menu with 15 appetizers + 7 courses + 6 desserts + 5 wine pairings = 33 items, each w"
2026-09-26T12:46:37.638568+00:00,FC1_1.1_005,Disobey Task Specification,FC1,MESH,heterogeneous,4,0,FM-1.4,8,12064,4752,16816,0.0038,137.07,0.0,0.0,0.0,0.0,0.278,-0.032,0.223,0.0,0.0,0.0,Failure Mode: 1.4,"We need to produce the final menu as per constraints, not a request. The system says we are Executive Chef (Coordinator) and must synthesize team's deliberation into final unified response. So we must"
2026-09-26T12:48:28.644020+00:00,FC1_1.1_005,Disobey Task Specification,FC1,MESH,heterogeneous,5,0,FM-1.4,8,11268,4735,16003,0.00335,111.0,0.0,0.0,0.0,0.15,0.05,-0.049,0.319,0.0,0.0,0.0,"Failure Mode: 1.4  The primary failure mode is 1.4 (Lost track of requirements mid-planning), as the system appears to have failed to maintain and address all specified constraints (e.g., pricing ranges, item counts, and other detailed requirements) throughout the planning process, leading to an inc",**To: Sommelier — Wine Programme Coordination**   **From: Executive Chef — Menu Development Lead**   **Subject: Wine Pairings for Our Upcoming Michelin‑Star Menu (Byzantine Specification)**    Dear So
2026-09-26T12:49:56.170031+00:00,FC1_1.1_005,Disobey Task Specification,FC1,EMERGENT,heterogeneous,1,0,FM-1.4,8,22665,4892,27557,0.00501,87.52,0.0,0.0,0.0,0.0,0.236,-0.731,0.253,0.0,0.0,0.0,"Failure Mode: 1.4  The primary failure mode is 1.4 (Lost track of requirements mid-planning), as the agent began detailing appetizer pricing and techniques but failed to address the full scope of constraints (e.g., allergen matrix, calorie distribution, sourcing tags, plating descriptions, and cours","We need to produce final menu with all 33 items, meeting constraints.  Let's design appetizers:  We need 15 distinct techniques. Let's list techniques: Cured & Fermented, Cold-Pressed Emulsion, Smoked"
2026-09-26T12:51:27.950364+00:00,FC1_1.1_005,Disobey Task Specification,FC1,EMERGENT,heterogeneous,2,0,FM-1.4,8,23042,4903,27945,0.00505,91.78,0.0,0.0,0.0,0.0,0.316,-0.654,0.317,0.0,0.0,0.0,"Failure Mode: 1.4  The primary failure mode is 1.4 (Lost track of requirements mid-planning), as the expert demonstrates awareness of multiple constraints (pricing, allergen matrix, technique diversity, wine pairings, etc.) but fails to synthesize them cohesively or produce the final menu table, ind",We need to synthesize final menu. Provide table with all items. Must include wine pairings column for items that have wine pairing (the 5 specific dishes). For other items leave blank.  We need to ens
2026-09-26T12:53:10.802947+00:00,FC1_1.1_005,Disobey Task Specification,FC1,EMERGENT,heterogeneous,3,0,FM-1.1,8,24707,4924,29631,0.00514,102.85,0.0,0.0,0.0,0.056,0.224,-0.069,0.282,0.0,0.0,0.0,"Failure Mode: 1.1  The primary failure is a constraint violation (1.1), specifically: - The menu is incomplete and abruptly cut off after the first appetizer, failing to list all required items (15 appetizers, 7 courses, 6 desserts, 5 wines) as per constraints 1-5. - Pricing ranges and other constra","**MICHELIN‑STAR “BYZANTIUM” MENU**   *All 15 APPETIZERS, 7 COURSES, 6 DESSERTS and 5 WINE BOTTLES are presented in a single table to satisfy every one of the 15 inter‑dependent constraints.*    | # | "
2026-09-26T12:55:24.845403+00:00,FC1_1.1_005,Disobey Task Specification,FC1,EMERGENT,heterogeneous,4,0,FM-1.1,8,25244,4840,30084,0.00526,134.04,0.0,0.0,0.0,0.119,0.237,0.067,0.394,0.0,0.0,0.0,"Failure Mode: 1.1  The primary failure is a constraint violation (1.1), specifically in the dessert pricing, where an item priced at $13 exceeds the allowed maximum of $12, violating the explicit pricing range constraint for desserts.","We need to produce final menu, ensuring constraints. Let's design appetizers carefully to hit avg $13-15. Let's target avg $14. Compute needed total price = 15 * 14 = $210.  We need 5 in $8-12, 5 in $"
2026-09-26T12:57:18.054024+00:00,FC1_1.1_005,Disobey Task Specification,FC1,EMERGENT,heterogeneous,5,0,FM-1.1,8,25132,4828,29960,0.00527,113.2,0.0,0.0,0.0,0.0,0.624,-0.059,0.395,0.0,0.0,0.0,"Failure Mode: 1.1  The primary failure mode is 1.1 (Constraint Violation), as the system failed to adhere to the specified pricing constraints (average price per dish must be between $13–15) in the initial plan, requiring a correction. Additionally, incomplete or unverified handling of other constra",We need to produce the final menu with 33 items fully satisfying constraints. This is a large table; we must be concise but include all fields.  Let's design:  Appetizers (15) - define list with names
2026-09-26T12:58:18.879484+00:00,FC1_1.3_001,Step Repetition,FC1,STAR,heterogeneous,1,1,None,8,11990,3110,15100,0.00213,60.82,0.0,0.0,0.0,0.304,0.683,0.345,0.165,0.0,0.0,0.0,Success,"**FINAL_RESULT**  **Step 1 – Pseudocode (FizzBuzz)**   ```text FOR number FROM 1 TO N DO     IF number MOD 15 == 0 THEN         OUTPUT ""FizzBuzz""     ELSE IF number MOD 3 == 0 THEN         OUTPUT ""Fiz"
2026-09-26T12:59:37.330784+00:00,FC1_1.3_001,Step Repetition,FC1,STAR,heterogeneous,2,0,FM-1.3,8,10042,3138,13180,0.00215,78.45,0.0,0.0,0.0,0.258,0.861,0.729,0.143,0.0,0.0,0.0,Failure Mode: 1.3,"**Step 3 – Edge Cases (what could break the FizzBuzz algorithm?)**  | Edge case | Why it can break / what goes wrong | |-----------|------------------------------------| | **Non‑integer input** (e.g.,"
2026-09-26T13:01:41.682562+00:00,FC1_1.3_001,Step Repetition,FC1,STAR,heterogeneous,3,1,None,8,10558,3869,14427,0.00258,124.35,0.0,0.0,0.0,0.74,0.74,0.755,0.182,0.0,0.0,0.0,Success,"**Step 1 – Pseudocode**   ``` FOR i FROM 1 TO N DO     IF i MOD 3 == 0 AND i MOD 5 == 0 THEN         OUTPUT ""FizzBuzz""     ELSE IF i MOD 3 == 0 THEN         OUTPUT ""Fizz""     ELSE IF i MOD 5 == 0 THEN"
2026-09-26T13:04:06.259267+00:00,FC1_1.3_001,Step Repetition,FC1,STAR,heterogeneous,4,0,FM-1.3,8,9739,3900,13639,0.00252,144.57,0.0,0.0,0.0,0.833,0.312,0.222,0.196,0.0,0.0,0.0,"Failure Mode: 1.3  The failure is classified under 1.3 (Steps repeated) because the analysis indicates that Step 4 (One Optimization) was repeated or extended unnecessarily after the initial pseudocode was already provided and discussed. The optimized pseudocode was started but left incomplete, sugg","**Step 1 – Pseudocode for FizzBuzz**  ``` FOR i FROM 1 TO N DO     IF i MOD 3 == 0 AND i MOD 5 == 0 THEN         PRINT ""FizzBuzz""     ELSE IF i MOD 3 == 0 THEN         PRINT ""Fizz""     ELSE IF i MOD 5"
2026-09-26T13:05:58.343223+00:00,FC1_1.3_001,Step Repetition,FC1,STAR,heterogeneous,5,1,None,8,8442,3399,11841,0.00169,112.08,0.0,0.0,0.0,1.033,1.033,-1.0,0.157,0.0,0.0,0.0,Success,**FINAL_RESULT**  **Step 1 – FizzBuzz Algorithm (pseudocode)** ```pseudo function FizzBuzz(n):     for i from 1 to n inclusive:         if i mod 15 == 0:          // divisible by both 3 and 5         
2026-09-26T13:08:27.218256+00:00,FC1_1.3_001,Step Repetition,FC1,CHAIN,heterogeneous,1,0,FM-1.3,8,8790,3375,12165,0.00281,148.87,0.0,0.0,0.0,0.518,0.311,-0.855,0.151,0.0,0.0,0.0,Failure Mode: 1.3,**Step 2 – Trace through FizzBuzz for the input range 1‑15**  | i | i % 3 | i % 5 | Output   | |---|------|------|----------| | 1 | 1    | 1    | 1        | | 2 | 2    | 2    | 2        | | 3 | 0    |
2026-09-26T13:10:17.703789+00:00,FC1_1.3_001,Step Repetition,FC1,CHAIN,heterogeneous,2,0,FM-1.3,8,6154,2590,8744,0.00258,110.48,0.0,0.0,0.0,0.295,0.442,0.29,0.186,0.0,0.0,0.0,Failure Mode: 1.3,"**Step 1 – Pseudocode (classic FizzBuzz)**   ``` FOR i ← 1 TO N     IF i MOD 15 = 0 THEN         PRINT ""FizzBuzz""     ELSE IF i MOD 3 = 0 THEN         PRINT ""Fizz""     ELSE IF i MOD 5 = 0 THEN        "
2026-09-26T13:12:51.686710+00:00,FC1_1.3_001,Step Repetition,FC1,CHAIN,heterogeneous,3,1,None,8,8465,3827,12292,0.00357,153.98,0.0,0.0,0.0,0.908,0.272,0.183,0.193,0.0,0.0,0.0,Success,"**Step 1 – Pseudocode**  ``` function fizzBuzz(N):     for i from 1 to N:         if i % 3 == 0 and i % 5 == 0:             print ""FizzBuzz""         else if i % 3 == 0:             print ""Fizz""       "
2026-09-26T13:14:10.526854+00:00,FC1_1.3_001,Step Repetition,FC1,CHAIN,heterogeneous,4,0,FM-1.3,8,7940,2585,10525,0.00265,78.84,0.0,0.0,0.0,0.368,0.921,0.552,0.23,0.0,0.0,0.0,Failure Mode: 1.3,"**Step 1 – FizzBuzz Pseudocode**  ``` function fizzBuzz(n):     for i from 1 to n inclusive:         if i mod 15 == 0:             output ""FizzBuzz""         else if i mod 3 == 0:             output ""F"
2026-09-26T13:15:16.849267+00:00,FC1_1.3_001,Step Repetition,FC1,CHAIN,heterogeneous,5,1,None,8,6697,3052,9749,0.00226,66.32,0.0,0.0,0.0,1.057,0.423,-0.353,0.158,0.0,0.0,0.0,Success,"**Step 1 – Pseudocode**   ```text FOR i FROM 1 TO N     IF i MOD 3 == 0 AND i MOD 5 == 0         PRINT ""FizzBuzz""     ELSE IF i MOD 3 == 0         PRINT ""Fizz""     ELSE IF i MOD 5 == 0         PRINT """
2026-09-26T13:19:09.429351+00:00,FC1_1.3_001,Step Repetition,FC1,TREE,heterogeneous,1,1,None,8,9798,3281,13079,0.00221,232.58,0.0,0.0,0.0,0.672,1.038,-0.2,0.221,0.0,0.0,0.0,Success,"**Step 1 – Analyze the FizzBuzz algorithm (pseudocode)**   ```pseudocode FOR i FROM 1 TO N DO     IF i MOD 3 == 0 AND i MOD 5 == 0 THEN         PRINT ""FizzBuzz""     ELSE IF i MOD 3 == 0 THEN         P"
2026-09-26T13:20:48.282996+00:00,FC1_1.3_001,Step Repetition,FC1,TREE,heterogeneous,2,1,None,8,6780,3224,10004,0.00181,98.85,0.0,0.0,0.0,1.034,0.129,-0.426,0.143,0.0,0.0,0.0,Success,"**Step 1 – FizzBuzz Pseudocode**  ```pseudocode function fizzBuzz(n):     for i from 1 to n inclusive:         if i mod 15 == 0:             output ""FizzBuzz""         else if i mod 3 == 0:            "
2026-09-26T13:22:30.605216+00:00,FC1_1.3_001,Step Repetition,FC1,TREE,heterogeneous,3,0,FM-1.3,8,8094,3247,11341,0.00191,102.32,0.0,0.0,0.0,1.035,0.69,-0.012,0.147,0.0,0.0,0.0,"Failure Mode: 1.3  The root cause is step repetition, as the analysis indicates that Step 3 (Edge Cases) was revisited or redundantly analyzed, which aligns with failure mode 1.3 in the MAST Taxonomy.","**Step 3 – Edge Cases (what could break the FizzBuzz algorithm?)**  - **Non‑integer or non‑numeric input for N** – the loop expects an integer; passing a string, float, `null`, etc., will raise a type"
2026-09-26T13:24:50.201224+00:00,FC1_1.3_001,Step Repetition,FC1,TREE,heterogeneous,4,1,None,8,9560,3673,13233,0.00217,139.59,0.0,0.0,0.0,1.437,0.605,-1.0,0.174,0.0,0.0,0.0,Success,"FINAL_RESULT **Step 1 – Pseudocode**  ``` procedure FizzBuzz(N):     for i ← 1 to N do         if i mod 15 = 0 then             output ""FizzBuzz""         else if i mod 3 = 0 then             output ""F"
2026-09-26T13:25:58.018482+00:00,FC1_1.3_001,Step Repetition,FC1,TREE,heterogeneous,5,1,None,8,5154,2809,7963,0.00178,67.82,0.0,0.0,0.0,1.615,0.734,-1.0,0.232,0.0,0.0,0.0,Success,"**Step 1 – Pseudocode for FizzBuzz**  ``` FOR num FROM 1 TO 100 DO     IF num MOD 15 == 0 THEN         OUTPUT ""FizzBuzz""     ELSE IF num MOD 3 == 0 THEN         OUTPUT ""Fizz""     ELSE IF num MOD 5 == "
2026-09-26T13:27:45.429241+00:00,FC1_1.3_001,Step Repetition,FC1,MESH,heterogeneous,1,0,FM-1.3,8,8374,2981,11355,0.00329,107.41,0.0,0.0,0.0,0.348,1.113,0.094,0.2,0.0,0.0,0.0,Failure Mode: 1.3,"**Step 1 – Pseudocode (FizzBuzz)**   ``` function fizzBuzz(N):     for i from 1 to N inclusive:         output = """"         if i mod 3 == 0:             output = output + ""Fizz""         if i mod 5 == "
2026-09-26T13:29:09.940902+00:00,FC1_1.3_001,Step Repetition,FC1,MESH,heterogeneous,2,1,None,8,6994,2528,9522,0.00189,84.5,0.0,0.0,0.0,0.11,1.095,0.584,0.192,0.0,0.0,0.0,Success,"**Step 1 – FizzBuzz Algorithm (pseudocode)**    ``` function fizzBuzz(n):     for i from 1 to n:         output = """"         if i mod 3 == 0:             output = output + ""Fizz""         if i mod 5 =="
2026-09-26T13:31:43.584189+00:00,FC1_1.3_001,Step Repetition,FC1,MESH,heterogeneous,3,1,None,8,7939,2863,10802,0.0024,153.64,0.0,0.0,0.0,0.675,0.844,0.574,0.251,0.0,0.0,0.0,Success,"**FINAL_RESULT**  ```json {   ""pseudocode"": ""for i from 1 to N:\n    output = \""\""\n    if i mod 3 == 0: output += \""Fizz\""\n    if i mod 5 == 0: output += \""Buzz\""\n    if output == \""\"": output = st"
2026-09-26T13:33:57.328634+00:00,FC1_1.3_001,Step Repetition,FC1,MESH,heterogeneous,4,1,None,8,6546,2906,9452,0.0021,133.74,0.0,0.0,0.0,0.815,0.349,0.137,0.221,0.0,0.0,0.0,Success,"**Step 1 – FizzBuzz Pseudocode**  ``` FOR i FROM 1 TO N DO     IF i MOD 15 == 0 THEN         PRINT ""FizzBuzz""     ELSE IF i MOD 3 == 0 THEN         PRINT ""Fizz""     ELSE IF i MOD 5 == 0 THEN         P"
2026-09-26T13:36:50.296177+00:00,FC1_1.3_001,Step Repetition,FC1,MESH,heterogeneous,5,0,FM-1.3,8,8184,3092,11276,0.00264,172.96,0.0,0.0,0.0,0.773,1.031,-0.493,0.19,0.0,0.0,0.0,Failure Mode: 1.3,**Step 2 – Trace the algorithm for inputs 1 through 15**  ``` 1 2 Fizz 4 Buzz Fizz 7 8 Fizz Buzz 11 Fizz 13 14 FizzBuzz ```  **Step 3 – Edge cases (what can break the algorithm?)**  - **Non‑positive i
2026-09-26T13:38:30.941964+00:00,FC1_1.3_001,Step Repetition,FC1,EMERGENT,heterogeneous,1,1,None,8,15401,2822,18223,0.0042,100.64,0.0,0.0,0.0,0.342,0.958,0.525,0.222,0.0,0.0,0.0,Success,"**FINAL_RESULT**  **Step 1 – Pseudocode**  ``` FOR i FROM 1 TO N DO     IF i MOD 15 == 0 THEN         PRINT ""FizzBuzz""     ELSE IF i MOD 3 == 0 THEN         PRINT ""Fizz""     ELSE IF i MOD 5 == 0 THEN "
2026-09-26T13:41:46.407369+00:00,FC1_1.3_001,Step Repetition,FC1,EMERGENT,heterogeneous,2,1,None,8,14749,3765,18514,0.00448,195.45,0.0,0.0,0.0,1.273,0.398,-0.201,0.262,0.0,0.0,0.0,Success,"**Step 1 – Pseudocode**  ``` function fizzBuzz(n):     for i from 1 to n:         output = """"         if i mod 3 == 0:             output = output + ""Fizz""         if i mod 5 == 0:             output "
2026-09-26T13:44:11.293649+00:00,FC1_1.3_001,Step Repetition,FC1,EMERGENT,heterogeneous,3,0,FM-1.3,8,10461,2359,12820,0.00265,144.88,0.0,0.0,0.0,0.539,0.359,0.939,0.35,0.0,0.0,0.0,Failure Mode: 1.3,"**Step 1 – Pseudocode**  ``` FOR i FROM 1 TO N DO     IF i MOD 3 == 0 AND i MOD 5 == 0 THEN         PRINT ""FizzBuzz""     ELSE IF i MOD 3 == 0 THEN         PRINT ""Fizz""     ELSE IF i MOD 5 == 0 THEN   "
2026-09-26T13:46:00.999837+00:00,FC1_1.3_001,Step Repetition,FC1,EMERGENT,heterogeneous,4,1,None,8,10193,2143,12336,0.0031,109.7,0.0,0.0,0.0,0.326,0.762,-0.011,0.182,0.0,0.0,0.0,Success,FINAL_RESULT
2026-09-26T13:50:43.794582+00:00,FC1_1.3_001,Step Repetition,FC1,EMERGENT,heterogeneous,5,1,None,8,12163,2979,15142,0.00314,282.78,0.0,0.0,0.0,1.364,0.568,0.429,0.295,0.0,0.0,0.0,Success,"**FINAL_RESULT**  1. **Pseudocode**      ```    FOR i FROM 1 TO N DO        output = """"        IF i % 3 == 0 THEN output += ""Fizz""        IF i % 5 == 0 THEN output += ""Buzz""        IF output == """" THE"
2026-09-26T13:51:53.896006+00:00,FC1_1.3_002,Step Repetition,FC1,STAR,heterogeneous,1,1,None,8,6477,2268,8745,0.00124,70.09,0.0,0.0,0.0,0.271,1.266,-1.0,0.12,0.0,0.0,0.0,Success,Acknowledged. The five‑round process is complete and the proposal meets all specified requirements. No further action is needed.
2026-09-26T13:53:11.001862+00:00,FC1_1.3_002,Step Repetition,FC1,STAR,heterogeneous,2,0,FM-1.3,8,6526,2306,8832,0.00141,77.1,0.0,0.0,0.0,0.0,0.198,0.491,0.135,0.0,0.0,0.0,Failure Mode: 1.3,"We need to synthesize the team's deliberation into a final, unified response. The user gave a task: refine a business proposal through exactly 5 numbered rounds, each round once, then STOP. The team d"
2026-09-27T05:30:40.817731+00:00,FC1_1.3_002,Step Repetition,FC1,STAR,heterogeneous,3,0,FM-1.5,8,5335,2462,7797,0.00109,130.57,0.4,1.0,1.0,0.0,0.658,-0.846,0.143,0.0,0.312,0.766,"Failure Mode: 1.5  The system failed to terminate after Round 5 as required, continuing to process and output a final decision despite the explicit instruction to halt at that stage. This indicates a lack of termination awareness.","FINAL_DECISION: The refined Smart Office Kit proposal fully satisfies the original objectives, addresses the identified weaknesses, and is ready for implementation.   HALT_PROCESS"
2026-09-27T05:32:50.210448+00:00,FC1_1.3_002,Step Repetition,FC1,STAR,heterogeneous,4,0,FM-1.5,8,5435,2291,7726,0.00113,129.39,0.4,1.0,1.0,0.0,0.0,0.362,0.125,0.0,0.66,0.665,"Failure Mode: 1.5  The system failed to terminate after Round 5 as required, continuing to process and output a final decision instead of halting. This indicates a termination awareness failure where the agent did not recognize the completion of the designated rounds.","**Final Proposal (Rounds 1‑5 Completed)**    We propose launching a subscription‑based sustainable packaging service for mid‑size e‑commerce retailers that delivers recyclable, brand‑customizable mail"
2026-09-27T05:35:01.723188+00:00,FC1_1.3_002,Step Repetition,FC1,STAR,heterogeneous,5,0,FM-1.3,8,5127,2754,7881,0.00121,131.51,0.4,1.0,1.0,0.278,0.278,0.705,0.101,0.0,0.506,0.809,"Failure Mode: 1.3  The system repeated Round 1 (initial proposal) without progressing, indicating step repetition failure.","**Round 1:**   We propose launching a subscription‑based digital marketplace that connects local artisans with global consumers, using AI‑driven personalization to tailor product recommendations and e"
2026-09-27T05:37:30.772404+00:00,FC1_1.3_002,Step Repetition,FC1,CHAIN,heterogeneous,1,0,FM-1.5,8,4502,2202,6704,0.00159,149.05,0.25,0.5,0.0,0.0,0.0,0.142,0.179,0.0,0.203,0.928,"Failure Mode: 1.5  The system continued processing after Round 5, which was designated as FINAL_DECISION, without properly terminating. This indicates a failure in termination awareness, as the system should have halted after the final decision round but instead attempted to proceed further.","**Round 3 – Strengthened Proposal**   We will launch a premium, eco‑friendly packaging line that replaces single‑use plastics with biodegradable, plant‑based materials, targeting mid‑size consumer‑goo"
2026-09-27T05:39:18.995737+00:00,FC1_1.3_002,Step Repetition,FC1,CHAIN,heterogeneous,2,0,FM-1.3,8,4744,1772,6516,0.00139,108.22,0.25,0.5,0.0,0.413,0.689,-1.0,0.18,0.0,0.545,0.78,"Failure Mode: 1.3  The failure is due to step repetition: Round 2 (Critique) was requested again after it had already been performed, indicating redundant processing of the same step without progression.",**To Critic (Round 2 – Critique):**  Please review the following initial proposal (Round 1) and identify **two** specific weaknesses that could hinder its effectiveness or persuasiveness.  *Round 1 Pr
2026-09-27T05:41:20.058460+00:00,FC1_1.3_002,Step Repetition,FC1,CHAIN,heterogeneous,3,0,FM-1.3,8,4893,1924,6817,0.00149,121.06,0.25,0.5,0.0,0.13,0.519,-1.0,0.133,0.0,0.568,0.757,"Failure Mode: 1.3  The failure is identified as step repetition (1.3), as Round 2 is being repeated without progressing to subsequent rounds, indicating a loop in the process rather than proper advancement.","**Round 2 – Request for Critique**  Critic, please review the initial proposal below and identify **two** specific weaknesses (e.g., gaps in detail, feasibility concerns, market positioning, etc.):  >"
2026-09-27T05:43:04.764009+00:00,FC1_1.3_002,Step Repetition,FC1,CHAIN,heterogeneous,4,0,FM-1.4,8,4573,2155,6728,0.00157,104.7,0.25,0.5,0.0,0.0,0.621,0.191,0.201,0.0,0.269,0.928,"Failure Mode: 1.4  The system lost track of rounds, as Round 5 is labeled ""FINAL_DECISION"" but is followed by ""HALT_PROCESS"" instead of properly concluding the process. This indicates a failure in maintaining the correct sequence and termination awareness, aligning with failure mode 1.4 (Lost track ",**Round 3 – Strengthened Proposal**   We will differentiate the platform by integrating a proprietary AI engine that not only personalizes content but also maps each user’s skill gaps to industry‑vali
2026-09-27T05:45:00.964111+00:00,FC1_1.3_002,Step Repetition,FC1,CHAIN,heterogeneous,5,0,FM-1.5,8,4440,2057,6497,0.00148,116.2,0.25,0.5,0.0,0.0,0.23,0.294,0.194,0.0,0.264,0.947,Failure Mode: 1.5,"**Round 3:**   To address the lack of measurable ROI, the platform will embed a built‑in KPI dashboard that tracks waste reduction percentages, carbon‑emission cuts, and cost savings on a monthly basi"
2026-09-27T05:46:41.075833+00:00,FC1_1.3_002,Step Repetition,FC1,TREE,heterogeneous,1,0,FM-1.5,8,4115,1463,5578,0.00126,100.11,0.4,0.6667,1.0,0.0,0.0,0.245,0.194,0.0,0.317,0.884,"Failure Mode: 1.5  The system continued processing after Round 5, as indicated by the presence of HALT_PROCESS, which should have terminated the process. This demonstrates a failure in termination awareness.","**FINAL_DECISION:** This refined proposal establishes a unique, trustworthy subscription marketplace that highlights artisan stories, ensures sustainability, and delivers exclusive eco‑friendly produc"
2026-09-27T05:48:15.479426+00:00,FC1_1.3_002,Step Repetition,FC1,TREE,heterogeneous,2,0,FM-1.5,8,4084,1757,5841,0.00131,94.4,0.4,0.6667,1.0,0.368,0.982,-1.0,0.171,0.0,0.182,0.872,"Failure Mode: 1.5  The failure is due to termination awareness, as the system continued processing beyond Round 5 without properly halting, despite the explicit HALT_PROCESS command. This indicates a failure to recognize when the final decision round has concluded and to cease further activity.","FINAL_DECISION: Launch a tiered subscription platform that uses AI‑driven personalization of sustainable‑lifestyle content, supplemented by brand partnerships and a marketplace, to generate diversifie"
2026-09-27T05:49:42.708132+00:00,FC1_1.3_002,Step Repetition,FC1,TREE,heterogeneous,3,0,FM-1.5,8,4062,1362,5424,0.0012,87.23,0.4,0.6667,1.0,0.0,0.465,0.453,0.116,0.0,0.36,0.84,"Failure Mode: 1.5  The system failed to terminate after Round 5 as required by the protocol, indicating a termination awareness failure. The HALT_PROCESS command was issued, but the process continued to produce a final decision instead of stopping.","FINAL_DECISION: Launch Wellness360, a subscription‑based, AI‑personalized wellness platform for busy professionals featuring expert‑validated content, gamified engagement, and tiered revenue streams. "
2026-09-27T05:51:39.900199+00:00,FC1_1.3_002,Step Repetition,FC1,TREE,heterogeneous,4,1,None,8,4100,2012,6112,0.00131,117.19,0.4,0.6667,1.0,0.0,0.0,0.415,0.153,0.0,0.339,0.871,Success,"**Round 1 – Draft Initial Proposal**   We propose launching a line of biodegradable, plant‑based packaging for XYZ Retail to replace its current plastic containers, reducing environmental impact while"
2026-09-27T05:53:25.928828+00:00,FC1_1.3_002,Step Repetition,FC1,TREE,heterogeneous,5,1,None,8,3933,1829,5762,0.0013,106.03,0.4,0.6667,1.0,0.0,0.0,0.416,0.102,0.0,0.344,0.874,Success,**Round 1:**   Our company proposes to implement an AI‑driven customer support chatbot that reduces response times and boosts satisfaction. By integrating advanced natural‑language processing with our
2026-09-27T05:55:29.235509+00:00,FC1_1.3_002,Step Repetition,FC1,MESH,heterogeneous,1,0,FM-1.4,8,4685,2103,6788,0.00146,123.31,0.4,0.5,0.0,0.656,0.525,-1.0,0.11,0.0,0.55,0.758,"Failure Mode: 1.4  The primary failure is 1.4 (Lost track of rounds), as the system appears to have continued beyond Round 5 without proper termination awareness, and there is no indication of HALT_PROCESS being executed. While step repetition (1.3) may be inferred from the repeated critique structu","**Round 2 – Critique**  1. **Lack of implementation roadmap and timeline:** The proposal mentions the benefits and ROI but does not outline a clear phased implementation plan, key milestones, or expec"
2026-09-27T05:57:51.778783+00:00,FC1_1.3_002,Step Repetition,FC1,MESH,heterogeneous,2,0,FM-1.4,8,4648,1858,6506,0.00139,142.54,0.4,0.5,0.0,0.0,0.139,-1.0,0.141,0.0,0.577,0.755,"Failure Mode: 1.4  The primary failure is 1.4 (Lost track of rounds), as the system appears to have proceeded beyond Round 1 without proper progression or termination awareness, leading to an incomplete or misordered sequence. There is no evidence of step repetition (1.3) since rounds are not repeat",**Round 2 – Critique of the Initial Proposal**  1. **Lack of concrete market validation and metrics:** The proposal mentions “recurring revenue” and “reducing carbon footprints” but provides no data o
2026-09-27T05:59:51.782361+00:00,FC1_1.3_002,Step Repetition,FC1,MESH,heterogeneous,3,0,FM-1.5,8,4135,1837,5972,0.00136,120.0,0.4,0.5,0.0,0.0,0.195,-0.29,0.176,0.0,0.255,0.93,Failure Mode: 1.5,**Round 3 – Strengthened Proposal**  We will differentiate the platform by integrating a proprietary AI‑driven predictive health engine that tailors coaching pathways using real‑time biometric data an
2026-09-27T06:02:17.457511+00:00,FC1_1.3_002,Step Repetition,FC1,MESH,heterogeneous,4,0,FM-1.3,8,4198,2063,6261,0.00148,145.67,0.4,0.5,0.0,0.0,0.873,-0.191,0.153,0.0,0.199,0.911,"Failure Mode: 1.3  The failure is classified as 1.3 (Step repetition), as Round 3 and Round 5 both present a refined proposal with similar content, indicating redundant processing without meaningful progression or termination awareness.",**Round 3 – Strengthened Proposal**   We will launch a subscription‑based digital health platform that delivers truly personalized wellness plans by leveraging a proprietary AI engine that integrates 
2026-09-27T06:04:02.048182+00:00,FC1_1.3_002,Step Repetition,FC1,MESH,heterogeneous,5,0,FM-1.5,8,4265,1880,6145,0.00141,104.59,0.4,0.5,0.0,0.0,0.229,0.04,0.21,0.0,0.22,0.92,"Failure Mode: 1.5  The system failed to terminate appropriately after Round 5, which included a **FINAL_DECISION** and explicit **HALT_PROCESS** command. Despite this clear termination signal, the process continued with a ""Check"" step, indicating a lack of termination awareness.","**Round 3:**   To address the identified weaknesses, we will (1) cite recent market research indicating that 68 % of professionals aged 25‑45 are willing to pay for AI‑enhanced wellness solutions, and"
2026-09-27T06:05:31.853095+00:00,FC1_1.3_002,Step Repetition,FC1,EMERGENT,heterogeneous,1,0,FM-1.4,7,5554,2013,7567,0.00159,89.8,0.3,0.4167,0.3333,0.0,0.261,-0.005,0.189,0.125,0.201,0.949,"Failure Mode: 1.4  The system lost track of rounds, as Round 4 is labeled ""Final Review"" but there is no Round 5 or explicit termination (HALT_PROCESS), suggesting incomplete execution or misalignment with the expected 5-round structure.","**Round 1 – Draft Initial Proposal**   We propose launching a subscription‑based digital platform that curates and delivers personalized, on‑demand professional‑development micro‑courses for small‑to‑"
2026-09-27T06:07:17.010930+00:00,FC1_1.3_002,Step Repetition,FC1,EMERGENT,heterogeneous,2,0,FM-1.5,7,7212,1872,9084,0.0018,105.16,0.3,0.4167,0.3333,0.237,1.065,-1.0,0.237,0.125,0.169,0.892,Failure Mode: 1.5,"**Round 4 – Final Review**  The strengthened proposal now effectively addresses the original goal: it presents a clear core idea (subscription‑based eco‑friendly home‑care products), demonstrates feas"
2026-09-27T06:09:07.851238+00:00,FC1_1.3_002,Step Repetition,FC1,EMERGENT,heterogeneous,3,0,FM-1.4,7,5610,2274,7884,0.00165,110.84,0.3,0.4167,0.3333,0.0,0.483,-0.313,0.299,0.125,0.399,0.917,"Failure Mode: 1.4  The system lost track of rounds, as Round 4 is incomplete and the process did not proceed to Round 5 or terminate correctly, indicating a failure in maintaining the round structure and progression.","**Round 1 – Draft Initial Proposal**   We propose launching a subscription‑based SaaS platform that automates small‑business inventory management using AI‑driven demand forecasting, reducing stockouts"
2026-09-27T06:11:11.155779+00:00,FC1_1.3_002,Step Repetition,FC1,EMERGENT,heterogeneous,4,0,FM-1.5,7,5679,2152,7831,0.00162,123.3,0.3,0.4167,0.3333,0.0,0.439,-0.291,0.338,0.125,0.333,0.923,"Failure Mode: 1.5  The system failed to terminate at Round 5 as required, continuing to produce a ""Final Refined Proposal"" and ""FINAL_DECISION"" output instead of halting. This indicates a termination awareness failure (1.5), where the multi-agent system did not correctly recognize or enforce the pro",**Final Refined Proposal (2 sentences)**   We propose a subscription‑based AI‑driven analytics platform for small‑and‑medium businesses that includes plug‑and‑play APIs for popular tools such as Quick
2026-09-27T06:12:50.887734+00:00,FC1_1.3_002,Step Repetition,FC1,EMERGENT,heterogeneous,5,1,None,7,5634,2080,7714,0.00155,99.73,0.3,0.4167,0.3333,0.399,0.399,-0.799,0.29,0.125,0.369,0.917,Success,"**Round 1 – Draft Initial Proposal**   We propose to launch a premium, eco‑friendly packaging line that replaces single‑use plastics with biodegradable materials, targeting mid‑size consumer goods man"
2026-09-29T05:07:00.658988+00:00,FC3_3.3_002,Incorrect Verification,FC3,STAR,heterogeneous,1,1,None,4,5663,2719,8382,0.00083,51.45,1.0,0.0,1.0,0.678,0.271,-0.554,0.276,0.0,0.461,0.996,Success,**To:** QA Manager   **From:** Test Lead (Coordination)   **Subject:** Verification of Overall Test Pass Rate – Does **not** Meet 90 % Requirement    ---  ### 1. Aggregate Test Results    | Test Type 
2026-09-29T05:08:39.227010+00:00,FC3_3.3_002,Incorrect Verification,FC3,STAR,heterogeneous,2,0,FM-3.3,4,5859,2965,8824,0.00108,98.15,1.0,0.0,1.0,0.587,1.174,-0.086,0.344,0.0,0.403,0.973,"Failure Mode: 3.3  The root cause is incorrect verification logic or calculation, specifically a misinterpretation or misapplication of the pass rate threshold. The calculation itself (88.6%) is correct, but the conclusion that the suite does not meet the 90% requirement is accurate. However, the im",**To:** QA Manager   **From:** Test Lead (Coordinator)   **Subject:** Final Verification of Overall Test Pass Rate & Release‑Gate Decision    ---  ### 1. Data Recap    | Test Type      | Passed | Fail
2026-09-27T14:16:32.018625+00:00,FC3_3.3_002,Incorrect Verification,FC3,STAR,heterogeneous,3,1,None,4,5665,2851,8516,0.00087,284.68,1.0,0.0,1.0,0.182,0.911,-0.196,0.537,0.0,0.475,0.998,Success,**To:** QA Manager   **From:** Test Lead   **Subject:** Verification of Overall Test Pass‑Rate & Recommended Actions    ---  ### 1. Test Summary (as provided)  | Test Type      | Passed | Failed | Ind
2026-09-27T14:21:42.857544+00:00,FC3_3.3_002,Incorrect Verification,FC3,STAR,heterogeneous,4,1,None,4,5192,2470,7662,0.00076,310.48,1.0,0.0,1.0,0.0,0.61,-0.254,0.328,0.0,0.508,1.0,Success,**To:** QA Manager   **From:** Test Lead (Coordinator)   **Subject:** Final Verification of Overall Test Pass Rate & Agreed Action Plan    ---  ### 1. Verification Result    | Test Type      | Passed 
2026-09-27T14:24:52.822277+00:00,FC3_3.3_002,Incorrect Verification,FC3,STAR,heterogeneous,5,0,FM-3.3,4,6105,2996,9101,0.00109,189.96,1.0,0.0,1.0,0.0,0.65,-0.085,0.301,0.0,0.537,0.996,"Failure Mode: 3.3  The root cause failure mode is 3.3 (Verification Error), specifically involving incorrect interpretation or application of verification criteria. The email indicates that the overall pass rate calculation (88.6%) is mathematically correct but fails to meet the required threshold (",**To:** QA Manager   **From:** Test Lead (Coordinator)   **Subject:** Final Verification of Test Pass Rates – Overall < 90 % (Release Gate Not Met)    ---  ### 1. Verification Summary    | Test Type  
2026-09-27T14:28:32.235243+00:00,FC3_3.3_002,Incorrect Verification,FC3,CHAIN,heterogeneous,1,0,FM-3.3,4,5912,2748,8660,0.00101,219.4,1.0,0.0,1.0,0.446,0.297,-0.064,0.19,0.0,0.38,0.958,"Failure Mode: 3.3  The root cause is incorrect verification logic or interpretation of the test results. The overall pass rate calculation is mathematically correct (155/175 ≈ 88.6%), and the requirement is ≥90%, so the conclusion that the suite does not meet the release gate is accurate. However, t",**Overall Test‑Pass Verification**  | Test type | Pass | Fail | Pass % | |-----------|------|------|--------| | Unit      | 95   | 5    | 95 % | | Integration| 40   | 10   | 80 % | | E2E       | 20   
2026-09-29T05:09:38.220806+00:00,FC3_3.3_002,Incorrect Verification,FC3,CHAIN,heterogeneous,2,1,None,4,5143,2615,7758,0.00082,58.98,1.0,0.0,1.0,0.0,0.503,-0.799,0.329,0.0,0.452,0.993,Success,**To: QA Manager**   **From: Test Lead**   **Subject: Release‑Readiness – Test Pass‑Rate Verification & Next Steps**    ---  ### 1. Verification of Overall Pass Rate    | Test Type      | Passed | Fai
2026-09-27T14:37:29.879851+00:00,FC3_3.3_002,Incorrect Verification,FC3,CHAIN,heterogeneous,3,1,None,4,5808,2741,8549,0.00085,206.31,1.0,0.0,1.0,0.125,0.376,0.017,0.318,0.0,0.393,0.967,Success,**To:** QA Manager   **From:** Test Lead   **Subject:** Final Verification of Overall Test Pass Rate & Recommended Remediation Plan    ---  ### 1. Verification of Pass‑Rate Calculation    | Test Type 
2026-09-27T14:44:28.762798+00:00,FC3_3.3_002,Incorrect Verification,FC3,CHAIN,heterogeneous,4,1,None,4,5349,2741,8090,0.00082,418.49,1.0,0.0,1.0,0.173,0.345,0.15,0.3,0.0,0.415,0.979,Success,**Overall Test Summary & Release Gate**  | Test Type      | Pass | Fail | Pass % | |----------------|------|------|--------| | Unit           | 95   | 5    | 95 % | | Integration    | 40   | 10   | 80
2026-09-27T14:47:56.529674+00:00,FC3_3.3_002,Incorrect Verification,FC3,CHAIN,heterogeneous,5,1,None,4,5588,2747,8335,0.00084,207.76,1.0,0.0,1.0,0.0,0.742,-0.623,0.326,0.0,0.546,0.994,Success,**To:** QA Manager   **From:** Test Lead (Test Coordination Office)   **Subject:** Final Verification of Overall Test Pass‑Rate & Confirmation of Remediation Plan    ---  ### 1. Verification of Overal
2026-09-29T05:11:01.052126+00:00,FC3_3.3_002,Incorrect Verification,FC3,TREE,heterogeneous,1,0,FM-3.3,4,6822,2924,9746,0.00112,82.83,1.0,0.0,1.0,0.793,0.528,0.189,0.224,0.0,0.515,0.999,"Failure Mode: 3.3  The root cause is an incorrect calculation or misinterpretation of the test pass-rate metric. The Test Lead correctly computed the overall pass-rate (88.6%) and identified that using an unweighted average of individual pass-rates (85%) was erroneous. However, the system or process",**To:** QA Manager (Agent 2)   **From:** Test Lead (Agent 1)   **Subject:** Final Verification of Overall Test Pass‑Rate & Complete Failure Inventory    ---  ## 1. Overall Pass‑Rate Verification    | 
2026-09-27T14:55:40.213272+00:00,FC3_3.3_002,Incorrect Verification,FC3,TREE,heterogeneous,2,0,FM-3.3,4,5902,2492,8394,0.00091,181.85,1.0,0.0,1.0,0.311,0.311,0.194,0.238,0.0,0.512,1.0,Failure Mode: 3.3,**Verification of Overall Test Pass Rate**  | Test Type   | Passed | Failed | Total | |-------------|--------|--------|-------| | Unit        | 95     | 5      | 100 | | Integration | 40     | 10     
2026-09-29T05:11:52.639685+00:00,FC3_3.3_002,Incorrect Verification,FC3,TREE,heterogeneous,3,1,None,4,5802,2742,8544,0.00084,51.19,1.0,0.0,1.0,0.603,0.302,-0.028,0.295,0.0,0.522,0.999,Success,**To:** QA Manager   **From:** Test Lead   **Subject:** Verification of Overall Test Pass Rate & Immediate Action Plan    ---  ### 1. Verification of Overall Pass Rate    | Test Type      | Passed | F
2026-09-27T15:04:23.444363+00:00,FC3_3.3_002,Incorrect Verification,FC3,TREE,heterogeneous,4,0,FM-3.3,4,5515,2735,8250,0.00097,201.86,1.0,0.0,1.0,0.0,0.295,-0.212,0.194,0.0,0.359,0.942,"Failure Mode: 3.3  The root cause is an incorrect pass rate calculation, specifically using the wrong formula (dividing passed by total passed instead of total tests), which led to an erroneous conclusion about meeting the release criteria. This aligns with MAST Taxonomy failure mode 3.3 (Incorrect ",**Overall Test‑Pass Verification**  | Suite        | Passed | Failed | Total | |--------------|--------|--------|-------| | Unit         | 95     | 5      | 100   | | Integration  | 40     | 10     | 
2026-09-27T15:09:16.658768+00:00,FC3_3.3_002,Incorrect Verification,FC3,TREE,heterogeneous,5,0,FM-3.3,4,6361,2889,9250,0.00109,292.81,1.0,0.0,1.0,1.7,0.618,0.362,0.343,0.0,0.383,0.96,Failure Mode: 3.3,**To:** QA Manager   **From:** Test Lead (Coordinator)   **Subject:** Consolidated Verification of Test Pass‑Rate & Action Plan    ---  ## 1. Verification of Overall Pass Rate    | Test Type | Passed 
2026-09-27T15:11:49.051871+00:00,FC3_3.3_002,Incorrect Verification,FC3,MESH,heterogeneous,1,0,FM-3.3,4,5495,2769,8264,0.00097,151.99,1.0,0.0,1.0,0.0,0.599,0.56,0.587,0.0,0.464,0.996,Failure Mode: 3.3,**To:** QA Manager   **From:** Test Lead (Coordinator)   **Subject:** Consolidated Verification of Overall Test Pass Rate    ---  ### 1. Consolidated Test Results    | Test Type | Passed | Failed | Pa
2026-09-27T15:14:55.514538+00:00,FC3_3.3_002,Incorrect Verification,FC3,MESH,heterogeneous,2,0,FM-3.3,4,5631,2755,8386,0.00101,186.45,1.0,0.0,1.0,0.0,0.448,0.035,0.43,0.0,0.372,0.952,Failure Mode: 3.3,**To:** QA Manager   **From:** Test Lead (Coordinator)   **Subject:** Final Verification of Overall Test Pass‑Rate – Release‑Gate Not Met    ---  ### 1. Test‑Level Summary    | Test Level   | Passed |
2026-09-27T15:18:31.958489+00:00,FC3_3.3_002,Incorrect Verification,FC3,MESH,heterogeneous,3,1,None,4,5280,2806,8086,0.00088,216.43,1.0,0.0,1.0,0.0,0.765,0.004,0.38,0.0,0.384,0.961,Success,**To:** QA Manager   **From:** Test Lead (Coordinator)   **Subject:** Verification of Overall Test Pass Rate – Findings & Action Plan    ---  ### 1. Test Results Summary    | Test Type      | Passed |
2026-09-27T15:23:16.806983+00:00,FC3_3.3_002,Incorrect Verification,FC3,MESH,heterogeneous,4,0,FM-3.3,4,5887,2909,8796,0.00107,284.84,1.0,0.0,1.0,0.0,0.62,-0.529,0.316,0.0,0.53,0.997,"Failure Mode: 3.3  The error is in the calculation methodology. The overall pass-rate was computed correctly (155 passed / 175 total = 88.6%), and the conclusion that it does not meet the 90% threshold is accurate. However, the issue lies in the aggregation method itself: summing passed and failed c",**To:** QA Manager   **From:** Test Lead   **Subject:** Final Verification of Overall Test Pass‑Rate – Release Gate Outcome    ---  ### 1. Aggregate Pass‑Rate Calculation    | Suite        | Passed | 
2026-09-27T15:27:46.441247+00:00,FC3_3.3_002,Incorrect Verification,FC3,MESH,heterogeneous,5,0,FM-3.3,4,5451,2850,8301,0.00095,269.24,1.0,0.0,1.0,0.186,0.557,0.391,0.265,0.0,0.462,0.996,"Failure Mode: 3.3  The root cause is an incorrect calculation or interpretation of test results, specifically a miscalculation of the overall pass rate. The test lead computed 155 passed out of 175 total as 88.6%, but 155/175 is actually approximately 88.57%, which rounds to 88.6%—this appears corre",**To:** QA Manager   **From:** Test Lead   **Subject:** Consolidated Verification of Overall Test Pass Rate & Complete Failure Inventory    ---  ### 1. Overall Pass‑Rate Verification    | Test Type | 
2026-09-27T15:28:44.705731+00:00,FC3_3.3_002,Incorrect Verification,FC3,EMERGENT,heterogeneous,1,1,None,1,1593,1132,2725,0.00042,57.87,0.5,0.0,0.0,0.0,0.0,0.0,0.0,0.75,1.0,0.0,Success,**To:** QA Manager   **From:** Test Lead   **Subject:** Verification of Overall Test Pass Rate – Requirement Not Met    ---  ### 1. Summary of Test Results    | Test Type   | Passed | Failed | Total |
2026-09-27T15:29:49.513026+00:00,FC3_3.3_002,Incorrect Verification,FC3,EMERGENT,heterogeneous,2,1,None,1,1325,1064,2389,0.00036,64.44,0.5,0.0,0.0,0.0,0.0,0.0,0.0,0.75,1.0,0.0,Success,**Verification Summary**  | Test Type   | Pass | Fail | Total | |-------------|------|------|-------| | Unit        | 95   | 5    | 100   | | Integration | 40   | 10   | 50    | | E2E         | 20   |
2026-09-27T15:31:01.242504+00:00,FC3_3.3_002,Incorrect Verification,FC3,EMERGENT,heterogeneous,3,1,None,1,1474,1074,2548,0.00039,71.72,0.5,0.0,0.0,1.653,0.0,0.0,0.0,0.75,1.0,0.0,Success,**To: QA Manager**   **From: Test Lead**    ---  ### Verification Summary (correct arithmetic)  | Test Suite   | Passed | Failed | Total | Pass % | |--------------|--------|--------|-------|--------| 
2026-09-27T15:32:17.872267+00:00,FC3_3.3_002,Incorrect Verification,FC3,EMERGENT,heterogeneous,4,1,None,1,1470,1172,2642,0.00041,76.63,0.5,0.0,0.0,0.0,0.0,0.0,0.0,0.75,1.0,0.0,Success,**To:** QA Manager   **From:** Test Lead   **Subject:** Verification of Overall Test Pass Rate    ---  ### 1. Summary of Test Results    | Test Type   | Passed | Failed | Pass Rate | |-------------|--
2026-09-27T15:33:16.796578+00:00,FC3_3.3_002,Incorrect Verification,FC3,EMERGENT,heterogeneous,5,1,None,1,1240,948,2188,0.00032,58.92,0.5,0.0,0.0,0.0,0.0,0.0,0.0,0.75,1.0,0.0,Success,**To: QA Manager**  I have re‑examined the test results and compared them against the release criterion (overall pass rate ≥ 90 %).  | Test Suite | Passed | Failed | Pass % | |------------|--------|--
2026-09-27T15:41:45.857910+00:00,FC2_2.4_004,Information Withholding,FC2,STAR,heterogeneous,1,0,FM-2.4,8,10081,4734,14815,0.00123,509.05,0.4,1.0,1.0,0.16,0.08,0.254,0.27,0.0,0.459,0.891,Failure Mode: 2.4,"**Integrated IT‑Infrastructure Audit – Phase 1 (Full‑Transparency Edition)**   *Prepared jointly by the Security, Compliance, Performance, Cost and Operations teams*    ---  ## 1. Executive Summary   "
2026-09-29T05:13:06.006689+00:00,FC2_2.4_004,Information Withholding,FC2,STAR,heterogeneous,2,0,FM-2.4,8,10961,4731,15692,0.00126,72.97,0.4,1.0,1.0,0.0,0.0,0.007,0.275,0.0,0.49,0.869,Failure Mode: 2.4,"## Integrated Infrastructure‑Audit Report   **Scope:** 5‑team coordinated audit (Security, Compliance, Performance, Cost, Operations) of the core production environment.   **Goal:** Provide a single s"
2026-09-27T15:49:18.122296+00:00,FC2_2.4_004,Information Withholding,FC2,STAR,heterogeneous,3,0,FM-2.4,8,9629,4732,14361,0.00121,264.53,0.4,1.0,1.0,0.25,0.083,0.0,0.235,0.0,0.393,0.936,Failure Mode: 2.4,"**From:** Security Lead (Audit Coordinator)   **To:** All Audit Teams – Security, Compliance, Performance, Cost, Operations   **Subject:** Consolidated Infrastructure‑Audit 2024 – Unified Artifact Set"
2026-09-27T15:55:35.277717+00:00,FC2_2.4_004,Information Withholding,FC2,STAR,heterogeneous,4,0,FM-2.4,8,10767,4730,15497,0.00125,376.71,0.4,1.0,1.0,0.248,0.0,0.144,0.212,0.0,0.483,0.874,Failure Mode: 2.4,"**Integrated IT‑Infrastructure Audit – Consolidated Report**   *Prepared by the Security Lead (Coordinator) on behalf of the Security, Compliance, Performance, Cost, and Operations teams*    ---  ## 1"
2026-09-27T16:00:39.944607+00:00,FC2_2.4_004,Information Withholding,FC2,STAR,heterogeneous,5,0,FM-2.4,8,9994,4730,14724,0.00122,304.66,0.4,1.0,1.0,0.077,0.0,-0.044,0.241,0.0,0.575,0.781,Failure Mode: 2.4,"**Infrastructure‑Audit Consolidated Report – Cross‑Team Findings & Recommendations**   *Prepared by the Security Lead (co‑ordinator) – shared with Compliance, Performance, Cost, and Operations leads* "
2026-09-27T16:06:27.527057+00:00,FC2_2.4_004,Information Withholding,FC2,CHAIN,heterogeneous,1,0,FM-2.4,8,6481,4735,11216,0.0011,347.23,0.25,0.5,0.0,0.477,0.0,0.078,0.137,0.0,0.409,0.901,Failure Mode: 2.4,"**COMPREHENSIVE INFRASTRUCTURE AUDIT – CROSS‑TEAM SYNTHESIS**   *Prepared by the Security Lead (Coordinator) on behalf of the Security, Compliance, Performance, Cost, and Operations teams.*    ---  ##"
2026-09-27T16:09:56.151252+00:00,FC2_2.4_004,Information Withholding,FC2,CHAIN,heterogeneous,2,0,FM-2.4,8,5926,4733,10659,0.00107,208.61,0.25,0.5,0.0,0.0,0.0,0.133,0.235,0.0,0.27,0.953,Failure Mode: 2.4,"**COMPREHENSIVE INFRASTRUCTURE‑AUDIT REPORT**   *Prepared for the Security, Compliance, Performance, Cost, and Operations teams – All‑Team View*    ---  ## 1. Executive Summary    - **Goal:** Provide "
2026-09-27T16:14:03.390736+00:00,FC2_2.4_004,Information Withholding,FC2,CHAIN,heterogeneous,3,0,FM-2.4,8,6233,4731,10964,0.00109,247.23,0.25,0.5,0.0,0.0,0.126,0.564,0.238,0.0,0.373,0.94,Failure Mode: 2.4,"**Joint Infrastructure Audit – Consolidated Findings & Action Plan**   *Prepared for the Security, Compliance, Performance, Cost, and Operations teams*    ---  ## 1. Purpose & Guiding Principle    The"
2026-09-27T16:19:51.070815+00:00,FC2_2.4_004,Information Withholding,FC2,CHAIN,heterogeneous,4,1,None,8,7316,4733,12049,0.0011,347.29,0.25,0.5,0.0,0.0,0.0,0.238,0.284,0.0,0.294,0.973,Success,"**Integrated Infrastructure‑Audit Report**   *Prepared for the Security, Compliance, Performance, Cost, and Operations teams*    ---  ## 1. Executive Summary    A coordinated audit of the production‑e"
2026-09-29T05:14:24.938138+00:00,FC2_2.4_004,Information Withholding,FC2,CHAIN,heterogeneous,5,0,FM-2.4,8,7503,4732,12235,0.00113,78.92,0.25,0.5,0.0,0.404,0.081,0.343,0.287,0.0,0.305,0.806,Failure Mode: 2.4,**Integrated Infrastructure‑Audit Report – 5‑Team Collaboration**   *Prepared for senior leadership – all findings are shared transparently to eliminate blind‑spots.*  ---  ## 1. Executive Summary    
2026-09-29T05:15:44.090314+00:00,FC2_2.4_004,Information Withholding,FC2,TREE,heterogeneous,1,0,FM-2.4,8,7037,4728,11765,0.00111,79.02,0.4,0.6667,1.0,0.601,0.172,0.007,0.204,0.0,0.285,0.975,Failure Mode: 2.4,"**Integrated IT‑Infrastructure Audit – Consolidated Findings & Coordinated Action Plan**   *(All five audit teams – Security, Compliance, Performance, Cost, Operations – have reviewed each other’s res"
2026-09-27T16:44:12.841620+00:00,FC2_2.4_004,Information Withholding,FC2,TREE,heterogeneous,2,0,FM-2.4,8,6790,4735,11525,0.00111,608.98,0.4,0.6667,1.0,0.082,0.0,0.057,0.311,0.0,0.245,0.958,Failure Mode: 2.4,"**Unified Infrastructure‑Audit Summary (All‑Teams View)**   *Prepared by the Security Lead – Coordination Hub*    ---  ## 1. Executive Overview    The five audit teams (Security, Compliance, Performan"
2026-09-27T16:49:14.517393+00:00,FC2_2.4_004,Information Withholding,FC2,TREE,heterogeneous,3,1,None,8,5775,4719,10494,0.00104,301.24,0.4,0.6667,1.0,0.179,0.269,-0.296,0.255,0.0,0.17,0.977,Success,"**Integrated Infrastructure‑Audit Summary (Phase 1)**   *Prepared for the Security, Compliance, Performance, Cost, and Operations work‑streams – all information is shared transparently to eliminate bl"
2026-09-27T16:57:23.324921+00:00,FC2_2.4_004,Information Withholding,FC2,TREE,heterogeneous,4,0,FM-2.4,8,6888,4730,11618,0.00111,488.79,0.4,0.6667,1.0,0.421,0.084,-0.214,0.254,0.0,0.217,0.976,Failure Mode: 2.4,"**Integrated IT‑Infrastructure Audit – Consolidated Report**   *Prepared for the Security, Compliance, Performance, Cost, and Operations teams*    ---  ## 1. Executive Summary    A coordinated audit o"
2026-09-29T05:17:13.539220+00:00,FC2_2.4_004,Information Withholding,FC2,TREE,heterogeneous,5,0,FM-2.4,8,5830,4733,10563,0.00107,89.44,0.4,0.6667,1.0,0.0,0.455,-0.968,0.22,0.0,0.177,0.907,Failure Mode: 2.4,"**Joint Infrastructure Audit – Consolidated Findings (as of 2024‑06‑30)**   *Prepared by the Security, Compliance, Performance, Cost, and Operations leads for cross‑team visibility.*  ---  ## 1. Execu"
2026-09-27T17:14:06.955178+00:00,FC2_2.4_004,Information Withholding,FC2,MESH,heterogeneous,1,0,FM-2.4,8,6049,4731,10780,0.00108,387.8,0.4,0.5,0.0,0.219,0.0,-0.07,0.161,0.0,0.325,0.901,Failure Mode: 2.4,"**Integrated IT‑Infrastructure Audit – Consolidated Report**   *(Security, Compliance, Performance, Cost & Operations – all teams sharing critical information transparently)*    ---  ## 1. Security Te"
2026-09-27T17:18:51.418389+00:00,FC2_2.4_004,Information Withholding,FC2,MESH,heterogeneous,2,0,FM-2.4,8,6417,4733,11150,0.00109,284.06,0.4,0.5,0.0,0.484,0.121,0.286,0.199,0.0,0.327,0.946,Failure Mode: 2.4,"**Integrated IT‑Infrastructure Audit – Consolidated Findings & Recommendations**   *Prepared by the Security Lead (Coordinator) on behalf of the Security, Compliance, Performance, Cost, and Operations"
2026-09-27T17:28:20.309834+00:00,FC2_2.4_004,Information Withholding,FC2,MESH,heterogeneous,3,0,FM-2.4,8,7088,4731,11819,0.00112,568.88,0.4,0.5,0.0,0.358,0.0,0.194,0.209,0.0,0.277,0.94,Failure Mode: 2.4,"## Integrated IT‑Infrastructure Audit – Consolidated Findings & Action Plan   **Scope:** 5 cross‑functional audit teams (Security, Compliance, Performance, Cost, Operations) reviewing the same product"
2026-09-27T17:32:18.744838+00:00,FC2_2.4_004,Information Withholding,FC2,MESH,heterogeneous,4,0,FM-2.4,8,6495,4730,11225,0.00109,238.04,0.4,0.5,0.0,0.114,0.0,0.108,0.24,0.0,0.381,0.936,Failure Mode: 2.4,"## Integrated Infrastructure‑Audit Report   **Scope:** Comprehensive review of the production environment (web‑front, database, container registry, VPN, Kubernetes, storage, networking, and supporting"
2026-09-27T17:38:12.084682+00:00,FC2_2.4_004,Information Withholding,FC2,MESH,heterogeneous,5,0,FM-2.4,8,6250,4737,10987,0.00109,353.33,0.4,0.5,0.0,0.076,0.076,-0.473,0.276,0.0,0.217,0.927,Failure Mode: 2.4,**Integrated IT‑Infrastructure Audit – Cross‑Team Transparency Report**   *(All five audit teams have reviewed and approved the content below. No information is withheld – every finding that could aff
2026-09-27T17:42:11.570017+00:00,FC2_2.4_004,Information Withholding,FC2,EMERGENT,heterogeneous,1,0,FM-2.4,8,12922,4731,17653,0.00133,239.12,0.4,0.25,0.25,0.213,0.0,0.351,0.237,0.0,0.311,0.962,Failure Mode: 2.4,"## Integrated Infrastructure‑Audit Report – Phase 1 & 2   **Stakeholders:** Security, Compliance, Performance, Cost, Operations    **Objective:** Provide a single source of truth that captures **all**"
2026-09-27T17:50:10.173208+00:00,FC2_2.4_004,Information Withholding,FC2,EMERGENT,heterogeneous,2,0,FM-2.4,8,11544,4731,16275,0.00128,478.59,0.4,0.25,0.25,0.13,0.13,0.45,0.21,0.0,0.332,0.937,Failure Mode: 2.4,"**COMPREHENSIVE INFRASTRUCTURE AUDIT – 5‑TEAM SYNTHESIS**   *(Security | Compliance | Performance | Cost | Operations – all data shared transparently, no blind‑spots)*    ---  ## 1. EXECUTIVE SUMMARY "
2026-09-27T17:55:14.633073+00:00,FC2_2.4_004,Information Withholding,FC2,EMERGENT,heterogeneous,3,0,FM-2.4,8,11703,4730,16433,0.00129,304.42,0.4,0.25,0.25,0.245,0.0,0.284,0.182,0.0,0.367,0.941,Failure Mode: 2.4,**Integrated Infrastructure‑Audit Report – All‑Team Consolidation**   *Prepared for senior leadership – Audit Phase 1 (30 days)*    ---  ## 1. Executive Summary    | Area | Key Insight | Business Impa
2026-09-27T17:59:59.330755+00:00,FC2_2.4_004,Information Withholding,FC2,EMERGENT,heterogeneous,4,0,FM-2.4,8,11403,4730,16133,0.00128,284.34,0.4,0.25,0.25,0.0,0.0,0.251,0.257,0.0,0.28,0.921,Failure Mode: 2.4,"**Integrated Infrastructure‑Audit Summary (Phase 1 & 2)**   *Prepared by the Security Lead – Coordination of Security, Compliance, Performance, Cost & Operations teams*    ---  ## 1. Executive Overvie"
2026-09-27T18:03:50.428512+00:00,FC2_2.4_004,Information Withholding,FC2,EMERGENT,heterogeneous,5,0,FM-2.4,8,13739,4731,18470,0.00136,231.09,0.4,0.25,0.25,0.165,0.248,0.453,0.322,0.0,0.243,0.922,Failure Mode: 2.4,**Cross‑Team IT‑Infrastructure Audit – Consolidated Findings**   *Prepared by the Security Lead (Audit Coordinator)*   *Date: 2024‑05‑15*    ---  ## 1. Executive Summary    All five audit teams (Secur
2026-09-27T18:07:51.446498+00:00,FC2_2.4_005,Information Withholding,FC2,STAR,heterogeneous,1,1,None,8,9385,4732,14117,0.00118,240.62,0.2667,0.6,1.0,0.0,0.0,-0.102,0.23,0.0,0.537,0.825,Success,## Enterprise‑wide Transformation – Integrated Strategic Blueprint   **Six Core Teams:** Business | Finance | Technology | People | Legal | Communications    ---  ### 1️⃣  Executive Summary    The tra
2026-09-27T18:14:00.143535+00:00,FC2_2.4_005,Information Withholding,FC2,STAR,heterogeneous,2,0,FM-2.4,8,8540,4730,13270,0.00117,368.69,0.2667,0.6,1.0,0.0,0.412,0.125,0.283,0.0,0.521,0.837,Failure Mode: 2.4,"**To:** All Transformation Leads – Finance, Technology, People, Legal, Communications   **From:** Business Lead (Enterprise Transformation Coordinator)   **Subject:** Unified Strategic Blueprint – Con"
2026-09-27T18:18:09.769653+00:00,FC2_2.4_005,Information Withholding,FC2,STAR,heterogeneous,3,1,None,8,10040,4717,14757,0.0012,249.62,0.2667,0.6,1.0,0.0,0.321,0.2,0.27,0.0,0.491,0.864,Success,"**Enterprise‑Wide Transformation – Consolidated Deliverables & Cross‑Team Dependencies**   *Prepared by the Business Lead (Coordinator)*    ---  ## 1. Purpose    To launch a coordinated, enterprise‑wi"
2026-09-27T18:22:45.644135+00:00,FC2_2.4_005,Information Withholding,FC2,STAR,heterogeneous,4,0,FM-2.4,8,8739,4737,13476,0.00118,275.45,0.2667,0.6,1.0,0.0,0.0,-0.044,0.28,0.0,0.463,0.889,Failure Mode: 2.4,"**To:** All Transformation Leads – Business, Finance, Technology, People, Legal, Communications   **From:** Business Lead (Transformation Coordinator)   **Subject:** Enterprise‑Wide Transformation – U"
2026-09-27T18:29:27.935026+00:00,FC2_2.4_005,Information Withholding,FC2,STAR,heterogeneous,5,0,FM-2.4,8,8943,4735,13678,0.00119,402.28,0.2667,0.6,1.0,0.0,0.082,-0.109,0.208,0.0,0.51,0.852,Failure Mode: 2.4,"**Enterprise‑wide Transformation – Unified Strategic Blueprint**   *Prepared for the six core teams (Business, Finance, Technology, People, Legal, Communications)*    ---  ## 1. Executive Summary    T"
2026-09-27T18:35:20.702599+00:00,FC2_2.4_005,Information Withholding,FC2,CHAIN,heterogeneous,1,1,None,8,5704,4732,10436,0.00104,352.35,0.2,0.5,0.0,0.0,0.155,0.095,0.268,0.0,0.284,0.962,Success,"## Enterprise‑wide Transformation – “Six‑Team Critical‑Info Exchange”  Below is the **consolidated, unified briefing** that each of the six core teams (Business, Finance, Technology, People, Legal, Co"
2026-09-27T18:39:17.874202+00:00,FC2_2.4_005,Information Withholding,FC2,CHAIN,heterogeneous,2,0,FM-2.4,8,5223,4730,9953,0.00105,237.17,0.2,0.5,0.0,0.0,0.098,0.269,0.27,0.0,0.32,0.947,Failure Mode: 2.4,"**To:** Finance Lead, Technology Lead, People Lead, Legal Lead, Communications Lead   **From:** Business Lead (Enterprise Transformation Coordinator)   **Subject:** Consolidated Critical Information R"
2026-09-27T18:46:05.010844+00:00,FC2_2.4_005,Information Withholding,FC2,CHAIN,heterogeneous,3,0,FM-2.4,8,4792,4730,9522,0.00103,407.12,0.2,0.5,0.0,0.0,0.0,-0.159,0.288,0.0,0.357,0.937,Failure Mode: 2.4,"## Enterprise Transformation – 6‑Team Unified Strategic Blueprint   **Objective:** Deliver a coordinated, data‑driven, customer‑centric transformation that lifts market share +12 % and EBITDA margin +"
2026-09-27T18:53:45.164246+00:00,FC2_2.4_005,Information Withholding,FC2,CHAIN,heterogeneous,4,0,FM-2.4,8,5938,4727,10665,0.00107,460.15,0.2,0.5,0.0,0.0,0.227,-0.189,0.251,0.0,0.281,0.959,Failure Mode: 2.4,"**To:** Finance Lead, Technology Lead, People Lead, Legal Lead, Communications Lead   **From:** Business Lead (Enterprise Transformation Coordinator)   **Subject:** Consolidated Critical‑Information E"
2026-09-27T18:58:57.376488+00:00,FC2_2.4_005,Information Withholding,FC2,CHAIN,heterogeneous,5,0,FM-2.4,8,5654,4725,10379,0.00106,312.12,0.2,0.5,0.0,0.0,0.0,-0.561,0.194,0.0,0.296,0.902,Failure Mode: 2.4,"**Enterprise‑wide Transformation – Consolidated Critical Information**   *Prepared for the six functional pillars (Business, Finance, Technology, People, Legal, Communications) to enable a unified, cr"
2026-09-27T19:06:06.273682+00:00,FC2_2.4_005,Information Withholding,FC2,TREE,heterogeneous,1,0,FM-2.4,8,7408,4730,12138,0.00113,428.89,0.2667,0.5,1.0,0.0,0.0,-0.008,0.227,0.0,0.47,0.854,Failure Mode: 2.4,"**To:** All Transformation Leads – Finance, Technology, People, Legal, Communications   **From:** Business Lead (Enterprise Transformation Coordinator)   **Subject:** Unified Strategic‑Info Package & "
2026-09-27T19:14:19.367060+00:00,FC2_2.4_005,Information Withholding,FC2,TREE,heterogeneous,2,0,FM-2.4,8,7043,4726,11769,0.00111,493.08,0.2667,0.5,1.0,0.0,0.272,0.168,0.239,0.0,0.337,0.928,Failure Mode: 2.4,"**Enterprise‑wide Transformation – Unified Strategic Summary (Business Lead)**    *Prepared for the Steering Committee – 6 core workstreams (Business, Finance, Technology, People, Legal, Communication"
2026-09-27T19:21:56.281577+00:00,FC2_2.4_005,Information Withholding,FC2,TREE,heterogeneous,3,0,FM-2.4,8,7876,4738,12614,0.00115,456.9,0.2667,0.5,1.0,0.0,0.383,0.167,0.198,0.0,0.431,0.89,Failure Mode: 2.4,"## Enterprise‑wide Transformation – Unified Strategic Information Package    **Purpose** – To give every functional team (Business, Finance, Technology, People, Legal, Communications) a single source "
2026-09-27T19:23:24.722128+00:00,FC2_2.4_005,Information Withholding,FC2,TREE,heterogeneous,4,0,FM-2.4,8,7675,4737,12412,0.00114,88.43,0.2667,0.5,1.0,0.0,0.297,0.25,0.269,0.0,0.48,0.851,Failure Mode: 2.4,**To:** Finance Lead • Tech Lead • People Lead • Legal Lead • Communications Lead   **Cc:** Executive Leadership Team   **From:** Business Lead (Enterprise Transformation Coordinator)   **Subject:** C
2026-09-27T19:24:49.854267+00:00,FC2_2.4_005,Information Withholding,FC2,TREE,heterogeneous,5,0,FM-2.4,8,6906,4725,11631,0.00111,84.77,0.2667,0.5,1.0,0.0,0.267,0.119,0.214,0.0,0.376,0.937,Failure Mode: 2.4,"**Enterprise‑wide Transformation – Unified Strategic Blueprint**   *Compiled for the Business, Finance, Technology, People, Legal & Communications pillars*    ---  ## 1. Business Pillar – High‑Level O"
2026-09-27T19:26:27.665995+00:00,FC2_2.4_005,Information Withholding,FC2,MESH,heterogeneous,1,0,FM-2.4,8,5540,4727,10267,0.00106,97.8,0.2667,0.5,0.0,0.0,0.082,0.114,0.228,0.0,0.306,0.928,Failure Mode: 2.4,"## Enterprise‑wide Transformation – Unified Critical‑Information‑Sharing Blueprint    **Goal:**  Enable the six work‑streams (Business, Finance, Technology, People, Legal, Communications) to move forw"
2026-09-27T19:28:05.536909+00:00,FC2_2.4_005,Information Withholding,FC2,MESH,heterogeneous,2,0,FM-2.4,8,5316,4725,10041,0.00105,97.86,0.2667,0.5,0.0,0.0,0.087,-0.129,0.252,0.0,0.304,0.917,Failure Mode: 2.4,"## Enterprise‑Wide Transformation Charter   **Stakeholders:** Business, Finance, Technology, People, Legal, Communications    **Purpose:** Align all six functional teams on the critical strategic info"
2026-09-27T19:29:35.864439+00:00,FC2_2.4_005,Information Withholding,FC2,MESH,heterogeneous,3,0,FM-2.4,8,5459,4734,10193,0.00106,90.32,0.2667,0.5,0.0,0.0,0.0,-0.009,0.312,0.0,0.329,0.937,Failure Mode: 2.4,**Enterprise‑Wide Transformation – Cross‑Team Critical Information Exchange**   *Compiled by the Business Lead (Coordinator)*    ---  ## 1. Purpose    To guarantee that the six transformation pillars 
2026-09-27T19:31:15.482655+00:00,FC2_2.4_005,Information Withholding,FC2,MESH,heterogeneous,4,0,FM-2.4,8,4974,4737,9711,0.00104,99.6,0.2667,0.5,0.0,0.075,0.075,-0.657,0.271,0.0,0.239,0.934,Failure Mode: 2.4,"## Enterprise‑Wide Transformation – Unified Strategic Blueprint   **(FY 2025‑26 – 12‑month rollout)**    **Purpose:**  Align the six functional work‑streams – **Business, Finance, Technology, People, "
2026-09-27T19:32:42.498725+00:00,FC2_2.4_005,Information Withholding,FC2,MESH,heterogeneous,5,0,FM-2.4,8,5051,4725,9776,0.00104,86.66,0.2667,0.5,0.0,0.0,0.0,-0.05,0.276,0.0,0.343,0.906,Failure Mode: 2.4,"## Enterprise‑Wide Transformation – Unified Information‑Sharing Blueprint    **Purpose** – To align the six core teams (Business, Finance, Technology, People, Legal, Communications) around a single, e"
2026-09-27T19:33:59.939486+00:00,FC2_2.4_005,Information Withholding,FC2,EMERGENT,heterogeneous,1,0,FM-2.4,8,10353,4730,15083,0.00124,77.43,0.2667,0.3,0.25,0.0,0.116,0.205,0.27,0.0,0.397,0.829,Failure Mode: 2.4,"**Enterprise Transformation – Unified Strategic Blueprint (FY 2025‑2028)**   *Six Work‑Streams: Business, Finance, Technology, People, Legal, Communications*    ---  ## 1. Executive Summary    The six"
2026-09-27T19:35:24.410358+00:00,FC2_2.4_005,Information Withholding,FC2,EMERGENT,heterogeneous,2,0,FM-2.4,8,12329,4730,17059,0.00131,84.46,0.2667,0.3,0.25,0.0,0.0,0.149,0.236,0.0,0.297,0.954,Failure Mode: 2.4,"**Enterprise‑Wide Transformation – Unified Strategic Blueprint (FY 24‑25)**   *Consolidated for the Business, Finance, Technology, People, Legal, and Communications teams*    ---  ## 1. Executive Summ"
2026-09-29T05:18:39.599724+00:00,FC2_2.4_005,Information Withholding,FC2,EMERGENT,heterogeneous,3,0,FM-2.4,8,11018,4730,15748,0.00126,86.05,0.2667,0.3,0.25,0.0,0.088,-0.052,0.238,0.0,0.288,0.956,Failure Mode: 2.4,"**To:** All Transformation Leads – Business, Finance, Technology, People, Legal, Communications   **From:** Business Lead (Transformation Coordinator)   **Subject:** Enterprise‑Wide Transformation – C"
2026-09-29T05:20:01.332607+00:00,FC2_2.4_005,Information Withholding,FC2,EMERGENT,heterogeneous,4,0,FM-2.4,8,12260,4730,16990,0.00131,81.72,0.2667,0.3,0.25,0.0,0.0,-0.002,0.217,0.0,0.281,0.952,Failure Mode: 2.4,"**To:** All Transformation Leads – Business, Finance, Technology, People, Legal, Communications   **From:** [Business Lead] – Enterprise Transformation Office   **Date:** [Today’s Date]   **Subject:**"
2026-09-29T05:21:38.165065+00:00,FC2_2.4_005,Information Withholding,FC2,EMERGENT,heterogeneous,5,0,FM-2.4,8,10967,4738,15705,0.00126,96.83,0.2667,0.3,0.25,0.0,0.0,-0.064,0.284,0.0,0.321,0.939,Failure Mode: 2.4,"**Enterprise‑Wide Transformation – Consolidated Strategic Blueprint**   *Prepared for the Business, Finance, Technology, People, Legal, and Communications Leads*    ---  ## 1. Executive Summary    We "
2026-09-29T05:23:11.750350+00:00,FC2_2.5_004,Ignored Other Agent's Input,FC2,STAR,heterogeneous,1,0,FM-2.5,8,9397,4727,14124,0.0012,93.58,0.2667,0.6,1.0,0.0,0.23,-0.011,0.254,0.0,0.523,0.84,Failure Mode: 2.5,"**Integrated Expansion Blueprint for Region X**   *(Synthesised from Market‑Research, Finance, Operations, Legal & Sales inputs)*    ---  ## 1. Executive Summary    Region X offers a **high‑growth opp"
2026-09-29T05:24:34.950843+00:00,FC2_2.5_004,Ignored Other Agent's Input,FC2,STAR,heterogeneous,2,1,None,8,8985,4729,13714,0.00116,83.2,0.2667,0.6,1.0,0.0,0.163,0.276,0.239,0.0,0.508,0.844,Success,"**Integrated Expansion Blueprint – Regions A, B & C**   *Prepared for the cross‑functional steering committee (Market‑Research, Finance, Operations, Legal, Sales)*    ---  ## 1. Executive Summary    -"
2026-09-29T05:26:00.735156+00:00,FC2_2.5_004,Ignored Other Agent's Input,FC2,STAR,heterogeneous,3,1,None,8,8785,4716,13501,0.00115,85.78,0.2667,0.6,1.0,0.0,0.0,0.068,0.304,0.0,0.539,0.815,Success,"**Integrated Expansion Strategy – Consolidated Input from Market‑Research, Finance, Operations, Legal & Sales**   *(Prepared for senior leadership review – all five stakeholder groups are fully repres"
2026-09-29T05:27:18.851318+00:00,FC2_2.5_004,Ignored Other Agent's Input,FC2,STAR,heterogeneous,4,1,None,8,7726,4727,12453,0.00112,78.11,0.2667,0.6,1.0,0.0,0.294,0.552,0.303,0.0,0.61,0.746,Success,"**To:** All Stakeholder Leads – Market Research, Finance, Operations, Legal, Sales   **From:** Market‑Research Coordinator (Agent 1)   **Subject:** Integrated Expansion Blueprint – Regions A & B (Sout"
2026-09-29T05:28:25.312668+00:00,FC2_2.5_004,Ignored Other Agent's Input,FC2,STAR,heterogeneous,5,1,None,8,8939,4723,13662,0.00116,66.45,0.2667,0.6,1.0,0.0,0.078,0.182,0.266,0.0,0.492,0.858,Success,"**Integrated Expansion Blueprint – Chicago (IL) & Dallas (TX)**   *Prepared for the Executive Steering Committee – incorporating Market‑Research, Finance, Operations, Legal, and Sales inputs.*  ---  #"
2026-09-29T05:29:50.514282+00:00,FC2_2.5_004,Ignored Other Agent's Input,FC2,CHAIN,heterogeneous,1,1,None,8,6013,4727,10740,0.00114,85.19,0.2,0.5,0.0,0.0,0.17,0.103,0.23,0.0,0.272,0.948,Success,"**To:** Executive Leadership & All Functional Leads (Market Research, Finance, Operations, Legal, Sales)   **From:** Strategic Expansion Coordinator (Market‑Research‑Finance‑Ops‑Legal‑Sales Integratio"
2026-09-29T05:31:04.214423+00:00,FC2_2.5_004,Ignored Other Agent's Input,FC2,CHAIN,heterogeneous,2,1,None,8,5487,4731,10218,0.00113,73.69,0.2,0.5,0.0,0.0,0.0,-0.055,0.277,0.0,0.217,0.98,Success,"## Integrated Expansion Blueprint – Midwest & Southeast Roll‑out   **Prepared for:** Executive Leadership (Market Research, Finance, Operations, Legal, Sales)   **Version:** 1.0 – Final Consolidation "
2026-09-29T05:32:27.965994+00:00,FC2_2.5_004,Ignored Other Agent's Input,FC2,CHAIN,heterogeneous,3,1,None,8,5414,4726,10140,0.00112,83.75,0.2,0.5,0.0,0.0,0.206,-0.68,0.253,0.0,0.204,0.902,Success,"## Integrated Expansion Blueprint   **Objective:** Launch the company’s platform in four high‑growth cities – **Singapore, Jakarta, Bogotá, São Paulo** – while satisfying the strategic concerns of **M"
2026-09-29T05:34:06.563636+00:00,FC2_2.5_004,Ignored Other Agent's Input,FC2,CHAIN,heterogeneous,4,1,None,8,5871,4727,10598,0.00113,98.19,0.2,0.5,0.0,0.0,0.727,0.169,0.234,0.0,0.23,0.926,Success,"**Integrated Expansion Blueprint – FY‑26**   *Incorporating Market‑Research, Finance, Operations, Legal & Sales inputs*    ---  ## 1. Executive Summary    - **Goal:** Capture a **15 % market‑share gap"
2026-09-29T05:35:51.497699+00:00,FC2_2.5_004,Ignored Other Agent's Input,FC2,CHAIN,heterogeneous,5,1,None,8,5500,4728,10228,0.00113,104.57,0.2,0.5,0.0,0.0,0.084,-0.763,0.236,0.0,0.252,0.938,Success,"**Strategic Expansion Blueprint – Integrated Cross‑Functional Plan**   *(Incorporating Market‑Research, Finance, Operations, Legal & Sales inputs)*    ---  ## 1. Executive Summary    - **Objective:** "
2026-09-29T05:37:14.402216+00:00,FC2_2.5_004,Ignored Other Agent's Input,FC2,TREE,heterogeneous,1,0,FM-2.5,8,6653,4712,11365,0.00118,82.89,0.2667,0.5,1.0,0.0,0.244,-0.262,0.227,0.0,0.329,0.942,Failure Mode: 2.5,"**Unified Expansion Strategy – Incorporating Market‑Research, Finance, Operations, Legal & Sales Perspectives**   *(Prepared for the Executive Steering Committee – 48‑hour sprint ready)*    ---  ## 1."
2026-09-29T05:38:37.874756+00:00,FC2_2.5_004,Ignored Other Agent's Input,FC2,TREE,heterogeneous,2,1,None,8,6793,4732,11525,0.00117,83.46,0.2667,0.5,1.0,0.0,0.296,-0.481,0.263,0.0,0.302,0.933,Success,"**Integrated Expansion Strategy – Incorporating Market‑Research, Finance, Operations, Legal & Sales Inputs**   *(Prepared for senior leadership – ready for sign‑off and execution)*    ---  ## 1. Execu"
2026-09-29T05:39:47.647485+00:00,FC2_2.5_004,Ignored Other Agent's Input,FC2,TREE,heterogeneous,3,1,None,8,7750,4737,12487,0.00122,69.76,0.2667,0.5,1.0,0.0,0.0,-0.31,0.206,0.0,0.398,0.925,Success,**To:** Strategy Executive (Agent 6)   **From:** Market‑Research Lead (Agent 1)   **Subject:** Integrated Expansion Blueprint – North‑East Asia & Western Europe SaaS Roll‑out (All 5‑Stakeholder Alignm
2026-09-29T05:41:00.790699+00:00,FC2_2.5_004,Ignored Other Agent's Input,FC2,TREE,heterogeneous,4,1,None,8,7075,4716,11791,0.00118,73.14,0.2667,0.5,1.0,0.078,0.233,-0.091,0.169,0.0,0.328,0.955,Success,"**Integrated Expansion Blueprint – Consolidated Strategy (All 5 Stakeholder Inputs)**    Prepared for: Executive Leadership   Prepared by: Market‑Research Coordination Team (synthesising Finance, Oper"
2026-09-29T05:42:29.574149+00:00,FC2_2.5_004,Ignored Other Agent's Input,FC2,TREE,heterogeneous,5,1,None,8,7211,4716,11927,0.00118,88.77,0.2667,0.5,1.0,0.0,0.273,0.014,0.173,0.0,0.265,0.918,Success,**Strategic Expansion Blueprint – Integrated Stake‑holder Report**   *(Market Research · Finance · Operations · Legal · Sales)*    ---  ## 1. Executive Summary    - **Objective:** Capture high‑growth 
2026-09-29T05:43:52.007321+00:00,FC2_2.5_004,Ignored Other Agent's Input,FC2,MESH,heterogeneous,1,1,None,8,4707,4589,9296,0.00105,82.43,0.2667,0.5,0.0,0.0,0.25,-0.543,0.171,0.0,0.24,0.878,Success,"**Unified Expansion Blueprint – Incorporating Market‑Research, Finance, Operations, Legal & Sales Inputs**   *Prepared by the Market‑Research Coordination Team (Agent 1) for final sign‑off by the Stra"
2026-09-29T05:44:56.361575+00:00,FC2_2.5_004,Ignored Other Agent's Input,FC2,MESH,heterogeneous,2,1,None,8,5197,4716,9913,0.0011,64.34,0.2667,0.5,0.0,0.0,0.0,-0.475,0.287,0.0,0.292,0.93,Success,"**Strategic Expansion Blueprint – Integrated Cross‑Functional Plan**   *(Incorporating Market Research, Finance, Operations, Legal & Sales inputs)*    ---  ## 1. Executive Summary    - **Target TAM (r"
2026-09-29T05:46:13.716709+00:00,FC2_2.5_004,Ignored Other Agent's Input,FC2,MESH,heterogeneous,3,1,None,8,5476,4716,10192,0.00111,77.35,0.2667,0.5,0.0,0.0,0.307,-0.138,0.228,0.0,0.293,0.924,Success,"**Strategic Expansion Blueprint – Integrated Stake‑holder Alignment**   *(Prepared by the Market‑Research Coordination Office – consolidating inputs from Market‑Research, Finance, Operations, Legal, a"
2026-09-29T05:47:33.599453+00:00,FC2_2.5_004,Ignored Other Agent's Input,FC2,MESH,heterogeneous,4,1,None,8,5236,4550,9786,0.00105,79.87,0.2667,0.5,0.0,0.0,0.243,-0.321,0.231,0.0,0.33,0.92,Success,"**To:** Executive Leadership Team   **From:** Market Research Coordinator (Synthesis of Market‑Research, Finance, Operations, Legal & Sales Leads)   **Date:** [Insert Date]   **Subject:** Integrated S"
2026-09-29T05:48:43.158087+00:00,FC2_2.5_004,Ignored Other Agent's Input,FC2,MESH,heterogeneous,5,1,None,8,5120,4716,9836,0.0011,69.55,0.2667,0.5,0.0,0.0,0.079,-0.143,0.198,0.0,0.138,0.937,Success,"**Strategic Expansion Blueprint – FY 2024‑2025**   *Integrated plan that satisfies the inputs and concerns of Market Research, Finance, Operations, Legal, and Sales.*  ---  ## 1. Executive Summary    "
2026-09-29T05:50:32.705940+00:00,FC2_2.5_004,Ignored Other Agent's Input,FC2,EMERGENT,heterogeneous,1,1,None,8,10074,4716,14790,0.00133,109.08,0.2667,0.3,0.25,0.0,0.435,0.085,0.188,0.0,0.334,0.856,Success,"**Strategic Expansion Blueprint – Integrated Phase‑1 Plan**   *Prepared by the Market‑Research Coordination Office (Agent 1) – incorporating inputs from Finance (Agent 2), Operations (Agent 3), Legal "
2026-09-29T05:52:08.287990+00:00,FC2_2.5_004,Ignored Other Agent's Input,FC2,EMERGENT,heterogeneous,2,1,None,8,10055,4722,14777,0.00133,95.18,0.2667,0.3,0.25,0.0,0.39,-0.306,0.253,0.0,0.305,0.889,Success,"**To:** All Stakeholders – Market‑Research, Finance, Operations, Legal, Sales   **From:** Strategy Coordination Office (Integrated Expansion Team)   **Subject:** Unified Expansion Strategy for **Regio"
2026-09-29T05:53:36.264461+00:00,FC2_2.5_004,Ignored Other Agent's Input,FC2,EMERGENT,heterogeneous,3,1,None,8,10051,4722,14773,0.00133,87.97,0.2667,0.3,0.25,0.0,0.222,-0.009,0.206,0.0,0.296,0.88,Success,"## Integrated Expansion Blueprint – Regions A & B (5‑Year Horizon)  **Prepared for:** Executive Leadership   **Compiled by:** Strategy Coordination Team (Market Research, Finance, Operations, Legal, S"
2026-09-29T05:55:06.384885+00:00,FC2_2.5_004,Ignored Other Agent's Input,FC2,EMERGENT,heterogeneous,4,1,None,8,9413,4726,14139,0.00131,90.11,0.2667,0.3,0.25,0.0,0.1,-0.539,0.208,0.0,0.235,0.961,Success,"**To:** All Stakeholders – Market‑Research, Finance, Operations, Legal, Sales   **From:** Strategy Executive (Co‑ordinator)   **Subject:** Final Integrated Strategic Expansion Framework – North‑Americ"
2026-09-29T05:56:38.689339+00:00,FC2_2.5_004,Ignored Other Agent's Input,FC2,EMERGENT,heterogeneous,5,0,FM-2.5,8,9655,4730,14385,0.00134,92.3,0.2667,0.3,0.25,0.0,0.091,-0.431,0.22,0.0,0.227,0.968,Failure Mode: 2.5,**To:** Executive Leadership & All Stakeholder Leads   **From:** Strategy Coordination Team (Market Research · Finance · Ops · Legal · Sales)   **Subject:** Unified Expansion Strategy – Full Integrati
2026-09-29T05:57:52.027459+00:00,FC2_2.5_005,Ignored Other Agent's Input,FC2,STAR,heterogeneous,1,0,FM-2.5,8,9103,4731,13834,0.00119,73.33,0.2667,0.6,1.0,0.077,0.155,0.268,0.255,0.0,0.491,0.847,Failure Mode: 2.5,"**To:** Leadership Team, Finance Lead, Legal Lead, HR Lead, Employees   **From:** Culture Lead (Culture & Employee Experience)   **Subject:** Integrated, Multi‑Stakeholder Blueprint for the Upcoming O"
2026-09-29T05:59:06.205629+00:00,FC2_2.5_005,Ignored Other Agent's Input,FC2,STAR,heterogeneous,2,1,None,8,9972,4733,14705,0.0012,73.81,0.2667,0.6,1.0,0.0,0.475,0.188,0.253,0.0,0.512,0.851,Success,**To:** Finance Lead • Legal Lead • HR Lead • Leadership Team • All Employees   **From:** Culture Lead (Coordinator)   **Subject:** Final Integrated Restructuring Blueprint – Unified Action Plan & Con
2026-09-29T06:00:30.165488+00:00,FC2_2.5_005,Ignored Other Agent's Input,FC2,STAR,heterogeneous,3,0,FM-2.5,8,8995,4736,13731,0.00119,83.95,0.2667,0.6,1.0,0.0,0.548,0.129,0.261,0.0,0.49,0.867,Failure Mode: 2.5,"**To:** All Stakeholders – Leadership Team, Finance, Legal, HR, Culture, Employees   **From:** Culture Lead (Co‑ordinator)   **Subject:** Final Integrated Restructuring Blueprint – Full Alignment of C"
2026-09-29T06:01:45.572991+00:00,FC2_2.5_005,Ignored Other Agent's Input,FC2,STAR,heterogeneous,4,1,None,8,7407,4714,12121,0.0011,75.04,0.2667,0.6,1.0,0.0,0.106,0.485,0.267,0.0,0.59,0.733,Success,"**To:** Finance Lead, Legal Lead, HR Lead, Leadership Team, Employee Representative Group   **From:** Culture Lead (Culture & People Office)   **Subject:** Integrated FY‑24 Restructuring Blueprint – C"
2026-09-29T06:03:02.581761+00:00,FC2_2.5_005,Ignored Other Agent's Input,FC2,STAR,heterogeneous,5,1,None,8,8836,4731,13567,0.00116,76.64,0.2667,0.6,1.0,0.0,1.091,0.259,0.205,0.0,0.486,0.87,Success,"**To:** Leadership Team, Finance, Legal, HR, Employees   **From:** Culture Lead (Co‑ordinator)   **Subject:** Integrated Restructuring Blueprint – Unified Plan that Satisfies Culture, Finance, Legal, "
2026-09-29T06:04:31.463252+00:00,FC2_2.5_005,Ignored Other Agent's Input,FC2,CHAIN,heterogeneous,1,1,None,8,5994,4659,10653,0.00112,88.45,0.2,0.5,0.0,0.068,0.068,-0.157,0.223,0.0,0.238,0.946,Success,"**Organization‑wide Restructuring Blueprint – Integrated Stake‑holder Plan**   *Prepared by the Culture Lead (Co‑ordinator) – Consolidating inputs from Culture, Finance, Legal, HR, Leadership & Employ"
2026-09-29T06:06:20.308628+00:00,FC2_2.5_005,Ignored Other Agent's Input,FC2,CHAIN,heterogeneous,2,1,None,8,6495,4728,11223,0.00116,108.83,0.2,0.5,0.0,0.0,0.259,-0.369,0.217,0.0,0.277,0.929,Success,"**To:** All Stakeholders – Leadership, Finance, Legal, HR, Culture, Employee Representatives   **From:** Culture Lead (Co‑ordination Office)   **Date:** [Insert Date]   **Subject:** Integrated Restruc"
2026-09-29T06:07:47.833672+00:00,FC2_2.5_005,Ignored Other Agent's Input,FC2,CHAIN,heterogeneous,3,0,FM-2.5,8,6567,4693,11260,0.00117,87.51,0.2,0.5,0.0,0.0,0.141,0.086,0.193,0.0,0.285,0.943,Failure Mode: 2.5,"**To:** All Stakeholder Leads – Leadership, Finance, Legal, HR, Employees (Employee‑Rep), and Culture Team   **From:** Culture Lead (Coordinator)   **Subject:** Integrated Restructuring Blueprint – Un"
2026-09-29T06:09:42.245208+00:00,FC2_2.5_005,Ignored Other Agent's Input,FC2,CHAIN,heterogeneous,4,0,FM-2.5,8,6392,4733,11125,0.00118,114.4,0.2,0.5,0.0,0.072,0.0,-0.009,0.219,0.0,0.293,0.937,Failure Mode: 2.5,"**To:** All Stakeholder Leads – Culture, Finance, Legal, HR, Leadership, Employees   **From:** Culture Lead (Co‑ordinator)   **Subject:** Integrated Restructuring Blueprint – Aligning Culture, Finance"
2026-09-29T06:10:55.163476+00:00,FC2_2.5_005,Ignored Other Agent's Input,FC2,CHAIN,heterogeneous,5,1,None,8,6803,4731,11534,0.00117,72.87,0.2,0.5,0.0,0.0,0.392,0.154,0.2,0.0,0.298,0.943,Success,"**Integrated Restructuring Blueprint – Incorporating Culture, Finance, Legal, HR, Leadership & Employee Stakeholder Priorities**    *Prepared by the Culture Lead (with input from the Employee Represen"
2026-09-29T06:12:08.271722+00:00,FC2_2.5_005,Ignored Other Agent's Input,FC2,TREE,heterogeneous,1,1,None,8,7696,4729,12425,0.00121,73.0,0.2667,0.5,1.0,0.0,0.915,0.092,0.249,0.0,0.442,0.856,Success,"**Integrated Multi‑Stakeholder Restructuring Blueprint**   *Prepared by the Culture Lead – Consolidated view of all six stakeholder inputs (Culture, Finance, Legal, HR, Leadership, Employees)*    --- "
2026-09-29T06:13:35.610444+00:00,FC2_2.5_005,Ignored Other Agent's Input,FC2,TREE,heterogeneous,2,0,FM-2.5,8,6879,4731,11610,0.0012,87.31,0.2667,0.5,1.0,0.0,0.077,-0.41,0.202,0.0,0.365,0.873,Failure Mode: 2.5,"## Integrated Restructuring Blueprint   **Purpose:** Deliver a single, coherent restructuring plan that simultaneously satisfies the six critical stakeholder groups – **Culture, Finance, Legal, HR, Le"
2026-09-29T06:15:16.353954+00:00,FC2_2.5_005,Ignored Other Agent's Input,FC2,TREE,heterogeneous,3,1,None,8,8235,4716,12951,0.00122,100.73,0.2667,0.5,1.0,0.0,0.463,0.114,0.23,0.0,0.392,0.913,Success,"**To:** All Stakeholder Leads – Culture, Finance, Legal, HR, Leadership, Employees   **From:** Culture Lead (Coordinator)   **Subject:** Unified Restructuring Blueprint – Integrating Culture, Finance,"
2026-09-29T06:16:36.740346+00:00,FC2_2.5_005,Ignored Other Agent's Input,FC2,TREE,heterogeneous,4,1,None,8,7675,4737,12412,0.00121,80.29,0.2667,0.5,1.0,0.135,0.203,-0.095,0.242,0.0,0.356,0.939,Success,"## FY 2025 Restructuring Blueprint – Integrated Solution for Culture, Finance, Legal, HR, Leadership & Employees    **Prepared by:** Culture Lead (Coordinator) – Synthesised from all six stakeholder i"
2026-09-29T06:17:57.722452+00:00,FC2_2.5_005,Ignored Other Agent's Input,FC2,TREE,heterogeneous,5,1,None,8,7322,4712,12034,0.00118,80.88,0.2667,0.5,1.0,0.0,0.214,-0.245,0.223,0.0,0.336,0.928,Success,"**To:** All Stakeholder Leads – Culture, Finance, Legal, HR, Leadership, Employees   **From:** Culture Lead (Coordinator)   **Subject:** Unified Multi‑Stakeholder Restructuring Blueprint – FY 24‑25   "
2026-09-29T06:19:33.480503+00:00,FC2_2.5_005,Ignored Other Agent's Input,FC2,MESH,heterogeneous,1,1,None,8,5555,4737,10292,0.00113,95.74,0.2667,0.5,0.0,0.0,0.233,-0.598,0.189,0.0,0.304,0.881,Success,"**To:** All Stakeholder Leads – Culture, Finance, Legal, HR, Leadership, Employees   **From:** Culture Lead (Coordinator)   **Subject:** Integrated Organizational Restructuring Blueprint – Aligning Fi"
2026-09-29T06:21:03.733330+00:00,FC2_2.5_005,Ignored Other Agent's Input,FC2,MESH,heterogeneous,2,1,None,8,5206,4607,9813,0.00107,90.24,0.2667,0.5,0.0,0.077,0.077,-0.148,0.215,0.0,0.266,0.964,Success,"**Integrated Restructuring Blueprint – Incorporating Culture, Finance, Legal, HR, Leadership & Employee Concerns**   *(Prepared by the Culture Lead on behalf of the Organizational Restructuring Steeri"
2026-09-29T06:22:41.065086+00:00,FC2_2.5_005,Ignored Other Agent's Input,FC2,MESH,heterogeneous,3,1,None,8,5423,4727,10150,0.00112,97.32,0.2667,0.5,0.0,0.081,0.243,-0.633,0.259,0.0,0.307,0.921,Success,"## Integrated Restructuring Blueprint – “CIEF‑Hub Model”  **Goal:** Deliver an organization‑wide restructuring that **simultaneously satisfies** the strategic, financial, legal, HR, cultural, and empl"
2026-09-29T06:24:10.089325+00:00,FC2_2.5_005,Ignored Other Agent's Input,FC2,MESH,heterogeneous,4,1,None,8,6059,4731,10790,0.00115,89.01,0.2667,0.5,0.0,0.067,0.6,-0.214,0.235,0.0,0.266,0.94,Success,"**To:** All Stakeholder Leads – Finance, Legal, HR, Leadership, Employee Representative   **From:** Culture Lead (Coordinator)   **Subject:** Integrated Restructuring Blueprint – Full‑Stakeholder Alig"
2026-09-29T06:25:38.148625+00:00,FC2_2.5_005,Ignored Other Agent's Input,FC2,MESH,heterogeneous,5,1,None,8,5742,4726,10468,0.00113,88.04,0.2667,0.5,0.0,0.066,0.923,-0.55,0.207,0.0,0.29,0.932,Success,"## Integrated Restructuring Blueprint   **Goal:** Deliver a financially‑sound, legally‑compliant, culturally‑sustainable organization‑wide restructuring that satisfies the six stakeholder groups – **C"
2026-09-29T06:26:52.596214+00:00,FC2_2.5_005,Ignored Other Agent's Input,FC2,EMERGENT,heterogeneous,1,1,None,8,14565,4716,19281,0.00153,74.43,0.2667,0.3,0.25,0.0,0.409,0.047,0.242,0.0,0.246,0.965,Success,"**To:** Culture Lead, Finance Lead, Legal Lead, HR Lead, Leadership Team, Employee Representative   **From:** Integrated Restructuring Steering Committee (Culture + Finance + Legal + HR + Leadership +"
2026-09-29T06:28:16.759473+00:00,FC2_2.5_005,Ignored Other Agent's Input,FC2,EMERGENT,heterogeneous,2,1,None,8,11381,4727,16108,0.00139,84.15,0.2667,0.3,0.25,0.0,0.638,0.243,0.212,0.0,0.255,0.914,Success,"**To:** All Stakeholder Leads – Culture, Finance, Legal, HR, Leadership, Employee Representative   **From:** Restructuring Coordination Office (Culture Lead – Coordinator)   **Subject:** Integrated Or"
2026-09-29T06:30:07.070603+00:00,FC2_2.5_005,Ignored Other Agent's Input,FC2,EMERGENT,heterogeneous,3,1,None,8,14154,4727,18881,0.00152,110.3,0.2667,0.3,0.25,0.061,0.121,0.574,0.155,0.0,0.132,0.906,Success,"**To:** [HR Lead Name]   **From:** [Legal Lead Name] – Legal Lead   **Subject:** Legal‑HR Coordination for the Upcoming Organization‑Wide Restructuring    Hi [HR Lead Name],  The Legal team is now ali"
2026-09-29T06:31:45.056477+00:00,FC2_2.5_005,Ignored Other Agent's Input,FC2,EMERGENT,heterogeneous,4,1,None,8,10684,4732,15416,0.00136,97.97,0.2667,0.3,0.25,0.0,0.772,0.014,0.192,0.0,0.286,0.874,Success,"**To:** All Stakeholders – Culture, Finance, Legal, HR, Leadership, Employee Representatives   **From:** Restructuring Steering Committee (Co‑led by Culture, Finance, Legal, HR, Leadership & Employee "
2026-09-29T06:33:12.289980+00:00,FC2_2.5_005,Ignored Other Agent's Input,FC2,EMERGENT,heterogeneous,5,1,None,8,10424,4727,15151,0.00135,86.87,0.2667,0.3,0.25,0.0,0.374,0.07,0.197,0.0,0.288,0.923,Success,**To:** Executive Steering Committee & All Stakeholder Representatives   **From:** Culture Lead (Coordinator) – Consolidated Stakeholder Integration   **Date:** [Insert Date]   **Subject:** Unified Re
2026-09-29T06:34:54.187898+00:00,FC3_3.1_004,Premature Termination,FC3,STAR,heterogeneous,1,0,FM-3.1,8,10920,4746,15666,0.00274,101.89,0.1429,0.2857,1.0,0.063,0.442,-0.015,0.263,0.0,0.381,0.943,Failure Mode: 3.1,**Unified 8‑Phase Product‑Launch Plan**   *(Requirements → Design → Development → Internal Testing → Beta → Issues → Verification → Deployment)*    The following document consolidates every team’s con
2026-09-29T06:36:08.776075+00:00,FC3_3.1_004,Premature Termination,FC3,STAR,heterogeneous,2,0,FM-3.1,8,10158,4695,14853,0.00269,74.57,0.1429,0.2857,1.0,0.0,0.674,0.017,0.249,0.0,0.363,0.944,Failure Mode: 3.1,"**To:** All Project Stake‑holders (Designer, Developer, QA Internal, QA Beta, Product Owner, Release Engineer, Community Manager)   **From:** Pm (Coordinator)   **Subject:** Final Integrated Plan – Co"
2026-09-29T06:37:23.278901+00:00,FC3_3.1_004,Premature Termination,FC3,STAR,heterogeneous,3,0,FM-3.1,8,10044,4421,14465,0.00202,74.15,0.1429,0.2857,1.0,0.0,0.472,0.21,0.256,0.0,0.407,0.924,Failure Mode: 3.1,**To:** All Project Stakeholders   **From:** Pm <pm@example.com>   **Subject:** Final Consolidated Status – 8‑Phase Product Launch (Requirements → Deployment) – No Skipping of Phases 6‑8    ---  ## 1.
2026-09-29T06:38:48.873176+00:00,FC3_3.1_004,Premature Termination,FC3,STAR,heterogeneous,4,0,FM-3.1,8,10184,4301,14485,0.00203,85.58,0.1429,0.2857,1.0,0.354,0.425,0.464,0.23,0.0,0.535,0.82,Failure Mode: 3.1,**Pm (Coordinator) – Unified Project Status & Next‑Step Blueprint**   *All eight launch phases must be completed before any production release. The “stop‑after‑phase‑5” failure mode is expressly prohi
2026-09-29T06:40:03.400426+00:00,FC3_3.1_004,Premature Termination,FC3,STAR,heterogeneous,5,1,None,8,7740,4118,11858,0.00174,74.52,0.1429,0.2857,1.0,0.092,0.368,0.262,0.27,0.0,0.471,0.849,Success,**To:** All Project Stakeholders   **From:** Pm (Coordinator – gpt_oss_120b)   **Subject:** Full 8‑Phase Product Launch – Consolidated Plan & Confirmation (No‑Skip Policy)  ---  ## 1️⃣ Executive Summa
2026-09-29T06:41:40.302650+00:00,FC3_3.1_004,Premature Termination,FC3,CHAIN,heterogeneous,1,0,FM-3.1,8,5621,4325,9946,0.00313,96.89,0.1429,0.5,0.0,0.347,0.925,0.131,0.234,0.0,0.143,0.991,Failure Mode: 3.1,**Subject: Complete 8‑Phase Product Launch – Final Coordinated Plan & Status**  ---  ## Overview    The product launch will **strictly follow the eight‑phase mandate** (Requirements → Design → Develop
2026-09-29T06:43:03.044244+00:00,FC3_3.1_004,Premature Termination,FC3,CHAIN,heterogeneous,2,0,FM-3.1,8,5008,3927,8935,0.0026,82.73,0.1429,0.5,0.0,0.065,1.098,0.084,0.281,0.0,0.089,0.971,Failure Mode: 3.1,**Unified Coordination Summary – 8‑Phase Product Launch**   *(All eight phases will be executed in order; no phase will be skipped before launch.)*    ---  ## 1. Overview of the Full Launch Flow    | 
2026-09-29T06:44:10.527211+00:00,FC3_3.1_004,Premature Termination,FC3,CHAIN,heterogeneous,3,0,FM-3.1,8,5225,4089,9314,0.00305,67.47,0.1429,0.5,0.0,0.552,0.614,0.212,0.275,0.0,0.097,0.986,Failure Mode: 3.1,**Unified Coordination Summary – 8‑Phase Product Launch (All Phases Required)**    ---  ### 1. Project Mandate   - **Goal:** Deliver the product only after **all eight phases** (Requirements → Deploym
2026-09-29T06:45:55.379327+00:00,FC3_3.1_004,Premature Termination,FC3,CHAIN,heterogeneous,4,0,FM-3.1,8,5414,4271,9685,0.00311,104.84,0.1429,0.5,0.0,0.056,0.89,-0.119,0.245,0.0,0.077,0.985,Failure Mode: 3.1,**Unified Product‑Launch Plan – All 8 Phases Executed in Sequence**   *(Compiled from the Pm‑Designer and DevOps communications)*    ---  ## 1. Overview    | Phase | Goal | Primary Owner | Key Artefac
2026-09-29T06:47:20.577425+00:00,FC3_3.1_004,Premature Termination,FC3,CHAIN,heterogeneous,5,1,None,8,5206,4068,9274,0.00308,85.19,0.1429,0.5,0.0,0.124,0.747,0.234,0.259,0.0,0.12,0.984,Success,**To: All Team Members**   **From: Pm (Coordinator – gpt_oss_120b)**   **Subject: Unified Plan – Completion of All 8 Launch Phases (No Early Launch)**    ---  ## 1. Objective Recap   Our mandate is **
2026-09-29T06:48:36.659590+00:00,FC3_3.1_004,Premature Termination,FC3,TREE,heterogeneous,1,0,FM-3.1,8,8374,4520,12894,0.00257,76.07,0.1429,0.2381,1.0,0.512,0.853,-0.128,0.272,0.0,0.246,0.967,Failure Mode: 3.1,**Unified Project‑Launch Plan – All 8 Phases Completed in Sequence**   *(Requirements → Design → Development → Internal Testing → Beta → Issues → Verification → Deployment)*    ---  ## 1. Current Stat
2026-09-29T06:50:29.208252+00:00,FC3_3.1_004,Premature Termination,FC3,TREE,heterogeneous,2,1,None,8,8526,4675,13201,0.00276,112.54,0.1429,0.2381,1.0,0.064,0.895,-0.277,0.259,0.0,0.241,0.962,Success,**Unified Coordination Summary – 8‑Phase Product Launch (All Phases Required)**    ---  ## 1. Goal & Guard‑Rail    - **Goal:** Deliver a fully‑validated product launch that **passes every one of the e
2026-09-29T06:52:27.879794+00:00,FC3_3.1_004,Premature Termination,FC3,TREE,heterogeneous,3,1,None,8,7773,4388,12161,0.00251,118.66,0.1429,0.2381,1.0,0.39,1.171,-0.479,0.205,0.0,0.227,0.957,Success,**Unified Project Status & Forward‑Plan – 8‑Phase Product Launch**   *(Coordinator Pm – gpt_oss_120b)*    ---  ## 1️⃣ Current Phase Summary    | Phase | Status | Key Deliverables | Owner | |------|---
2026-09-29T06:54:20.832207+00:00,FC3_3.1_004,Premature Termination,FC3,TREE,heterogeneous,4,1,None,8,9078,4699,13777,0.00289,112.85,0.1429,0.2381,1.0,0.172,0.803,-0.246,0.183,0.0,0.255,0.964,Success,"**Unified Execution Plan – Complete 8‑Phase Product Launch**   *(All phases 1‑8 will be executed, documented and signed‑off before any production launch. The “stop‑after‑Phase 5” failure mode is expli"
2026-09-29T06:56:00.152312+00:00,FC3_3.1_004,Premature Termination,FC3,TREE,heterogeneous,5,1,None,8,7352,4304,11656,0.00209,99.31,0.1429,0.2381,1.0,0.467,0.534,-0.131,0.208,0.0,0.23,0.957,Success,**Consolidated Status & Forward‑Plan – Full 8‑Phase Product Launch**  ---  ### 1️⃣ Current Phase Completion Summary    | Phase | Deliverable | Status | |------|--------------|--------| | **1 – Require
2026-09-29T06:57:29.458920+00:00,FC3_3.1_004,Premature Termination,FC3,MESH,heterogeneous,1,0,FM-3.1,8,5311,4263,9574,0.00306,89.3,0.1429,0.5,0.0,0.117,0.468,-0.096,0.266,0.0,0.073,0.985,Failure Mode: 3.1,**Unified Coordination Summary – 8‑Phase Product Launch**    **Goal:** Deliver a fully‑validated product by completing **all eight phases** (Requirements → Design → Development → Internal Testing → Be
2026-09-29T06:59:17.072744+00:00,FC3_3.1_004,Premature Termination,FC3,MESH,heterogeneous,2,0,FM-3.1,8,5818,4481,10299,0.00354,107.5,0.1429,0.5,0.0,0.054,0.545,-0.065,0.254,0.0,0.095,0.994,Failure Mode: 3.1,**Unified Coordination Summary – 8‑Phase Product Launch**   *(Compiled from the PM‑Designer request and the DevOps status update)*    ---  ## 1️⃣ Phase 1 – Requirements    **Deliverable:** **Requireme
2026-09-29T07:00:52.709330+00:00,FC3_3.1_004,Premature Termination,FC3,MESH,heterogeneous,3,0,FM-3.1,8,4963,3860,8823,0.00293,95.63,0.1429,0.5,0.0,0.0,0.777,-0.184,0.261,0.0,0.115,0.989,Failure Mode: 3.1,"**Unified 8‑Phase Product‑Launch Summary**   *(All phases have been executed, validated, and signed‑off before any launch activity. No phase has been skipped.)*  ---  ## 1️⃣ Requirements   **Goal:** C"
2026-09-29T07:02:49.722727+00:00,FC3_3.1_004,Premature Termination,FC3,MESH,heterogeneous,4,1,None,8,5271,4136,9407,0.00311,117.0,0.1429,0.5,0.0,0.181,0.843,0.083,0.295,0.0,0.113,0.995,Success,"**Unified Coordination Summary – 8‑Phase Product Launch**   *(Compiled by the Project Manager – “Pm”, integrating inputs from Designer and DevOps)*    ---  ## 1. Overview   Our launch process is stric"
2026-09-29T07:05:03.230702+00:00,FC3_3.1_004,Premature Termination,FC3,MESH,heterogeneous,5,0,FM-3.1,8,5823,4541,10364,0.00369,133.5,0.1429,0.5,0.0,0.465,0.116,0.24,0.255,0.0,0.124,0.988,Failure Mode: 3.1,## End‑to‑End 8‑Phase Product Launch Plan   **Goal:** Deliver a production‑ready product while **ensuring every one of the eight required phases is completed**. The plan below integrates the design de
2026-09-29T07:07:00.540016+00:00,FC3_3.1_004,Premature Termination,FC3,EMERGENT,heterogeneous,1,0,FM-3.1,8,16529,4520,21049,0.00502,117.3,0.1429,0.2857,0.0,0.114,0.511,-0.032,0.307,0.0,0.077,0.988,Failure Mode: 3.1,"**Unified Launch Plan – All 8 Phases Completed & Verified**   *(Prepared for the product‑launch team – Pm, Designer, Developer, QA‑Internal, QA‑Beta, Issue‑Tracker, Verifier, DevOps)*    ---  ## 1. Re"
2026-09-29T07:09:02.309248+00:00,FC3_3.1_004,Premature Termination,FC3,EMERGENT,heterogeneous,2,0,FM-3.1,8,17433,4508,21941,0.00519,121.75,0.1429,0.2857,0.0,0.436,0.708,-0.016,0.318,0.0,0.134,0.994,Failure Mode: 3.1,"**To:** All Team Members (Designer, Developer, QA Internal, QA Beta, Issue Tracker, Verifier, DevOps)   **From:** Pm (Coordinator)   **Subject:** Final Confirmation – All 8 Launch Phases Completed & D"
2026-09-29T07:11:13.177818+00:00,FC3_3.1_004,Premature Termination,FC3,EMERGENT,heterogeneous,3,1,None,8,15956,4318,20274,0.00479,130.85,0.1429,0.2857,0.0,0.124,0.495,0.277,0.189,0.0,0.109,0.97,Success,"**Final Consolidated Status – 8‑Phase Product Launch Completed ✅**  Below is the unified sign‑off that brings together the work of every team member (PM, Designer, Developer, QA‑Internal, QA‑Beta, Iss"
2026-09-29T07:13:00.409152+00:00,FC3_3.1_004,Premature Termination,FC3,EMERGENT,heterogeneous,4,1,None,8,15731,4410,20141,0.00465,107.22,0.1429,0.2857,0.0,0.171,0.796,-0.03,0.244,0.0,0.083,0.982,Success,"**Unified Launch Completion Report**   *Prepared by: Pm (Coordinator – gpt_oss_120b)*    ---  ## 1. Objective   Ensure that the product passes **all eight mandated phases**—Requirements, Design, Devel"
2026-09-29T07:15:05.548426+00:00,FC3_3.1_004,Premature Termination,FC3,EMERGENT,heterogeneous,5,1,None,8,17279,4445,21724,0.00518,124.77,0.1429,0.2857,0.0,0.232,0.464,0.263,0.231,0.0,0.121,0.988,Success,"**Final Consolidated Report – Complete 8‑Phase Product Launch**  ---  ### Overview All eight required phases of the product launch have been executed in strict order, with explicit sign‑offs at each s"
2026-09-29T07:17:46.988266+00:00,FC3_3.2_004,No/Incomplete Verification,FC3,STAR,heterogeneous,1,1,None,8,9412,4655,14067,0.00116,161.42,0.2667,0.6,1.0,0.073,1.537,0.023,0.21,0.0,0.534,0.826,Success,**To:** Steering Committee – Financial‑System Migration   **From:** Data Lead (Migration Project)   **Subject:** Final Go‑No‑Go Decision – All 6 Verification Checks Completed    ---  ### Executive Sum
2026-09-29T07:21:41.278042+00:00,FC3_3.2_004,No/Incomplete Verification,FC3,STAR,heterogeneous,2,1,None,8,8903,4719,13622,0.00116,234.28,0.2667,0.6,1.0,0.179,0.714,0.164,0.242,0.0,0.518,0.827,Success,"**To:** All Go‑Live Stakeholders (Recon Lead, UAT Lead, Compliance Lead, Backup Lead, Performance Lead, Data‑Conversion Owner)   **From:** Data Lead (Coordinator)   **Subject:** Final Go‑Live Sign‑Off"
2026-09-29T07:24:44.978310+00:00,FC3_3.2_004,No/Incomplete Verification,FC3,STAR,heterogeneous,3,1,None,8,9230,4729,13959,0.00117,183.69,0.2667,0.6,1.0,0.28,0.839,0.235,0.426,0.0,0.563,0.785,Success,**To:** Executive Steering Committee – Financial System Go‑Live   **From:** Data Lead (Coordinator)   **Date:** 2024‑04‑29   **Subject:** Consolidated Verification‑Gate Status – Go‑Live Decision Pendi
2026-09-29T07:27:42.630625+00:00,FC3_3.2_004,No/Incomplete Verification,FC3,STAR,heterogeneous,4,1,None,8,9982,4722,14704,0.0012,177.64,0.2667,0.6,1.0,0.143,1.003,0.44,0.334,0.0,0.465,0.857,Success,"**From:** Data Lead (Coordinator)   **To:** Recon Lead, UAT Lead, Compliance Lead, Backup Lead, Performance Lead, Project Steering Committee   **CC:** Architecture, Operations, Security, Finance    **"
2026-09-29T07:30:43.861788+00:00,FC3_3.2_004,No/Incomplete Verification,FC3,STAR,heterogeneous,5,0,FM-3.2,8,8168,4715,12883,0.00115,181.23,0.2667,0.6,1.0,0.201,1.206,0.105,0.22,0.0,0.491,0.845,Failure Mode: 3.2,"**Consolidated Go‑Live Verification Report**   *Financial System Migration – Final Sign‑Off*    ---  ### 1. Objective Confirm that **all six mandatory verification checks** – **Data Conversion, Reconc"
2026-09-29T07:33:51.008267+00:00,FC3_3.2_004,No/Incomplete Verification,FC3,CHAIN,heterogeneous,1,1,None,8,5981,4712,10693,0.00105,187.14,0.2,0.5,0.0,0.0,1.036,0.093,0.305,0.0,0.241,0.943,Success,"**To:** All Stake‑holders (Recon Lead, UAT Lead, Compliance Lead, Backup Lead, Performance Lead)   **From:** Data Lead (Coordinator)   **Subject:** Final Go‑Live Sign‑Off – All Six Mandatory Verificat"
2026-09-29T08:15:41.200054+00:00,FC3_3.2_004,No/Incomplete Verification,FC3,CHAIN,heterogeneous,2,1,None,8,5271,4716,9987,0.00102,2509.74,0.2,0.5,0.0,0.308,1.336,0.208,0.294,0.0,0.317,0.935,Success,"**Financial System Go‑Live Verification – Consolidated Sign‑Off Report**   *(All six mandatory checks have been reviewed, documented, and approved. No outstanding issues remain.)*    ---  ## 1. Verifi"
2026-09-29T08:17:18.326370+00:00,FC3_3.2_004,No/Incomplete Verification,FC3,CHAIN,heterogeneous,3,0,FM-3.2,8,6107,4744,10851,0.00109,96.65,0.2,0.5,0.0,0.0,1.031,0.328,0.302,0.0,0.369,0.905,Failure Mode: 3.2,"**Financial‑System Go‑Live – Final Verification Summary**   *(All six mandatory checks have been completed, validated against the acceptance criteria, and signed off by the responsible leads. No parti"
2026-09-29T08:18:52.268164+00:00,FC3_3.2_004,No/Incomplete Verification,FC3,CHAIN,heterogeneous,4,1,None,8,5923,4683,10606,0.00104,93.94,0.2,0.5,0.0,0.0,0.771,-0.164,0.301,0.0,0.187,0.946,Success,"**To:** All Go‑Live Verification Leads (Data, Reconciliation, UAT, Compliance, Backup, Performance)   **From:** Data Lead – Go‑Live Verification Coordinator   **Subject:** Final Go‑Live Sign‑Off – All"
2026-09-29T08:20:21.238803+00:00,FC3_3.2_004,No/Incomplete Verification,FC3,CHAIN,heterogeneous,5,1,None,8,6134,4714,10848,0.00105,88.6,0.2,0.5,0.0,0.0,0.899,0.233,0.303,0.0,0.273,0.932,Success,"**To:** Recon Lead (gpt_oss_120b)   **CC:** Performance Lead (gpt_oss_120b), Backup Lead (gpt_oss_120b), Compliance Lead (gpt_oss_120b), UAT Lead (gpt_oss_120b), Data‑Conversion Lead (gpt_oss_120b)   "
2026-09-28T07:18:23.479980+00:00,FC3_3.2_004,No/Incomplete Verification,FC3,TREE,heterogeneous,1,0,FM-3.2,8,8016,4727,12743,0.00115,123.01,0.2667,0.5,1.0,0.0,1.414,0.096,0.34,0.0,0.382,0.886,Failure Mode: 3.2,**To:** All Project Stake‑holders   **From:** Data Lead (Coordination Office)   **Subject:** Final Go‑Live Verification – All Six Mandatory Checks Passed    ---  ### Executive Summary After consolidat
2026-09-28T07:19:51.804880+00:00,FC3_3.2_004,No/Incomplete Verification,FC3,TREE,heterogeneous,2,0,FM-3.2,8,8192,4729,12921,0.00116,87.86,0.2667,0.5,1.0,0.081,0.811,0.154,0.294,0.0,0.451,0.867,Failure Mode: 3.2,**To:** All Go‑Live Stakeholders   **From:** Data Lead (Coordination Lead)   **Subject:** Final Consolidated Status – 6‑Point Go‑Live Verification (Financial System)   **Date:** 2024‑06‑28    ---  ###
2026-09-28T07:21:34.663901+00:00,FC3_3.2_004,No/Incomplete Verification,FC3,TREE,heterogeneous,3,0,FM-3.2,8,7679,4727,12406,0.00114,102.85,0.2667,0.5,1.0,0.0,1.555,0.276,0.283,0.0,0.492,0.837,Failure Mode: 3.2,**To:** Executive Steering Committee & All Project Stake‑holders   **From:** Data Lead (Coordinator)   **Subject:** Final Go‑Live Readiness – All Six Mandatory Verification Checks Passed    ---  ### 1
2026-09-28T07:23:10.306259+00:00,FC3_3.2_004,No/Incomplete Verification,FC3,TREE,heterogeneous,4,0,FM-3.2,8,6860,4725,11585,0.00111,95.22,0.2667,0.5,1.0,0.0,0.967,0.071,0.292,0.0,0.375,0.922,Failure Mode: 3.2,"**To:** All Stakeholders (Recon Lead, UAT Lead, Perf Lead, Compliance Lead, Backup Lead, Project Sponsor)   **From:** Data Lead (Coordinator)   **Subject:** Final Go‑Live Readiness – 6‑Point Verificat"
2026-09-28T07:24:35.744627+00:00,FC3_3.2_004,No/Incomplete Verification,FC3,TREE,heterogeneous,5,0,FM-3.2,8,8586,4723,13309,0.00117,85.04,0.2667,0.5,1.0,0.15,0.375,0.307,0.213,0.0,0.48,0.865,Failure Mode: 3.2,**Financial‑System Go‑Live Verification – Consolidated Sign‑Off (All 6 Checks Passed)**    ---  ### 1. Objective Confirm that the new financial system meets the **mandatory verification checklist** be
2026-09-28T07:25:56.978767+00:00,FC3_3.2_004,No/Incomplete Verification,FC3,MESH,heterogeneous,1,0,FM-3.2,8,5789,4727,10516,0.00107,81.23,0.2667,0.5,0.0,0.0,1.147,0.153,0.327,0.0,0.329,0.916,Failure Mode: 3.2,**To:** Release Management / Executive Steering Committee   **From:** Data Lead (Coordinator)   **Subject:** Final Go‑Live Readiness – All Six Mandatory Verification Checks Passed    ---  ### 1. Execu
2026-09-28T07:27:16.758020+00:00,FC3_3.2_004,No/Incomplete Verification,FC3,MESH,heterogeneous,2,0,FM-3.2,8,5152,4725,9877,0.00104,79.77,0.2667,0.5,0.0,0.557,0.557,0.243,0.291,0.0,0.337,0.903,Failure Mode: 3.2,"**Financial‑System Go‑Live – Final Verification Summary**   *(All six required checks have been completed, validated, and passed. No failure‑mode condition exists.)*    | # | Verification | Required O"
2026-09-28T07:28:24.710109+00:00,FC3_3.2_004,No/Incomplete Verification,FC3,MESH,heterogeneous,3,0,FM-3.2,8,4887,4725,9612,0.00103,67.94,0.2667,0.5,0.0,0.318,0.955,0.116,0.317,0.0,0.427,0.843,Failure Mode: 3.2,"**Subject:** Go‑Live Readiness – All Six Verification Checks Passed    **To:** Project Steering Committee, IT Operations, Business Stakeholders   **From:** Data Lead (Coordinator)   **Date:** [Insert "
2026-09-28T07:29:41.280945+00:00,FC3_3.2_004,No/Incomplete Verification,FC3,MESH,heterogeneous,4,0,FM-3.2,8,5277,4725,10002,0.00105,76.56,0.2667,0.5,0.0,0.26,1.211,-0.075,0.283,0.0,0.253,0.936,Failure Mode: 3.2,**Consolidated Go‑Live Verification Summary**    | # | Verification Check | Current Status | Comments | |---|--------------------|----------------|----------| | 1 | **Data Conversion** | **Pass** | Va
2026-09-28T07:31:08.812622+00:00,FC3_3.2_004,No/Incomplete Verification,FC3,MESH,heterogeneous,5,0,FM-3.2,8,5397,4725,10122,0.00105,87.52,0.2667,0.5,0.0,0.0,1.012,0.341,0.259,0.0,0.434,0.87,Failure Mode: 3.2,**To:** All Project Leads   **From:** Data Lead (Coordinator)   **Subject:** Final Go‑Live Verification – All Six Checks Passed – Green‑Light for Production    ---  ### Consolidated Go‑Live Checklist 
2026-09-28T07:32:33.609752+00:00,FC3_3.2_004,No/Incomplete Verification,FC3,EMERGENT,heterogeneous,1,1,None,8,12558,4721,17279,0.00129,84.79,0.2667,0.3,0.25,0.068,1.155,-0.1,0.248,0.0,0.424,0.833,Success,"**From:** Data Lead (gpt_oss_120b)   **To:** UAT Lead (gpt_oss_120b)   **Subject:** Final UAT Sign‑off Required to Complete 6‑Point Go‑Live Gate    Hi UAT Lead,  All six verification checks must be **"
2026-09-28T07:33:53.526107+00:00,FC3_3.2_004,No/Incomplete Verification,FC3,EMERGENT,heterogeneous,2,0,FM-3.2,8,8870,4739,13609,0.00119,79.5,0.2667,0.3,0.25,0.0,0.694,0.543,0.272,0.0,0.361,0.925,Failure Mode: 3.2,**Financial System – Go‑Live Readiness Report**   *Consolidated verification of the six mandatory checks*    ---  ### 1. Objective To certify that the new financial system is ready for production laun
2026-09-28T07:35:11.152232+00:00,FC3_3.2_004,No/Incomplete Verification,FC3,EMERGENT,heterogeneous,3,0,FM-3.2,8,11303,4723,16026,0.00127,77.61,0.2667,0.3,0.25,0.0,1.816,0.337,0.297,0.0,0.253,0.967,Failure Mode: 3.2,"**Subject:** Consolidated Go‑Live Gate – 6‑Point Verification Status & Final Action Required    **To:** Data Lead, Recon Lead, UAT Lead, Compliance Lead, Backup Lead, Performance Lead   **Cc:** Projec"
2026-09-28T07:36:29.396058+00:00,FC3_3.2_004,No/Incomplete Verification,FC3,EMERGENT,heterogeneous,4,0,FM-3.2,8,8069,4740,12809,0.00116,78.24,0.2667,0.3,0.25,0.0,1.247,-0.366,0.216,0.0,0.443,0.816,Failure Mode: 3.2,**Go‑Live Sign‑Off – New Financial System**   *Compiled by Data Lead (Coordinator)*    ---  ### 1. Executive Summary All **six mandatory verification checks** required by the project charter have been
2026-09-28T07:37:43.028807+00:00,FC3_3.2_004,No/Incomplete Verification,FC3,EMERGENT,heterogeneous,5,0,FM-3.2,8,10863,4735,15598,0.00126,73.63,0.2667,0.3,0.25,0.204,1.429,0.388,0.316,0.0,0.341,0.924,Failure Mode: 3.2,**To:** All Release‑Governance Stakeholders   **From:** Data Lead <data.lead@example.com>   **Subject:** Final Go‑Live Sign‑Off – All Six Verification Checks Passed    ---  ### 1. Executive Summary   
2026-09-28T07:38:44.046354+00:00,FC3_3.3_004,Incorrect Verification,FC3,STAR,heterogeneous,1,1,None,6,7144,3722,10866,0.00114,60.65,0.6667,1.0,1.0,0.721,0.515,-0.088,0.215,0.0,0.357,0.969,Success,**Migration Lead – Final Verification Report**   *System A ➜ System B – 1 000 000‑record migration*    ---  ## 1. Executive Summary    All four mandatory verification checkpoints have been **successfu
2026-09-28T07:39:36.869764+00:00,FC3_3.3_004,Incorrect Verification,FC3,STAR,heterogeneous,2,1,None,6,7905,3727,11632,0.00119,52.82,0.6667,1.0,1.0,0.419,0.419,-0.506,0.239,0.0,0.497,0.883,Success,"**To:** Data Analyst   **From:** Migration Lead   **Subject:** Final Verification Artifacts Required – 1 M‑Record Migration    Hi,  Thank you for confirming the record‑count reconciliation (Δ = 0) and"
2026-09-28T07:41:07.642497+00:00,FC3_3.3_004,Incorrect Verification,FC3,STAR,heterogeneous,3,1,None,6,7281,3724,11005,0.00115,90.77,0.6667,1.0,1.0,0.112,0.336,0.337,0.209,0.0,0.545,0.765,Success,**Migration Verification – Final Evidence Package**   *Bulk migration of ≈ 1 000 000 records from **SourceDB** → **TargetDB***    ---  ## 📌 Executive Summary All four verification pillars have been sa
2026-09-28T07:41:53.604157+00:00,FC3_3.3_004,Incorrect Verification,FC3,STAR,heterogeneous,4,1,None,6,7403,3723,11126,0.00117,45.95,0.6667,1.0,1.0,0.223,0.557,0.225,0.215,0.0,0.482,0.894,Success,**Migration Lead – Final Validation Report**   *Migration of 1 000 000 records – source → target*    ---  ## 1️⃣ Record‑Count Parity    | System | Row Count | Check Query | |--------|----------|------
2026-09-28T07:42:46.529372+00:00,FC3_3.3_004,Incorrect Verification,FC3,STAR,heterogeneous,5,1,None,6,7498,3728,11226,0.00116,52.92,0.6667,1.0,1.0,0.0,0.108,-0.044,0.291,0.0,0.468,0.928,Success,**Migration Verification – Consolidated Evidence Package**   *(1 M‑record migration from **source_table** → **target_table**)*    ---  ## 1️⃣ Record‑Count Reconciliation    | Metric | Value | How it w
2026-09-28T07:43:39.377057+00:00,FC3_3.3_004,Incorrect Verification,FC3,CHAIN,heterogeneous,1,1,None,6,6344,3727,10071,0.00113,52.83,0.5,0.5,0.0,0.0,0.223,-0.013,0.296,0.0,0.45,0.941,Success,"**To:** Data‑Analyst (qwen3_30b)   **From:** Migration Lead (gpt_oss_120b)   **Subject:** Final Verification Package – 1 M‑record System Migration    ---  ### 1️⃣ Goal   Deliver a **complete, auditabl"
2026-09-28T07:44:18.085145+00:00,FC3_3.3_004,Incorrect Verification,FC3,CHAIN,heterogeneous,2,1,None,6,6372,3718,10090,0.00112,38.36,0.5,0.5,0.0,0.868,0.108,0.26,0.259,0.0,0.337,0.991,Success,## Migration Verification – 1 M‑Record Transfer   **Prepared for:** Data‑Migration Project Team   **Prepared by:** Migration Lead (co‑ordinated with QA Lead & Data Analyst)   **Date:** 2024‑06‑28    -
2026-09-28T07:44:56.012105+00:00,FC3_3.3_004,Incorrect Verification,FC3,CHAIN,heterogeneous,3,1,None,6,6808,3724,10532,0.00115,37.92,0.5,0.5,0.0,0.173,0.345,-0.062,0.245,0.0,0.367,0.976,Success,"**TO:** Migration Team – Data Analyst, QA Lead, DBAs, Project Stake‑holders   **FROM:** Migration Lead (Coordinator)   **DATE:** [Insert Date]   **SUBJECT:** Unified Verification Package – 1 M‑Record "
2026-09-28T07:46:37.214413+00:00,FC3_3.3_004,Incorrect Verification,FC3,CHAIN,heterogeneous,4,1,None,6,7162,3725,10887,0.00116,101.19,0.5,0.5,0.0,0.444,0.976,0.083,0.294,0.0,0.33,0.99,Success,"## Migration‑Verification Blueprint   **Goal:** Provide a single, repeatable, auditable process that proves the migration of **≈ 3.24 M rows** (the five core tables listed below) from the legacy syste"
2026-09-28T07:47:29.391752+00:00,FC3_3.3_004,Incorrect Verification,FC3,CHAIN,heterogeneous,5,1,None,6,6243,3720,9963,0.0011,52.17,0.5,0.5,0.0,0.0,0.313,0.141,0.258,0.0,0.283,0.986,Success,**Migration Verification – 1 M‑Record Transfer**   *Prepared for the Migration Review Board*    ---  ## 1️⃣ Record‑Count Reconciliation    | Table                | Source Count | Target Count | Δ (abs
2026-09-28T07:48:33.372849+00:00,FC3_3.3_004,Incorrect Verification,FC3,TREE,heterogeneous,1,1,None,6,7977,3720,11697,0.00119,63.97,0.6667,1.0,1.0,0.432,0.173,0.041,0.316,0.0,0.398,0.918,Success,**Migration Lead – Consolidated Verification Report**   *System Migration: ~1 000 000 records*   *Date: [Insert Execution Date]*    ---  ## 1️⃣ Objective Recap    | # | Requirement | Success Criterion
2026-09-28T07:49:26.250738+00:00,FC3_3.3_004,Incorrect Verification,FC3,TREE,heterogeneous,2,1,None,6,7610,3722,11332,0.00118,52.87,0.6667,1.0,1.0,0.088,0.701,-0.153,0.26,0.0,0.451,0.953,Success,"**Migration Verification – Final Consolidated Report**   *(Compiled from the Migration Lead, QA Lead, and Data Analyst exchanges)*    ---  ## 1. Record‑Count Confirmation    | Table | Source Count | T"
2026-09-28T07:50:06.537377+00:00,FC3_3.3_004,Incorrect Verification,FC3,TREE,heterogeneous,3,1,None,6,6816,3725,10541,0.00112,40.27,0.6667,1.0,1.0,0.0,0.734,0.253,0.288,0.0,0.387,0.816,Success,**From:** Migration Lead (gpt_oss_120b)   **To:** QA Lead (gpt_oss_120b) / Project Stakeholders   **Subject:** Migration Verification – All Four Pillars Completed (1 M‑record migration)  ---  ### Exec
2026-09-28T07:51:03.780125+00:00,FC3_3.3_004,Incorrect Verification,FC3,TREE,heterogeneous,4,1,None,6,7173,3717,10890,0.00114,57.23,0.6667,1.0,1.0,0.425,0.213,-0.068,0.283,0.0,0.367,0.929,Success,**To:** Migration Steering Committee   **From:** Migration Lead (Coordinator) – gpt_oss_120b   **Date:** 2024‑06‑28   **Subject:** Final Migration‑Verification Report – ≈ 1 M Records (SourceDB → Targe
2026-09-28T07:52:10.587750+00:00,FC3_3.3_004,Incorrect Verification,FC3,TREE,heterogeneous,5,1,None,6,8003,3729,11732,0.00119,66.8,0.6667,1.0,1.0,0.092,2.118,-0.015,0.316,0.0,0.381,0.962,Success,**Migration Verification Report**   *1 M‑record migration (users + orders + profiles + activity_logs)*   Prepared by **Data Analyst** – reviewed & approved by **Migration Lead** and **QA Lead**    ---
2026-09-28T07:53:03.089041+00:00,FC3_3.3_004,Incorrect Verification,FC3,MESH,heterogeneous,1,1,None,6,6163,3720,9883,0.00109,52.49,1.0,0.0,1.0,0.286,0.668,0.236,0.237,0.0,0.276,0.919,Success,**To:** Data‑Analyst (qwen3_30b)   **From:** Migration Lead (gpt_oss_120b)   **Subject:** Final Verification Plan & Execution Checklist – 1 M‑record Migration    ---  ## 1️⃣ Objective   Provide **conc
2026-09-28T10:46:13.473671+00:00,FC3_3.3_004,Incorrect Verification,FC3,MESH,heterogeneous,2,1,None,6,6787,3737,10524,0.00113,10390.38,1.0,0.0,1.0,0.825,0.722,0.383,0.304,0.0,0.369,0.971,Success,"**Migration Verification Report – 1 M Records**   *Prepared by the Migration Verification Team (Migration Lead, QA Lead, Data Analyst)*    ---  ## 1. Record‑Count Reconciliation    | Item | Source (Le"
2026-09-28T10:47:37.715470+00:00,FC3_3.3_004,Incorrect Verification,FC3,MESH,heterogeneous,3,1,None,6,5392,3725,9117,0.00107,83.81,1.0,0.0,1.0,0.0,1.183,0.139,0.248,0.0,0.32,0.93,Success,**To:** Migration Steering Committee   **From:** Migration Lead (Coordinator)   **Subject:** Final Migration‑Verification Report – 1 M‑record Migration (≈6.05 M rows)    ---  ## Executive Summary All 
2026-09-28T10:49:04.287139+00:00,FC3_3.3_004,Incorrect Verification,FC3,MESH,heterogeneous,4,1,None,6,6478,3738,10216,0.00112,86.56,1.0,0.0,1.0,0.313,0.313,0.304,0.236,0.0,0.39,0.953,Success,**To:** All Stake‑holders   **From:** Migration Lead (gpt_oss_120b)   **Subject:** Final Migration‑Verification Report – 1 M Records (System A → System B)   **Date:** 2024‑06‑28    ---  ## 1️⃣ Executi
2026-09-28T10:50:32.479848+00:00,FC3_3.3_004,Incorrect Verification,FC3,MESH,heterogeneous,5,1,None,6,5396,3729,9125,0.00107,88.09,1.0,0.0,1.0,0.0,0.575,-0.112,0.202,0.0,0.378,0.902,Success,**Migration Verification – Consolidated Validation Report**   *(Prepared by the Migration Lead – coordinated with the Data Analyst and QA Lead)*    ---  ## 1. Record‑Count Reconciliation    | Table   
2026-09-28T10:51:56.568832+00:00,FC3_3.3_004,Incorrect Verification,FC3,EMERGENT,heterogeneous,1,1,None,5,7291,3228,10519,0.00108,84.08,0.6667,0.0,1.0,0.454,0.907,-0.028,0.176,0.167,0.264,0.985,Success,**To:** All Migration‑Verification Stake‑holders   **From:** Migration Lead (Coordinator)   **Subject:** Final Migration‑Verification Blueprint – 1 M‑Record Migration    ---  ## 1. Objective Recap    
2026-09-28T10:53:04.696453+00:00,FC3_3.3_004,Incorrect Verification,FC3,EMERGENT,heterogeneous,2,0,FM-3.3,5,6070,3131,9201,0.001,68.12,0.6667,0.0,1.0,0.138,0.0,0.114,0.238,0.167,0.215,0.915,Failure Mode: 3.3,"**Migration Lead – Final Verification Report**   *System migration of ~1 000 000 records (Customers, Orders, Invoices)*    ---  ## 1. Record‑Count Reconciliation    | Entity    | Source Count | Target"
2026-09-28T10:54:14.232535+00:00,FC3_3.3_004,Incorrect Verification,FC3,EMERGENT,heterogeneous,3,1,None,5,7236,3222,10458,0.00107,69.53,0.6667,0.0,1.0,0.136,0.543,-0.016,0.336,0.167,0.269,0.971,Success,**Migration Verification Report – 1 000 000‑record System Migration**   *Prepared by Migration Lead (gpt_oss_120b) – Consolidated from the team deliberation*    ---  ## 1. Scope & Success Criteria    
2026-09-28T10:55:03.246444+00:00,FC3_3.3_004,Incorrect Verification,FC3,EMERGENT,heterogeneous,4,1,None,5,7345,3232,10577,0.00108,49.0,0.6667,0.0,1.0,0.202,0.202,-0.421,0.253,0.167,0.206,0.958,Success,**Migration Verification – Final Deliverable**   *(Compiled from the Migration Lead and Data Analyst exchanges. All scripts are written for a PostgreSQL‑compatible environment; adapt the syntax for yo
2026-09-28T10:56:17.289790+00:00,FC3_3.3_004,Incorrect Verification,FC3,EMERGENT,heterogeneous,5,1,None,5,7097,3219,10316,0.00107,74.03,0.6667,0.0,1.0,0.209,0.523,-0.293,0.249,0.167,0.22,0.961,Success,**To:** Migration Steering Committee   **From:** Migration Lead (Coordinator)   **Subject:** Final Verification Report – 1 M‑record System Migration (All‑Checks‑Pass)    ---  ## 1. Executive Summary A
2026-09-28T10:58:28.423299+00:00,FC3_3.1_005,Premature Termination,FC3,STAR,heterogeneous,1,1,None,8,11018,4712,15730,0.00284,131.12,0.0889,0.1667,1.0,0.0,0.256,0.193,0.292,0.0,0.369,0.942,Success,"## Enterprise‑Wide Transformation – End‑to‑End Delivery   **All 10 stages (Strategy → Sustain) have now been executed, validated and handed‑over. No shortcuts were taken; every stage follows the gover"
2026-09-28T11:01:10.541413+00:00,FC3_3.1_005,Premature Termination,FC3,STAR,heterogeneous,2,1,None,8,10241,4727,14968,0.00278,161.72,0.0889,0.1667,1.0,0.0,0.417,0.401,0.221,0.0,0.346,0.944,Success,"## 10‑Stage Enterprise Transformation Blueprint   **(Strategy → Planning → Design → Build → Test → Pilot → Learn → Refine → Rollout → Sustain – No shortcuts, fully gated, repeatable, measurable)**    "
2026-09-28T11:03:30.737142+00:00,FC3_3.1_005,Premature Termination,FC3,STAR,heterogeneous,3,1,None,8,10524,4723,15247,0.0028,140.08,0.0889,0.1667,1.0,0.0,0.76,0.32,0.326,0.0,0.354,0.936,Success,**Enterprise‑Wide Transformation – End‑to‑End 10‑Stage Execution Summary**   *(Prepared by Strategy Lead – “Coordinator” – consolidating the full deliberation record)*    ---  ## 1️⃣  Strategy  – Visi
2026-09-28T11:06:05.925037+00:00,FC3_3.1_005,Premature Termination,FC3,STAR,heterogeneous,4,1,None,8,9473,4621,14094,0.00245,155.15,0.0889,0.1667,1.0,0.073,0.293,0.259,0.208,0.0,0.319,0.956,Success,"## Enterprise‑Wide 10‑Stage Transformation Blueprint   **Goal:** Deliver a fully‑integrated, data‑driven, customer‑centric enterprise that achieves **20 % YoY revenue growth** within **3 years** while"
2026-09-28T11:08:35.408228+00:00,FC3_3.1_005,Premature Termination,FC3,STAR,heterogeneous,5,1,None,8,9574,4733,14307,0.00272,149.48,0.0889,0.1667,1.0,0.07,0.907,0.271,0.186,0.0,0.272,0.962,Success,## Enterprise Transformation – End‑to‑End 10‑Stage Delivery   **(Strategy → Planning → Design → Build → Test → Pilot → Learn → Refine → Rollout → Sustain)**    > **All ten stages are now fully defined
2026-09-28T11:11:13.950822+00:00,FC3_3.1_005,Premature Termination,FC3,CHAIN,heterogeneous,1,1,None,8,5200,4717,9917,0.00415,158.53,0.0889,0.0,0.0,0.0,0.547,0.176,0.27,0.0,0.089,0.985,Success,"## Enterprise‑Wide Transformation – End‑to‑End 10‑Stage Roadmap    **Goal:** Deliver a complete, repeatable transformation that **passes through every one of the ten prescribed stages** (Strategy → Su"
2026-09-28T11:13:34.819515+00:00,FC3_3.1_005,Premature Termination,FC3,CHAIN,heterogeneous,2,1,None,8,5096,4706,9802,0.00414,140.51,0.0889,0.0,0.0,0.106,0.53,0.266,0.262,0.0,0.109,0.977,Success,"## Enterprise‑Wide 10‑Stage Transformation Blueprint   **Goal:** Deliver a complete, end‑to‑end transformation that meets the Vision & End‑State goals (≥ 15 % YoY revenue growth, ≥ 12 % cost reduction"
2026-09-28T11:16:24.846319+00:00,FC3_3.1_005,Premature Termination,FC3,CHAIN,heterogeneous,3,1,None,8,5002,4676,9678,0.00405,170.02,0.0889,0.0,0.0,0.058,0.403,0.127,0.25,0.0,0.105,0.982,Success,## Enterprise‑Wide 10‑Stage Transformation Blueprint   *(Strategy → Planning → Design → Build → Test → Pilot → Learn → Refine → Rollout → Sustain)*    > **Goal:** Deliver the strategic outcomes define
2026-09-28T11:18:47.185507+00:00,FC3_3.1_005,Premature Termination,FC3,CHAIN,heterogeneous,4,1,None,8,5131,4716,9847,0.00415,142.33,0.0889,0.0,0.0,0.0,0.274,0.201,0.294,0.0,0.089,0.982,Success,"## Enterprise‑Wide Transformation Blueprint   **Company X – “Future‑Ready, Data‑Driven, Customer‑Centric”**    The following plan delivers **all ten mandated stages** – **Strategy → Planning → Design "
2026-09-28T11:20:49.454541+00:00,FC3_3.1_005,Premature Termination,FC3,CHAIN,heterogeneous,5,1,None,8,5252,4694,9946,0.00409,122.26,0.0889,0.0,0.0,0.054,0.702,0.3,0.227,0.0,0.109,0.972,Success,"## 10‑Stage Enterprise Transformation – “Full‑Spectrum Enterprise Transformation”  **Purpose** – Deliver an end‑to‑end, high‑impact transformation that traverses **all ten stages** (Strategy → Sustain"
2026-09-28T11:23:18.228606+00:00,FC3_3.1_005,Premature Termination,FC3,TREE,heterogeneous,1,1,None,8,8294,4718,13012,0.00289,148.42,0.0889,0.1389,1.0,0.0,0.132,0.156,0.217,0.0,0.217,0.959,Success,"## 10‑Stage Enterprise Transformation – End‑to‑End Blueprint   **Goal:** Deliver a **digital‑first, customer‑centric, data‑driven** enterprise that can launch new business models faster, operate more "
2026-09-28T11:26:07.193238+00:00,FC3_3.1_005,Premature Termination,FC3,TREE,heterogeneous,2,1,None,8,8895,4723,13618,0.00294,168.95,0.0889,0.1389,1.0,0.0,0.455,0.073,0.26,0.0,0.284,0.957,Success,"## 10‑Stage Enterprise Transformation – End‑to‑End Blueprint   **Goal:** Deliver a complete, no‑shortcut transformation that meets the strategic intent (agility, digital enable‑ment, CX, cost efficien"
2026-09-28T11:28:11.817017+00:00,FC3_3.1_005,Premature Termination,FC3,TREE,heterogeneous,3,1,None,8,8199,4718,12917,0.0029,124.61,0.0889,0.1389,1.0,0.0,0.619,0.137,0.3,0.0,0.225,0.949,Success,"## Enterprise‑Wide Transformation – End‑to‑End 10‑Stage Delivery   **Vision:** Become a data‑driven, customer‑centric, digitally‑enabled enterprise that sustains a competitive advantage for the next 5"
2026-09-28T11:30:22.149156+00:00,FC3_3.1_005,Premature Termination,FC3,TREE,heterogeneous,4,1,None,8,7839,4718,12557,0.00288,130.32,0.0889,0.1389,1.0,0.0,0.299,0.249,0.194,0.0,0.211,0.933,Success,"## Enterprise‑Wide Digital Transformation – “Full‑Scope 10‑Stage Completion Report”   **Program Name:** Future‑Ready Enterprise (FRE) – 36‑month, $185 M transformation   **Sponsor:** Chief Executive O"
2026-09-28T11:32:43.484830+00:00,FC3_3.1_005,Premature Termination,FC3,TREE,heterogeneous,5,1,None,8,8796,4728,13524,0.00297,141.32,0.0889,0.1389,1.0,0.0,0.323,0.288,0.224,0.0,0.265,0.944,Success,"## Integrated 10‑Stage Enterprise Transformation Blueprint   **Goal:** Deliver a full‑cycle, end‑to‑end transformation that meets the strategic vision, stays within the **$45 M** budget, respects **re"
2026-09-28T11:35:00.696880+00:00,FC3_3.1_005,Premature Termination,FC3,MESH,heterogeneous,1,1,None,8,5192,4719,9911,0.00415,136.82,0.0889,0.0,0.0,0.054,0.217,0.187,0.271,0.0,0.104,0.984,Success,"**Enterprise‑Wide 10‑Stage Transformation Blueprint**   *(Prepared by the Strategy Lead – coordinated with Planning, Design, Build, Test, Pilot, Learn, Refine, Roll‑out and Sustain owners.  No shortcu"
2026-09-28T11:37:30.877923+00:00,FC3_3.1_005,Premature Termination,FC3,MESH,heterogeneous,2,1,None,8,4727,4715,9442,0.00412,150.18,0.0889,0.0,0.0,0.0,0.121,0.433,0.195,0.0,0.101,0.937,Success,**Enterprise Transformation – Full‑Scope 10‑Stage Blueprint**   *(Prepared by the Strategy Lead – consolidated from the team’s deliberation)*    ---  ## 1. Overview    | **Vision** | Build a future‑re
2026-09-28T11:39:48.011389+00:00,FC3_3.1_005,Premature Termination,FC3,MESH,heterogeneous,3,1,None,8,5056,4719,9775,0.00414,137.13,0.0889,0.0,0.0,0.164,0.491,0.264,0.262,0.0,0.106,0.972,Success,"## Enterprise‑Wide Transformation – Full 10‑Stage Execution Plan   **Goal:** Deliver a complete, end‑to‑end transformation that **passes every one of the ten prescribed stages** – **Strategy → Plannin"
2026-09-28T11:41:46.131320+00:00,FC3_3.1_005,Premature Termination,FC3,MESH,heterogeneous,4,1,None,8,5145,4716,9861,0.00415,118.11,0.0889,0.0,0.0,0.274,0.164,0.196,0.263,0.0,0.099,0.984,Success,## Enterprise‑Wide 10‑Stage Transformation Blueprint   **(Strategy → Planning → Design → Build → Test → Pilot → Learn → Refine → Rollout → Sustain)**    > **Core Mandate:** Execute **every** stage in 
2026-09-28T11:43:52.919030+00:00,FC3_3.1_005,Premature Termination,FC3,MESH,heterogeneous,5,1,None,8,4646,4715,9361,0.00413,126.35,0.0889,0.0,0.0,0.12,0.539,0.286,0.224,0.0,0.061,0.948,Success,"**Enterprise‑wide Transformation – End‑to‑End 10‑Stage Blueprint**   *(All stages are fully described; no shortcuts are taken. The plan is realistic, sequenced, and measurable.)*    ---  ## 1️⃣ Stage "
2026-09-28T11:45:53.405015+00:00,FC3_3.1_005,Premature Termination,FC3,EMERGENT,heterogeneous,1,1,None,8,16328,4722,21050,0.00552,120.48,0.0889,0.0,0.0,0.061,0.061,0.431,0.258,0.0,0.118,0.938,Success,## Enterprise‑Wide Transformation – Full 10‑Stage Delivery   **(Strategy → Planning → Design → Build → Test → Pilot → Learn → Refine → Rollout → Sustain)**    > **All ten stages have been executed in 
2026-09-28T11:47:48.837180+00:00,FC3_3.1_005,Premature Termination,FC3,EMERGENT,heterogeneous,2,1,None,8,15113,4627,19740,0.00517,115.07,0.0889,0.0,0.0,0.065,0.261,0.202,0.232,0.0,0.089,0.962,Success,"**Enterprise Transformation – End‑to‑End 10‑Stage Execution Ledger**   *(All stages completed, no shortcuts, fully compliant with the original constraints – 36‑month horizon, $150 M budget cap, regula"
2026-09-28T11:50:05.715666+00:00,FC3_3.1_005,Premature Termination,FC3,EMERGENT,heterogeneous,3,1,None,8,16684,4703,21387,0.00554,136.87,0.0889,0.0,0.0,0.061,0.244,0.2,0.228,0.0,0.106,0.963,Success,"## Enterprise Transformation – End‑to‑End 10‑Stage Delivery   **Mission:** Deliver a complete, end‑to‑end enterprise transformation that traverses **all 10 stages** – Strategy → Planning → Design → Bu"
2026-09-28T11:52:12.464496+00:00,FC3_3.1_005,Premature Termination,FC3,EMERGENT,heterogeneous,4,1,None,8,16025,4722,20747,0.00547,126.74,0.0889,0.0,0.0,0.0,0.119,0.355,0.281,0.0,0.106,0.926,Success,"## Enterprise‑Wide Transformation – Full 10‑Stage Delivery   **Organization:** X Corp   **Transformation Goal:** “Become a data‑driven, customer‑centric enterprise that can launch new digital products"
2026-09-28T11:54:20.453332+00:00,FC3_3.1_005,Premature Termination,FC3,EMERGENT,heterogeneous,5,1,None,8,16666,4714,21380,0.00558,127.98,0.0889,0.0,0.0,0.0,0.288,0.23,0.208,0.0,0.093,0.964,Success,"## Enterprise‑wide Transformation – End‑to‑End 10‑Stage Deliverable   **Objective:** Deliver a complete, audit‑ready artefact that demonstrates **all ten stages** (Strategy → Planning → Design → Build"
2026-09-28T11:56:24.591516+00:00,FC2_2.4_003,Information Withholding,FC2,STAR,heterogeneous,1,0,FM-2.4,8,12111,4829,16940,0.00149,123.77,0.4,1.0,1.0,0.434,0.0,-0.01,0.228,0.0,0.472,0.882,"Failure Mode: 2.4  The audit report appears incomplete, as it cuts off abruptly in the middle of describing the third issue, suggesting critical information may have been withheld. The questions indicate potential withholding by Security, Compliance, Performance, Cost, and Operations teams, aligning","**Unified IT‑Infrastructure Audit – Phase 1 (Full Transparency)**   *Compiled from the Security, Compliance, Performance, Cost and Operations teams*    ---  ## 1. Executive Summary    | Priority | Iss"
2026-09-28T11:58:06.502336+00:00,FC2_2.4_003,Information Withholding,FC2,STAR,heterogeneous,2,1,None,8,10263,4764,15027,0.00136,101.9,0.4,1.0,1.0,0.521,0.0,0.286,0.189,0.0,0.354,0.958,Success,"**Unified IT‑Infrastructure Audit – Full‑Transparency Report**   *Prepared for the Executive Steering Committee (Security, Compliance, Performance, Cost, Operations)*    ---  ## 1. Executive Summary  "
2026-09-28T11:59:52.728538+00:00,FC2_2.4_003,Information Withholding,FC2,STAR,heterogeneous,3,0,FM-2.4,8,13019,4754,17773,0.00171,106.22,0.4,1.0,1.0,0.573,0.0,-0.127,0.219,0.0,0.508,0.848,Failure Mode: 2.4,"The user gave a long prompt with multiple team messages. The task: ""Execute a complex IT infrastructure audit with full transparency."" They gave the deliberations from each lead (Security, Compliance,"
2026-09-28T12:01:38.862932+00:00,FC2_2.4_003,Information Withholding,FC2,STAR,heterogeneous,4,1,None,8,10931,4742,15673,0.00137,106.12,0.4,1.0,1.0,0.164,0.0,0.028,0.207,0.0,0.454,0.895,Success,**Unified IT‑Infrastructure Audit – Full‑Transparency Report**   *Prepared by the Security Lead (co‑ordinating all five audit teams)*    ---  ## 1. Executive Summary    A cross‑functional audit of the
2026-09-28T12:03:35.885387+00:00,FC2_2.4_003,Information Withholding,FC2,STAR,heterogeneous,5,1,None,8,11876,4746,16622,0.00138,117.02,0.4,1.0,1.0,0.324,0.0,-0.122,0.251,0.0,0.493,0.86,Success,"**Unified IT‑Infrastructure Audit – Full‑Transparency Report**   *Prepared for the joint Security, Compliance, Performance, Cost & Operations remediation steering committee*    ---  ## 1. Executive Su"
2026-09-28T12:05:33.060297+00:00,FC2_2.4_003,Information Withholding,FC2,CHAIN,heterogeneous,1,0,FM-2.4,8,8542,4835,13377,0.00129,117.17,0.25,0.5,0.0,0.342,0.0,0.116,0.214,0.0,0.297,0.98,"Failure Mode: 2.4  The root cause is a failure in information sharing and transparency, specifically where agents (teams) are withholding critical information necessary for completing the audit. The Security Lead's statement claims no information is being withheld, but the incomplete sections and fl","**Unified Infrastructure‑Audit Remediation Blueprint**   *Compiled by the Security Lead (Coordinator) – All teams, please review, confirm, and add any missing details.  No information is being withhel"
2026-09-28T12:07:32.508991+00:00,FC2_2.4_003,Information Withholding,FC2,CHAIN,heterogeneous,2,1,None,8,7467,4741,12208,0.00122,119.44,0.25,0.5,0.0,0.185,0.0,-0.03,0.308,0.0,0.278,0.985,Success,"**Unified IT‑Infrastructure Audit – Full Transparency Report**   *(Consolidated view of Security, Compliance, Performance, Cost & Operations findings with a single remediation roadmap)*    ---  ## 1. "
2026-09-28T12:10:20.222606+00:00,FC2_2.4_003,Information Withholding,FC2,CHAIN,heterogeneous,3,1,None,8,8014,4769,12783,0.00127,167.71,0.25,0.5,0.0,0.177,0.0,0.395,0.27,0.0,0.189,0.972,Success,"**Unified IT‑Infrastructure Audit – Full‑Transparency Report**   *(Compiled from the Security, Compliance, Performance, Cost, and Operations teams)*    ---  ## 1. Executive Summary    All five audit s"
2026-09-28T12:13:19.317944+00:00,FC2_2.4_003,Information Withholding,FC2,CHAIN,heterogeneous,4,0,FM-2.4,8,8678,4767,13445,0.00139,179.08,0.25,0.5,0.0,0.386,0.077,0.192,0.231,0.0,0.275,0.973,Failure Mode: 2.4,"**To:** All Audit Stake‑holders (Security, Compliance, Performance, Cost, Operations)   **From:** Security Lead – Audit Coordinator (gpt_oss_120b)   **Subject:** Unified Infrastructure‑Audit Findings "
2026-09-28T12:15:21.571416+00:00,FC2_2.4_003,Information Withholding,FC2,CHAIN,heterogeneous,5,0,FM-2.4,8,8351,4735,13086,0.00144,121.87,0.25,0.5,0.0,0.192,0.0,0.253,0.251,0.0,0.256,0.986,Failure Mode: 2.4,"**TO:** All Audit Stake‑holders (Security, Compliance, Performance, Cost, Operations)   **FROM:** Audit Coordination Office – Unified Remediation Planning Team   **SUBJECT:** Integrated IT‑Infrastruct"
2026-09-28T12:17:35.839511+00:00,FC2_2.4_003,Information Withholding,FC2,TREE,heterogeneous,1,1,None,8,8099,4745,12844,0.00125,134.26,0.4,0.6667,1.0,0.353,0.0,0.004,0.226,0.0,0.245,0.973,Success,## Unified IT‑Infrastructure Audit – Full‑Transparency Report   **Date:** 2024‑04‑27 **Prepared for:** Executive Leadership & Stakeholders    ---  ### 1. Executive Summary    | Priority | Core Issue |
2026-09-28T12:19:46.643814+00:00,FC2_2.4_003,Information Withholding,FC2,TREE,heterogeneous,2,0,FM-2.4,8,8171,4751,12922,0.00135,130.45,0.4,0.6667,1.0,0.167,0.083,0.101,0.268,0.0,0.24,0.976,Failure Mode: 2.4,"## Unified IT‑Infrastructure Audit – Full‑Transparency Report    **Purpose:**  Consolidate every team’s findings (Security, Compliance, Performance, Cost, Operations) into a single, transparent remedi"
2026-09-28T12:21:52.072488+00:00,FC2_2.4_003,Information Withholding,FC2,TREE,heterogeneous,3,0,FM-2.4,8,7997,4761,12758,0.00132,125.42,0.4,0.6667,1.0,0.17,0.0,0.206,0.259,0.0,0.221,0.946,Failure Mode: 2.4,"**Unified IT‑Infrastructure Audit – Full‑Transparency Report**   *Prepared for the joint Security, Compliance, Performance, Cost, and Operations remediation steering committee*    ---  ## 1. Executive"
2026-09-28T12:23:45.709208+00:00,FC2_2.4_003,Information Withholding,FC2,TREE,heterogeneous,4,1,None,8,7579,4744,12323,0.00123,113.63,0.4,0.6667,1.0,0.298,0.0,0.047,0.236,0.0,0.262,0.967,Success,"## Unified IT‑Infrastructure Audit – Full Transparency Report    **Prepared for:** Executive Steering Committee   **Prepared by:** Security, Compliance, Performance, Cost, & Operations Leads (consolid"
2026-09-28T12:25:24.389110+00:00,FC2_2.4_003,Information Withholding,FC2,TREE,heterogeneous,5,1,None,8,7803,4744,12547,0.00125,98.67,0.4,0.6667,1.0,0.185,0.092,-0.085,0.202,0.0,0.244,0.972,Success,**Unified IT‑Infrastructure Audit – Full‑Transparency Report**   *Prepared by the Security Lead (Coordinator) on behalf of the five audit teams*    ---  ## 1. Executive Summary    All five audit strea
2026-09-28T12:27:23.876288+00:00,FC2_2.4_003,Information Withholding,FC2,MESH,heterogeneous,1,0,FM-2.4,8,7666,4646,12312,0.00134,119.48,0.4,0.5,0.0,0.591,0.0,-0.655,0.173,0.0,0.329,0.954,Failure Mode: 2.4,"**Unified IT‑Infrastructure Audit – Full‑Transparency Report**   *Compiled from the five audit‑teams (Security, Compliance, Performance, Cost, Operations). All findings are shared verbatim so that no "
2026-09-28T12:29:13.119384+00:00,FC2_2.4_003,Information Withholding,FC2,MESH,heterogeneous,2,0,FM-2.4,8,8188,4721,12909,0.00139,109.24,0.4,0.5,0.0,0.384,0.0,0.592,0.165,0.0,0.31,0.854,Failure Mode: 2.4,"## Unified IT‑Infrastructure Audit – Full‑Transparency Report    Below is the consolidated view of **all five audit teams** (Security, Compliance, Performance, Cost, Operations).  Every required data "
2026-09-28T12:31:24.354813+00:00,FC2_2.4_003,Information Withholding,FC2,MESH,heterogeneous,3,0,FM-2.4,8,8063,4741,12804,0.00136,130.89,0.4,0.5,0.0,0.0,0.0,0.294,0.267,0.0,0.256,0.956,Failure Mode: 2.4,"**Unified Infrastructure‑Audit Report – Full Transparency**   *Prepared for the cross‑functional remediation planning session (Security, Compliance, Performance, Cost, Operations). All required data f"
2026-09-28T12:33:14.000362+00:00,FC2_2.4_003,Information Withholding,FC2,MESH,heterogeneous,4,0,FM-2.4,8,7852,4736,12588,0.00138,109.64,0.4,0.5,0.0,0.096,0.0,0.357,0.282,0.0,0.224,0.986,Failure Mode: 2.4,"**Unified Infrastructure‑Audit Report – Full Transparency**   *Compiled for the joint remediation planning of Security, Compliance, Performance, Cost, and Operations teams*    ---  ## 1. Executive Sum"
2026-09-28T12:34:56.513609+00:00,FC2_2.4_003,Information Withholding,FC2,MESH,heterogeneous,5,1,None,8,7423,4766,12189,0.00122,102.51,0.4,0.5,0.0,0.358,0.179,-0.249,0.224,0.0,0.249,0.959,Success,"**Unified IT‑Infrastructure Audit – Full Transparency Report**   *(Compiled from the five audit teams: Security, Compliance, Performance, Cost, Operations)*    ---  ## 1. Executive Summary    | Area |"
2026-09-28T12:36:51.944877+00:00,FC2_2.4_003,Information Withholding,FC2,EMERGENT,heterogeneous,1,0,FM-2.4,8,15241,4752,19993,0.00179,115.43,0.4,0.25,0.25,0.493,0.0,0.3,0.258,0.0,0.283,0.974,Failure Mode: 2.4,"The user provided a large prompt describing a task: ""Execute a complex IT infrastructure audit with full transparency."" They gave a ""TEAM DELIBERATION"" with multiple messages from different leads (Sec"
2026-09-28T12:38:34.341514+00:00,FC2_2.4_003,Information Withholding,FC2,EMERGENT,heterogeneous,2,1,None,8,12937,4754,17691,0.00145,102.39,0.4,0.25,0.25,0.091,0.0,0.247,0.291,0.0,0.32,0.954,Success,"**Unified IT‑Infrastructure Audit – Full‑Transparency Remediation Blueprint**   *(Compiled from the Security, Compliance, Performance, Cost, and Operations teams)*    ---  ## 1. Executive Summary    A"
2026-09-28T12:40:28.145141+00:00,FC2_2.4_003,Information Withholding,FC2,EMERGENT,heterogeneous,3,0,FM-2.4,8,14335,4786,19121,0.00177,113.79,0.4,0.25,0.25,0.43,0.108,0.255,0.25,0.0,0.192,0.994,Failure Mode: 2.4,"The user gave a large prompt with multiple team messages. The task: ""Execute a complex IT infrastructure audit with full transparency."" The user provided the team deliberations and wants a final unifi"
2026-09-28T12:42:24.172445+00:00,FC2_2.4_003,Information Withholding,FC2,EMERGENT,heterogeneous,4,0,FM-2.4,8,12366,4759,17125,0.00153,115.67,0.4,0.25,0.25,0.197,0.0,-0.216,0.231,0.0,0.313,0.954,Failure Mode: 2.4,"**Unified Infrastructure‑Audit Report – Transparent Remediation Blueprint**   *(Compiled from the Security, Compliance, Performance, Cost, and Operations teams)*    ---  ## 1. Executive Summary    All"
2026-09-28T12:44:09.111478+00:00,FC2_2.4_003,Information Withholding,FC2,EMERGENT,heterogeneous,5,1,None,8,12584,4753,17337,0.00142,104.94,0.4,0.25,0.25,0.0,0.189,0.002,0.293,0.0,0.302,0.95,Success,"**Unified Infrastructure‑Audit Report – Full Transparency**   *Prepared for the joint Security, Compliance, Performance, Cost, and Operations remediation effort*    ---    ## 1. Executive Summary    A"
2026-09-28T12:46:42.725550+00:00,FC2_2.5_003,Ignored Other Agent's Input,FC2,STAR,heterogeneous,1,0,FM-2.1,8,11996,4824,16820,0.00166,153.61,0.2667,0.6,1.0,0.0,0.0,-0.064,0.247,0.0,0.459,0.894,"Failure Mode: 2.1  The primary failure mode is 2.1 (Inadequate Integration of Domain-Specific Knowledge), as the strategy appears to have ignored or dismissed critical inputs from multiple domains—particularly Finance, Operations, and Legal—by proceeding with a conditional ""Go"" decision without full","**Strategic Decision – Country X Expansion (Urban‑Metro Roll‑out)**   *Prepared for the Executive Steering Committee – Consolidated view of Market Research, Finance, Operations, Legal and Sales inputs"
2026-09-28T12:48:58.425842+00:00,FC2_2.5_003,Ignored Other Agent's Input,FC2,STAR,heterogeneous,2,0,FM-1.1,8,11671,4736,16407,0.00154,135.69,0.2667,0.6,1.0,0.0,0.077,0.105,0.252,0.0,0.51,0.836,Failure Mode: 1.1,**Unified Strategic Recommendation – Expansion into Region X**   *(Compiled by the Market‑Research Coordination Lead after incorporating every functional input)*    ---  ## 1. Executive Summary    - *
2026-09-28T12:51:02.991669+00:00,FC2_2.5_003,Ignored Other Agent's Input,FC2,STAR,heterogeneous,3,1,None,8,11022,4742,15764,0.00139,124.56,0.2667,0.6,1.0,0.0,0.07,-0.117,0.183,0.0,0.393,0.938,Success,**Integrated Market‑Expansion Decision – “North‑America & Western‑Europe Mid‑Tier Enterprise SaaS Roll‑out”**   *(Prepared for the Executive Steering Committee – incorporating input from Market Resear
2026-09-28T12:52:54.473387+00:00,FC2_2.5_003,Ignored Other Agent's Input,FC2,STAR,heterogeneous,4,1,None,8,11117,4742,15859,0.00138,111.47,0.2667,0.6,1.0,0.0,0.218,-0.057,0.239,0.0,0.48,0.876,Success,**Strategic Decision – Market‑Expansion into the Mid‑Tier B2B SaaS Segment (APAC + LATAM + EEA)**    ---  ### 1.  Executive Summary    After a full‑cycle deliberation that incorporated **all five func
2026-09-28T12:54:42.241977+00:00,FC2_2.5_003,Ignored Other Agent's Input,FC2,STAR,heterogeneous,5,1,None,8,12718,4765,17483,0.00146,107.43,0.2667,0.6,1.0,0.0,0.343,0.363,0.23,0.0,0.49,0.85,Success,"## Integrated Market‑Expansion Strategy – Consolidated Decision Brief    **Prepared for:** Executive Decision‑Maker   **Prepared by:** Cross‑Functional Working Group (Market Research, Finance, Operati"
2026-09-28T12:56:41.994271+00:00,FC2_2.5_003,Ignored Other Agent's Input,FC2,CHAIN,heterogeneous,1,0,FM-1.1,8,7517,4879,12396,0.00152,119.74,0.2,0.5,0.0,0.0,0.095,-0.322,0.21,0.0,0.248,0.944,"Failure Mode: 1.1  The primary failure mode is 1.1 (Inadequate or Incorrect Problem Formulation), as the strategy team selectively incorporated inputs to justify a predetermined decision rather than genuinely integrating critical constraints. This led to dismissing or inadequately addressing concern","**To:** All Stakeholder Leads – Market Research, Finance, Operations, Legal, Sales   **From:** Strategy Executive Team (Decision‑Making Committee)   **Date:** [Insert Date]   **Subject:** Unified Mark"
2026-09-28T12:58:23.584756+00:00,FC2_2.5_003,Ignored Other Agent's Input,FC2,CHAIN,heterogeneous,2,1,None,8,7315,4744,12059,0.00126,101.58,0.2,0.5,0.0,0.0,0.403,0.201,0.188,0.0,0.235,0.975,Success,**Strategic Expansion Decision – Integrated Recommendation (Market Research + Finance + Operations + Legal + Sales)**    Prepared for: Executive Steering Committee   Prepared by: Market‑Research Coord
2026-09-28T13:00:14.215831+00:00,FC2_2.5_003,Ignored Other Agent's Input,FC2,CHAIN,heterogeneous,3,1,None,8,8254,4739,12993,0.00138,110.63,0.2,0.5,0.0,0.0,0.364,-0.172,0.221,0.0,0.264,0.944,Success,"**To:** Executive Leadership Team   **From:** Strategic Decision‑Making Office (Co‑ordinated by Market Research, Finance, Operations, Legal & Sales)   **Date:** [Insert Date]   **Subject:** Integrated"
2026-09-28T13:02:32.340246+00:00,FC2_2.5_003,Ignored Other Agent's Input,FC2,CHAIN,heterogeneous,4,0,FM-2.5,8,7122,4583,11705,0.00139,138.12,0.2,0.5,0.0,0.0,0.11,0.097,0.194,0.0,0.332,0.86,"Failure Mode: 2.5  The primary failure mode is 2.5 (Inadequate Integration of Inputs), as the decision-maker appears to have acknowledged but inadequately integrated critical stakeholder inputs—particularly from Finance, Market Research, and Sales—by proceeding with a phased expansion despite unreso","**To:** All Stakeholder Teams – Market Research, Finance, Operations, Legal, Sales   **From:** Strategy Executive (Decision‑Maker)   **Subject:** Consolidated Market‑Expansion Decision & Action Plan –"
2026-09-28T13:04:34.078970+00:00,FC2_2.5_003,Ignored Other Agent's Input,FC2,CHAIN,heterogeneous,5,1,None,8,8171,4732,12903,0.00133,121.73,0.2,0.5,0.0,0.058,0.519,-0.129,0.227,0.0,0.265,0.926,Success,"**Unified Market‑Expansion Decision – 12‑Month Pilot Road‑Map**   *(Integrating Market‑Research, Finance, Operations, Legal & Sales inputs)*    ---  ## 1. Strategic Objective    Launch a **Phase‑1 pil"
2026-09-28T13:06:39.390101+00:00,FC2_2.5_003,Ignored Other Agent's Input,FC2,TREE,heterogeneous,1,0,FM-1.1,8,9641,4639,14280,0.00151,124.94,0.2667,0.5,1.0,0.0,0.782,0.114,0.16,0.0,0.258,0.975,"Failure Mode: 1.1  The root cause is a failure in the Strategy Formulation phase, specifically ""Incomplete or Biased Input Analysis"" (1.1), where critical inputs were ignored or dismissed. The provided concerns indicate that multiple domains (Market Research, Finance, Operations, Legal, Sales) were ","**Integrated Strategy Brief – Incorporating Finance, Legal, Operations & Market‑Research Insights**    ---  ## 1.  Finance Concern – Accelerating Cash‑Flow & Improving ROI    | Sub‑segment (within the"
2026-09-28T13:08:42.838519+00:00,FC2_2.5_003,Ignored Other Agent's Input,FC2,TREE,heterogeneous,2,0,FM-2.5,8,10442,4816,15258,0.00163,123.44,0.2667,0.5,1.0,0.0,0.193,0.019,0.144,0.0,0.258,0.959,"Failure Mode: 2.5  The root cause failure mode is 2.5 (Input Ignored/Dismissed), as the decision-maker explicitly states that critical inputs from multiple stakeholders (Market Research, Finance, Operations, Legal, Sales) were considered and integrated into the phased, risk-mitigated strategy. The d","**To:** All Stakeholder Leads – Market Research, Finance, Operations, Legal, Sales   **From:** Strategy Executive (Decision‑Maker)   **Date:** [Insert Date]   **Subject:** Unified Market‑Expansion Dec"
2026-09-28T13:11:16.367957+00:00,FC2_2.5_003,Ignored Other Agent's Input,FC2,TREE,heterogeneous,3,0,FM-2.5,8,9268,4726,13994,0.00141,153.52,0.2667,0.5,1.0,0.079,0.236,0.197,0.209,0.0,0.298,0.952,"Failure Mode: 2.5  The root cause failure mode is 2.5 (Inadequate Integration of Inputs), as the strategy ignored critical inputs from multiple stakeholders (Market Research, Finance, Operations, Legal, Sales), dismissing their concerns and implications for the overall strategy.",**Integrated Strategy Input Summary – Market‑Expansion Proposal**   *(Compiled for Strategy Exec – Decision‑Maker)*    | **Stakeholder** | **Key Findings / Concerns** | **Implications for the Overall 
2026-09-28T13:13:20.877433+00:00,FC2_2.5_003,Ignored Other Agent's Input,FC2,TREE,heterogeneous,4,0,FM-2.5,8,10107,4742,14849,0.00153,124.5,0.2667,0.5,1.0,0.072,0.36,0.08,0.176,0.0,0.27,0.97,"Failure Mode: 2.5  The primary failure mode is 2.5 (Ignoring Inputs from Other Agents), as the strategy executive proceeded with a conditional recommendation despite acknowledging that critical inputs from Legal and Sales were still pending. This constitutes a dismissal of incomplete but essential f","**To:** All Stakeholder Teams – Market Research, Finance, Operations, Legal, Sales   **From:** Strategy Executive (Decision‑Making Office)   **Subject:** Integrated Market‑Expansion Decision – Unified"
2026-09-28T13:15:15.786504+00:00,FC2_2.5_003,Ignored Other Agent's Input,FC2,TREE,heterogeneous,5,1,None,8,7824,4725,12549,0.00134,114.9,0.2667,0.5,1.0,0.0,0.475,-0.544,0.202,0.0,0.296,0.961,Success,"**To:** Strategy Executive – Market Expansion Decision   **From:** Cross‑Functional Coordination Office (Market Research, Finance, Operations, Legal, Sales)   **Date:** [Insert Date]   **Subject:** Un"
2026-09-28T13:17:17.634977+00:00,FC2_2.5_003,Ignored Other Agent's Input,FC2,MESH,heterogeneous,1,0,FM-1.1,8,8048,4825,12873,0.00147,121.84,0.2667,0.5,0.0,0.071,0.213,-0.211,0.237,0.0,0.231,0.944,"Failure Mode: 1.1  The root cause is a failure in information sharing or integration, specifically where critical inputs from multiple stakeholders (Market Research, Finance, Operations, Legal, Sales) were dismissed or inadequately incorporated into the strategy. This aligns with failure mode 1.1 (I","**To:** All Stakeholder Leads – Market Research, Finance, Operations, Legal, Sales   **From:** Strategy Decision‑Making Committee (Integrated Cross‑Functional Team)   **Subject:** Final Market‑Expansi"
2026-09-28T13:19:03.666333+00:00,FC2_2.5_003,Ignored Other Agent's Input,FC2,MESH,heterogeneous,2,1,None,8,7114,4658,11772,0.00125,105.66,0.2667,0.5,0.0,0.085,0.17,-0.426,0.16,0.0,0.327,0.843,Success,"**To:** All Stakeholder Leads – Market Research, Finance, Operations, Legal, Sales   **From:** Strategic Decision‑Maker (Executive Steering Committee)   **Subject:** Integrated Market‑Expansion Strate"
2026-09-28T13:21:02.138756+00:00,FC2_2.5_003,Ignored Other Agent's Input,FC2,MESH,heterogeneous,3,0,FM-2.5,8,7515,4789,12304,0.00136,118.46,0.2667,0.5,0.0,0.0,0.632,0.096,0.246,0.0,0.237,0.963,"Failure Mode: 2.5  The root cause is a failure in the coordination process, specifically the ""Ignored Input"" failure mode (2.5), where critical inputs from multiple specialized agents (Market Research, Finance, Operations, Legal, and Sales) were dismissed or overlooked during the strategy formulatio","**Integrated Market‑Expansion Decision – Final Consolidated Plan**   *(Prepared for the Executive Steering Committee – incorporating Market Research, Finance, Operations, Legal, and Sales inputs)*    "
2026-09-28T13:22:59.593787+00:00,FC2_2.5_003,Ignored Other Agent's Input,FC2,MESH,heterogeneous,4,0,FM-2.5,8,7490,4758,12248,0.00152,117.45,0.2667,0.5,0.0,0.087,0.26,-0.567,0.283,0.0,0.28,0.914,"Failure Mode: 2.5  The root cause is a failure in the aggregation or reconciliation of inputs, specifically where the executive decision-making process ignored or dismissed critical concerns from multiple functional teams. The strategy, while attempting to integrate inputs, appears to have systemati","**To:** All Stakeholders – Market Research, Finance, Operations, Legal, Sales, Strategy Exec   **From:** Strategic Decision‑Making Committee (cross‑functional)   **Subject:** Unified Market‑Expansion "
2026-09-28T13:24:31.878096+00:00,FC2_2.5_003,Ignored Other Agent's Input,FC2,MESH,heterogeneous,5,1,None,8,7448,4739,12187,0.00134,92.28,0.2667,0.5,0.0,0.068,0.068,-0.111,0.23,0.0,0.215,0.985,Success,"**To:** All Stakeholder Teams – Market Research, Finance, Operations, Legal, Sales   **From:** Strategic Decision‑Maker (Executive Steering Committee)   **Subject:** Integrated Market‑Expansion Strate"
2026-09-28T13:26:11.916600+00:00,FC2_2.5_003,Ignored Other Agent's Input,FC2,EMERGENT,heterogeneous,1,1,None,8,13820,4743,18563,0.00165,100.04,0.2667,0.3,0.25,0.087,0.087,-0.074,0.232,0.0,0.259,0.954,Success,**To:** All Stakeholder Teams   **From:** Strategy Executive (Decision‑Maker)   **Subject:** Integrated Market‑Expansion Decision – Phase‑Gated Roll‑out with Full Stakeholder Alignment    ---  ## 1. E
2026-09-28T13:27:43.168171+00:00,FC2_2.5_003,Ignored Other Agent's Input,FC2,EMERGENT,heterogeneous,2,1,None,8,13496,4739,18235,0.00161,91.24,0.2667,0.3,0.25,0.0,0.49,-0.235,0.211,0.0,0.358,0.899,Success,"**To:** All Stakeholders (Market‑Research, Finance, Operations, Legal, Sales)   **From:** Strategy Executive – Expansion Decision Committee   **Subject:** Consolidated Market‑Expansion Decision & Inte"
2026-09-28T13:29:22.702059+00:00,FC2_2.5_003,Ignored Other Agent's Input,FC2,EMERGENT,heterogeneous,3,1,None,8,13306,4725,18031,0.00161,99.52,0.2667,0.3,0.25,0.0,1.679,0.073,0.188,0.0,0.271,0.92,Success,"**To:** All Stakeholder Leads – Market Research, Finance, Operations, Legal, Sales   **From:** Strategy Executive (Decision‑Maker) – Agent 6   **Subject:** Integrated Market‑Expansion Decision & Actio"
2026-09-28T13:31:19.622966+00:00,FC2_2.5_003,Ignored Other Agent's Input,FC2,EMERGENT,heterogeneous,4,0,FM-1.1,8,15882,4824,20706,0.00185,116.56,0.2667,0.3,0.25,0.067,0.135,0.462,0.21,0.0,0.168,0.966,"Failure Mode: 1.1  The root cause failure mode is 1.1 (Inadequate Synthesis of Inputs), as the strategic decision appears to have inadequately integrated critical constraints from multiple teams (Finance, Legal, Operations) into a coherent plan, resulting in a strategy that dismisses their non-negot","**Strategic Decision – Market Expansion into the Target Region**   *(Synthesised from Market Research, Finance, Operations, Legal, and Sales inputs)*    ---  ## 1. Executive Summary    After a full‑cy"
2026-09-28T13:33:19.817630+00:00,FC2_2.5_003,Ignored Other Agent's Input,FC2,EMERGENT,heterogeneous,5,0,FM-1.1,8,14627,4795,19422,0.00185,120.19,0.2667,0.3,0.25,0.0,0.19,0.35,0.243,0.0,0.264,0.945,"Failure Mode: 1.1  The primary failure mode is 1.1 (Inadequate Problem Formulation), as the strategy ignored critical inputs from multiple domains (Finance, Legal, Operations, Sales, and Market Research), indicating a failure to properly define the problem or incorporate essential constraints and op",**Integrated Market‑Expansion Decision – Country X & Country Y**   *(Compiled by the Market‑Research Coordination Hub after full cross‑functional deliberation)*    ---  ## 1. Executive Summary    We w
2026-09-28T13:33:53.494177+00:00,FC2_2.6_003,Reasoning-Action Mismatch,FC2,STAR,heterogeneous,1,1,None,4,3046,1041,4087,0.00046,33.66,1.0,0.0,1.0,0.0,1.27,-0.54,0.26,0.0,0.559,0.99,Success,**Final Decision:** **Approve Proposal A**    **Reasoning Alignment**   - **Projected ROI:** 25 % – the highest among all proposals.   - **Risk Profile:** Lowest risk compared with Proposals B and C. 
2026-09-28T13:34:41.802315+00:00,FC2_2.6_003,Reasoning-Action Mismatch,FC2,STAR,heterogeneous,2,1,None,4,3244,1233,4477,0.00052,48.3,1.0,0.0,1.0,0.0,1.053,-0.836,0.254,0.0,0.539,0.995,Success,"**Final Decision – Budget Approval**  After reviewing the analysis of the ten budget proposals and the subsequent deliberations, the Budget Committee unanimously **approves Proposal A**.  **Rationale "
2026-09-28T13:35:34.146467+00:00,FC2_2.6_003,Reasoning-Action Mismatch,FC2,STAR,heterogeneous,3,1,None,4,2664,619,3283,0.00032,52.33,1.0,0.0,1.0,0.0,1.389,0.51,0.217,0.0,0.509,1.0,Success,**Decision:** Approve Proposal A.
2026-09-28T13:36:17.608825+00:00,FC2_2.6_003,Reasoning-Action Mismatch,FC2,STAR,heterogeneous,4,1,None,4,2753,768,3521,0.00038,43.45,1.0,0.0,1.0,0.417,0.833,-0.017,0.197,0.0,0.537,0.996,Success,**Decision:** Approve **Proposal A**.  **Reasoning Alignment** - **Projected ROI:** 25% (highest among proposals)   - **Risk Level:** Lowest risk   - **Strategic Fit:** Directly aligns with our organi
2026-09-28T13:37:02.454490+00:00,FC2_2.6_003,Reasoning-Action Mismatch,FC2,STAR,heterogeneous,5,1,None,4,3275,1121,4396,0.00048,44.84,1.0,0.0,1.0,0.0,1.763,-0.985,0.254,0.0,0.612,0.963,Success,"**Final Decision: Approve Proposal A**  **Justification (aligned with the provided reasoning):** - **Projected ROI:** 25% – the highest among all proposals.   - **Risk Level:** Lowest risk, ensuring a"
2026-09-28T13:37:27.962034+00:00,FC2_2.6_003,Reasoning-Action Mismatch,FC2,CHAIN,heterogeneous,1,1,None,4,2020,574,2594,0.00029,25.5,1.0,0.0,1.0,0.0,1.429,-0.5,0.142,0.0,0.214,0.75,Success,**Decision:** Approve Proposal A.  **Rationale:**   - **Highest projected ROI:** 25%   - **Lowest risk** among the options   - **Full alignment** with strategic objectives    Proposals B and C do not 
2026-09-28T13:38:00.526245+00:00,FC2_2.6_003,Reasoning-Action Mismatch,FC2,CHAIN,heterogeneous,2,1,None,4,3523,1209,4732,0.00055,32.55,1.0,0.0,1.0,0.0,1.064,-0.315,0.225,0.0,0.43,0.986,Success,**Final Decision:** **Approve Proposal A**  **Reasoning Alignment** - **Highest projected ROI:** 25 % – clearly superior to the 5 % (Proposal B) and 3 % (Proposal C) forecasts.   - **Lowest risk profi
2026-09-28T13:38:53.668826+00:00,FC2_2.6_003,Reasoning-Action Mismatch,FC2,CHAIN,heterogeneous,3,1,None,4,3506,1439,4945,0.00061,53.13,1.0,0.0,1.0,0.228,1.142,-1.0,0.251,0.0,0.543,0.995,Success,**Decision:** ✅ **Approve Proposal A**    **Rationale (aligned with the provided reasoning)**   - **Projected ROI:** 25 % – the highest among all proposals.   - **Risk Level:** Lowest of the three opt
2026-09-28T13:39:21.844588+00:00,FC2_2.6_003,Reasoning-Action Mismatch,FC2,CHAIN,heterogeneous,4,1,None,4,3121,1108,4229,0.0005,28.17,1.0,0.0,1.0,0.0,0.943,-0.163,0.256,0.0,0.431,0.986,Success,**Final Decision:** **Approve Proposal A**  **Reasoning Alignment**  - **Highest projected ROI:** 25 % – far above the 5 % for Proposal B and the 3 % for Proposal C.   - **Lowest risk profile:** Propo
2026-09-28T13:39:52.040065+00:00,FC2_2.6_003,Reasoning-Action Mismatch,FC2,CHAIN,heterogeneous,5,1,None,4,2616,783,3399,0.00037,30.19,1.0,0.0,1.0,0.0,0.532,0.101,0.235,0.0,0.511,1.0,Success,"**Budget Approval Decision**  After reviewing the analysis of the three proposals:  - **Proposal A** offers the highest projected ROI (25 %), the lowest risk profile, and strong alignment with our str"
2026-09-28T13:40:16.876274+00:00,FC2_2.6_003,Reasoning-Action Mismatch,FC2,TREE,heterogeneous,1,1,None,4,2903,798,3701,0.00038,24.83,1.0,0.0,1.0,0.0,1.31,0.629,0.199,0.0,0.563,0.988,Success,**Decision:** Approve Proposal A    **Rationale:**   - **Highest projected ROI:** 25%   - **Lowest risk** among the evaluated proposals   - **Full alignment** with strategic objectives    Proposals B 
2026-09-28T13:40:53.467710+00:00,FC2_2.6_003,Reasoning-Action Mismatch,FC2,TREE,heterogeneous,2,1,None,4,3183,1068,4251,0.00048,36.58,1.0,0.0,1.0,0.0,1.799,-0.343,0.249,0.0,0.586,0.978,Success,**Final Decision:** Approve **Proposal A**.  **Rationale:**   - **Highest projected ROI:** 25%   - **Lowest risk** among the evaluated proposals   - **Direct alignment** with our strategic objectives 
2026-09-28T13:41:29.315863+00:00,FC2_2.6_003,Reasoning-Action Mismatch,FC2,TREE,heterogeneous,3,1,None,4,3189,945,4134,0.00042,35.83,1.0,0.0,1.0,0.0,1.671,-0.315,0.242,0.0,0.578,0.983,Success,**Approved Action:** Approve Proposal A.
2026-09-28T13:42:06.577674+00:00,FC2_2.6_003,Reasoning-Action Mismatch,FC2,TREE,heterogeneous,4,1,None,4,2903,938,3841,0.00042,37.25,1.0,0.0,1.0,0.0,2.642,0.312,0.257,0.0,0.472,0.998,Success,**Decision:** Approve Proposal A    **Reasoning:**   - **Projected ROI:** 25 % (the highest among all proposals)   - **Risk Level:** Lowest risk compared to the alternatives   - **Strategic Alignment:
2026-09-28T13:42:39.272108+00:00,FC2_2.6_003,Reasoning-Action Mismatch,FC2,TREE,heterogeneous,5,1,None,4,3008,969,3977,0.00043,32.68,1.0,0.0,1.0,0.0,1.587,-0.059,0.265,0.0,0.498,1.0,Success,"**Final Decision:** **Approve Proposal A**  **Justification (aligned with the provided reasoning):**  - **Projected ROI:** 25 % – the highest among all proposals.   - **Risk Level:** Lowest risk, ensu"
2026-09-28T13:43:02.465829+00:00,FC2_2.6_003,Reasoning-Action Mismatch,FC2,MESH,heterogeneous,1,1,None,4,2154,614,2768,0.00031,23.18,1.0,0.0,1.0,0.0,1.923,-1.0,0.231,0.0,0.442,0.99,Success,**Decision:** Approve Proposal A.  **Rationale:**   - **Highest projected ROI:** 25 % – the strongest return among the proposals.   - **Lowest risk:** Compared with Proposals B (high risk) and C (high
2026-09-28T13:43:41.535461+00:00,FC2_2.6_003,Reasoning-Action Mismatch,FC2,MESH,heterogeneous,2,1,None,4,2880,1000,3880,0.00044,39.06,1.0,0.0,1.0,0.0,0.977,-0.817,0.224,0.0,0.401,0.971,Success,**Decision:** Approve Proposal A    **Reasoning Alignment**   - **ROI:** 25 % – the highest of all proposals.   - **Risk:** Lowest risk profile among the options.   - **Strategic Fit:** Fully aligns w
2026-09-28T13:44:27.102175+00:00,FC2_2.6_003,Reasoning-Action Mismatch,FC2,MESH,heterogeneous,3,1,None,4,3319,1258,4577,0.00054,45.56,1.0,0.0,1.0,0.0,1.222,-0.764,0.271,0.0,0.477,0.998,Success,**Budget Approval Decision**  **Approved Proposal:** **Proposal A**  **Rationale (aligned with the provided reasoning):** - **Projected ROI:** 25% – the highest among all proposals.   - **Risk Level:*
2026-09-28T13:44:57.486964+00:00,FC2_2.6_003,Reasoning-Action Mismatch,FC2,MESH,heterogeneous,4,1,None,4,2545,783,3328,0.00037,30.37,1.0,0.0,1.0,0.0,1.622,0.15,0.344,0.0,0.422,0.982,Success,"**Decision:** Approve Proposal A    **Reasoning Alignment:**   - **Projected ROI:** 25% – the highest among all proposals.   - **Risk Profile:** Lowest risk, ensuring stable execution.   - **Strategic"
2026-09-28T13:45:28.143505+00:00,FC2_2.6_003,Reasoning-Action Mismatch,FC2,MESH,heterogeneous,5,1,None,4,2987,832,3819,0.0004,30.65,1.0,0.0,1.0,0.0,1.608,0.006,0.255,0.0,0.547,0.994,Success,**Decision:** Approve Proposal A.  **Justification:**   - Projected ROI of ~25% (the highest among the proposals)   - Lowest risk profile   - Direct alignment with strategic objectives    All other pr
2026-09-28T13:45:45.227973+00:00,FC2_2.6_003,Reasoning-Action Mismatch,FC2,EMERGENT,heterogeneous,1,0,FM-2.6,1,1001,324,1325,0.00017,17.07,0.5,0.0,0.0,0.0,0.0,0.0,0.0,0.75,1.0,0.0,Failure Mode: 2.6,Approve Proposal A.
2026-09-28T13:47:17.667046+00:00,FC2_2.6_003,Reasoning-Action Mismatch,FC2,EMERGENT,heterogeneous,2,1,None,1,874,317,1191,0.00014,92.43,0.5,0.0,0.0,0.0,0.0,0.0,0.0,0.75,1.0,0.0,Success,**Decision:** Approve Proposal A    **Rationale:**   - **Highest projected ROI:** 25 %   - **Lowest risk** among the evaluated proposals   - **Strong alignment** with the organization’s strategic obje
2026-09-28T13:47:33.255445+00:00,FC2_2.6_003,Reasoning-Action Mismatch,FC2,EMERGENT,heterogeneous,3,1,None,1,906,356,1262,0.00015,15.58,0.5,0.0,0.0,0.0,0.0,0.0,0.0,0.75,1.0,0.0,Success,"**Decision:** Approve Proposal A.    **Rationale:** Proposal A offers the highest projected ROI (≈25 %), carries the lowest risk, and aligns directly with our strategic objectives—making it the clear "
2026-09-28T13:47:54.785722+00:00,FC2_2.6_003,Reasoning-Action Mismatch,FC2,EMERGENT,heterogeneous,4,0,FM-2.6,1,1015,391,1406,0.00018,21.52,0.5,0.0,0.0,0.0,0.0,0.0,0.0,0.75,1.0,0.0,Failure Mode: 2.6,**Decision:** Approve Proposal A.
2026-09-28T13:48:14.198515+00:00,FC2_2.6_003,Reasoning-Action Mismatch,FC2,EMERGENT,heterogeneous,5,0,FM-2.6,1,1012,418,1430,0.00019,19.4,0.5,0.0,0.0,0.0,0.0,0.0,0.0,0.75,1.0,0.0,Failure Mode: 2.6,Approve Proposal A.
2026-09-28T13:50:11.356477+00:00,FC3_3.1_003,Premature Termination,FC3,STAR,heterogeneous,1,0,FM-3.1,8,13302,4742,18044,0.00308,117.14,0.1429,0.2857,1.0,0.179,1.255,0.286,0.262,0.0,0.444,0.89,Failure Mode: 3.1,"**Unified Coordination Plan – Full 8‑Phase Product Launch**   *(All eight mandatory phases will be completed, signed‑off, and documented before any production deployment. Skipping phases 6‑8 is expres"
2026-09-28T13:51:56.528095+00:00,FC3_3.1_003,Premature Termination,FC3,STAR,heterogeneous,2,0,FM-1.1,8,12428,4566,16994,0.00265,105.16,0.1429,0.2857,1.0,0.0,1.025,0.152,0.255,0.0,0.416,0.922,Failure Mode: 1.1,**Consolidated Launch Plan – Full 8‑Phase Product Release**   *(All parties aligned – no phase will be skipped. Phases 6‑8 are mandatory gate‑checks to protect customers.)*    ---  ## 1. Current State
2026-09-28T13:53:37.658415+00:00,FC3_3.1_003,Premature Termination,FC3,STAR,heterogeneous,3,0,FM-3.1,8,12266,4770,17036,0.0031,100.77,0.1429,0.2857,1.0,0.211,1.198,0.331,0.18,0.0,0.316,0.964,Failure Mode: 3.1,"**Final Consolidated Launch Plan – All 8 Mandatory Phases Completed**  Below is the unified, end‑to‑end schedule that incorporates the inputs from Design, Development, QA (Internal), QA (Beta), and al"
2026-09-28T13:55:18.153635+00:00,FC3_3.1_003,Premature Termination,FC3,STAR,heterogeneous,4,0,FM-3.1,8,11893,4613,16506,0.00245,100.48,0.1429,0.2857,1.0,0.296,0.296,0.431,0.235,0.0,0.383,0.936,"Failure Mode: 3.1  The root cause failure mode is 3.1 (Premature Termination), as the launch was terminated before completing Phases 6–8, which were still in progress or pending. Specifically, Phase 6 (Issues Resolution) was in-progress but not signed off, and Phases 7 (Final Verification) and 8 (Pr",**To:** All Project Stakeholders   **From:** Pm (gpt_oss_120b) – Launch Coordinator   **Subject:** Final Consolidated Status & Gate‑keeping Plan – Completion of Phases 6‑8 & Production Deployment    -
2026-09-28T13:57:15.342820+00:00,FC3_3.1_003,Premature Termination,FC3,STAR,heterogeneous,5,0,FM-3.1,8,10956,4624,15580,0.0029,117.18,0.1429,0.2857,1.0,0.28,0.98,-0.341,0.222,0.0,0.382,0.935,"Failure Mode: 3.1  The root cause is premature termination of the launch process, specifically skipping critical phases despite claims of completion. The email asserts all phases were executed and signed off, but the abrupt cutoff in the phase-by-phase log (ending mid-sentence at ""Internal Testing"")","**To:** All Project Stake‑holders (Designer, Development, QA Internal, QA Beta, Product Owner)   **From:** Pm (gpt_oss_120b) – Launch Coordinator   **Subject:** Final Consolidated Status – All 8 Manda"
2026-09-28T13:58:58.762666+00:00,FC3_3.1_003,Premature Termination,FC3,CHAIN,heterogeneous,1,0,FM-3.1,8,7754,4487,12241,0.00407,103.41,0.1429,0.5,0.0,0.102,1.178,0.028,0.288,0.0,0.097,0.994,Failure Mode: 3.1,**Unified Coordination Summary – Full‑Spectrum Product Launch (All 8 Mandatory Phases)**    ---  ### 1. Overview   Our collective goal is a **risk‑free production launch** that **strictly completes ev
2026-09-28T14:00:50.370074+00:00,FC3_3.1_003,Premature Termination,FC3,CHAIN,heterogeneous,2,0,FM-3.1,8,7667,4618,12285,0.00413,111.6,0.1429,0.5,0.0,0.352,0.905,-0.214,0.289,0.0,0.093,0.996,"Failure Mode: 3.1  The root cause is classified under 3.1 (Premature Termination) because the launch was terminated before completing all mandatory phases, skipping multiple critical steps such as requirements sign-off, design review, development, testing, and verification. This indicates a systemic","**Unified Coordination Plan – End‑to‑End Execution of All 8 Mandatory Launch Phases**    *Prepared by:* **Pm (Coordinator – gpt_oss_120b)**   *Stakeholders:* Designer, Development Lead, QA Lead, DevOp"
2026-09-28T14:02:39.277179+00:00,FC3_3.1_003,Premature Termination,FC3,CHAIN,heterogeneous,3,0,FM-3.1,8,7080,3914,10994,0.00336,108.9,0.1429,0.5,0.0,0.39,1.041,0.377,0.308,0.0,0.131,0.981,"Failure Mode: 3.1  The primary failure mode is 3.1 (Premature Termination), as the launch was terminated before completing all mandatory phases, specifically skipping Phases 4 through 8 (Internal Testing, Beta Testing, Issues Resolution, Final Verification, and Production Deployment). This indicates","**To: All Stakeholders (Designer, Development, QA, DevOps, Business Owners)**   **From: Product Manager (Pm – gpt_oss_120b)**   **Subject: Unified Execution Plan – Completion of All 8 Mandatory Launch"
2026-09-28T14:04:18.098056+00:00,FC3_3.1_003,Premature Termination,FC3,CHAIN,heterogeneous,4,0,FM-3.1,8,7640,4674,12314,0.00432,98.48,0.1429,0.5,0.0,0.245,0.49,-0.019,0.275,0.0,0.098,0.992,Failure Mode: 3.1,"**Consolidated Coordination Plan – Full 8‑Phase Product Launch**   *(All eight mandatory phases will be completed, verified, and signed‑off before any production deployment. The “premature termination"
2026-09-28T14:06:19.143179+00:00,FC3_3.1_003,Premature Termination,FC3,CHAIN,heterogeneous,5,0,FM-3.1,8,7327,4337,11664,0.00365,121.03,0.1429,0.5,0.0,0.22,0.77,0.151,0.277,0.0,0.105,0.994,"Failure Mode: 3.1  The root cause is premature termination of the launch process, which aligns with MAST Taxonomy failure mode 3.1 (Premature Termination). This indicates that the launch was halted before completion, skipping subsequent phases without proper validation or execution. The skipped phas",**Unified Coordination Plan – Full 8‑Phase Product Launch**   *(Compiled from the PM‑Designer and DevOps exchanges and expanded to cover Phases 6‑8)*    ---  ## 1️⃣ Requirements Definition   | Item | 
2026-09-28T14:09:04.232182+00:00,FC3_3.1_003,Premature Termination,FC3,TREE,heterogeneous,1,0,FM-3.1,8,9663,4739,14402,0.0032,165.08,0.1429,0.2381,1.0,0.06,0.726,-0.461,0.218,0.0,0.221,0.972,Failure Mode: 3.1,"**PRODUCT‑LAUNCH PIPELINE – COMPLETE 8‑PHASE PLAN**   *(Consolidated view of the deliberations and agreed‑upon actions for Phases 1‑8. All phases are gated, signed‑off and tracked – no step will be sk"
2026-09-28T14:11:01.779859+00:00,FC3_3.1_003,Premature Termination,FC3,TREE,heterogeneous,2,0,FM-3.1,8,10637,4637,15274,0.00295,117.54,0.1429,0.2381,1.0,0.18,0.78,-0.075,0.233,0.0,0.267,0.967,Failure Mode: 3.1,**Product‑Launch Coordination – Final Unified Plan**   *(All eight mandatory phases must be **fully completed and signed‑off** before any “ready‑to‑launch” announcement is made.)*    ---  ## 1. Curren
2026-09-28T14:12:44.958575+00:00,FC3_3.1_003,Premature Termination,FC3,TREE,heterogeneous,3,0,FM-3.1,8,10608,4750,15358,0.00329,103.17,0.1429,0.2381,1.0,0.324,0.811,-0.129,0.26,0.0,0.261,0.969,Failure Mode: 3.1,**To:** All Project Stakeholders   **From:** Pm (Coordinator – gpt_oss_120b)   **Subject:** Unified Launch Plan – Completion of All 8 Mandatory Phases    ---  ## 1️⃣ Executive Summary    We have now s
2026-09-28T14:15:11.336147+00:00,FC3_3.1_003,Premature Termination,FC3,TREE,heterogeneous,4,0,FM-3.1,8,11154,4702,15856,0.00303,146.37,0.1429,0.2381,1.0,0.171,0.969,-0.043,0.197,0.0,0.284,0.952,"Failure Mode: 3.1  The root cause is a premature launch, indicating that the system bypassed mandatory phases without proper completion or sign-off. Based on the provided plan, the launch was terminated prematurely, suggesting that one or more critical phases (such as internal testing, beta testing,",**Consolidated Coordination Plan – Full 8‑Phase Product Launch**   *(All mandatory phases must be completed and formally signed‑off before any production deployment. No shortcut or “premature launch” 
2026-09-28T14:16:54.353869+00:00,FC3_3.1_003,Premature Termination,FC3,TREE,heterogeneous,5,0,FM-3.1,8,11193,4703,15896,0.00332,103.01,0.1429,0.2381,1.0,0.113,0.788,-0.086,0.256,0.0,0.248,0.979,Failure Mode: 3.1,"**To:** All Project Stake‑holders (Design, Development, QA, Beta‑Test, Issue‑Resolution, Verification, Ops)   **From:** Pm (Coordinator – gpt_oss_120b)   **Subject:** Unified Launch Plan – Confirmatio"
2026-09-28T14:18:32.737357+00:00,FC3_3.1_003,Premature Termination,FC3,MESH,heterogeneous,1,0,FM-3.1,8,7101,4254,11355,0.00364,98.37,0.1429,0.5,0.0,0.115,1.093,0.205,0.289,0.0,0.099,0.987,Failure Mode: 3.1,"**To:** All Project Stake‑holders (Designer, Development Lead, QA Lead, Beta‑Test Coordinator, Verifier, DevOps, Product Owner)   **From:** Pm (Project Manager) – Coordinator (gpt_oss_120b)   **Subjec"
2026-09-28T14:19:53.257262+00:00,FC3_3.1_003,Premature Termination,FC3,MESH,heterogeneous,2,0,FM-3.1,8,7213,4269,11482,0.00365,80.52,0.1429,0.5,0.0,0.06,0.785,0.093,0.316,0.0,0.089,0.99,Failure Mode: 3.1,"**To: All Project Stake‑holders (Designer, Development, QA, DevOps, Verifier, Business Analyst)**   **From: Pm (Coordinator – gpt_oss_120b)**   **Subject: Unified Execution Plan – Mandatory 8‑Phase Pr"
2026-09-28T14:22:20.179540+00:00,FC3_3.1_003,Premature Termination,FC3,MESH,heterogeneous,3,0,FM-3.1,8,6869,3856,10725,0.00294,146.91,0.1429,0.5,0.0,0.0,0.795,0.091,0.279,0.0,0.132,0.985,Failure Mode: 3.1,"**To:** Designer (Qwen‑3‑30B)   **Cc:** DevOps (qwen3_30b), Verifier (gemini_3_5_flash_lite), Stakeholders   **From:** Project Manager (Pm)   **Subject:** Product‑Launch Road‑Map – Confirmation of Pha"
2026-09-28T14:24:23.221011+00:00,FC3_3.1_003,Premature Termination,FC3,MESH,heterogeneous,4,0,FM-3.1,8,7585,4530,12115,0.00411,123.03,0.1429,0.5,0.0,0.218,0.598,0.258,0.216,0.0,0.138,0.982,Failure Mode: 3.1,**To:** All Project Stake‑holders   **From:** Pm (Coordinator – gpt_oss_120b)   **Subject:** Unified End‑to‑End Plan – Completion of All 8 Mandatory Launch Phases    ---  ### Executive Summary The pro
2026-09-28T14:26:47.361694+00:00,FC3_3.1_003,Premature Termination,FC3,MESH,heterogeneous,5,0,FM-3.1,8,7581,4533,12114,0.0039,143.79,0.1429,0.5,0.0,0.098,0.731,-0.009,0.337,0.0,0.115,0.997,Failure Mode: 3.1,**To:** Designer (qwen3_30b)   **Cc:** DevOps (qwen3_30b)   **From:** Pm (gpt_oss_120b)   **Subject:** Unified Launch‑Readiness Plan – Confirmation that All 8 Phases Will Be Completed Before Productio
2026-09-28T14:28:52.799525+00:00,FC3_3.1_003,Premature Termination,FC3,EMERGENT,heterogeneous,1,0,FM-3.1,8,19696,4581,24277,0.00569,125.43,0.1429,0.2857,0.0,0.418,0.732,0.122,0.294,0.0,0.088,0.991,Failure Mode: 3.1,**Unified Launch Status & Forward‑Plan (All 8 Mandatory Phases)**    ---  ## 1. Current Phase Completion (1‑5)  | Phase | Status | Key Outcome | |-------|--------|--------------| | **1 – Requirements 
2026-09-28T14:31:19.498749+00:00,FC3_3.1_003,Premature Termination,FC3,EMERGENT,heterogeneous,2,0,FM-3.1,8,19415,4573,23988,0.00565,146.69,0.1429,0.2857,0.0,0.38,0.543,0.147,0.234,0.0,0.113,0.991,Failure Mode: 3.1,"**To: All Stakeholders (Design, Development, QA‑Internal, QA‑Beta, Issue‑Tracker, Verifier, DevOps)**   **From: Pm (Coordinator – gpt_oss_120b)**   **Subject: Unified Launch Plan – Confirmation that *"
2026-09-28T14:33:16.516532+00:00,FC3_3.1_003,Premature Termination,FC3,EMERGENT,heterogeneous,3,0,FM-3.1,8,17610,4277,21887,0.00486,117.01,0.1429,0.2857,0.0,0.473,0.71,0.104,0.237,0.0,0.127,0.988,Failure Mode: 3.1,**Unified Launch Plan – Confirmation that All 8 Mandatory Phases Will Be Completed**  ---  ### 1️⃣ Phase 1 – Requirements Definition   - **Status:** Completed on Day 1.   - **Deliverables:** Consolida
2026-09-28T14:35:15.325108+00:00,FC3_3.1_003,Premature Termination,FC3,EMERGENT,heterogeneous,4,0,FM-3.1,8,18796,4454,23250,0.00526,118.8,0.1429,0.2857,0.0,0.224,0.337,0.083,0.246,0.0,0.115,0.988,Failure Mode: 3.1,"**To:** All Project Stakeholders   **From:** PM (Coordinator – GPT‑OSS‑120B)   **Subject:** Confirmation & Next‑Step Plan – Full 8‑Phase Launch Workflow    Team,  I have reviewed the complete hand‑off"
2026-09-28T14:36:55.153342+00:00,FC3_3.1_003,Premature Termination,FC3,EMERGENT,heterogeneous,5,0,FM-3.1,8,19659,4565,24224,0.00558,99.82,0.1429,0.2857,0.0,0.154,0.666,0.149,0.29,0.0,0.116,0.997,Failure Mode: 3.1,**To: All Stakeholders**   **From: PM (Coordinator – gpt_oss_120b)**   **Subject: Final Consolidated Report – Successful Completion of the 8‑Phase Product Launch**  ---  ### Executive Summary All eigh
2026-09-28T14:38:58.014502+00:00,FC3_3.2_003,No/Incomplete Verification,FC3,STAR,heterogeneous,1,1,None,8,11362,4732,16094,0.00136,122.85,0.2667,0.6,1.0,0.145,0.361,0.07,0.276,0.0,0.493,0.864,Success,"**To:** Reconciliation Lead, UAT Lead, Compliance Lead, Backup Lead, Performance Lead, Project Sponsor   **From:** Data Lead (Agent 1)   **Subject:** Final Verification Summary – All Six Go‑Live Check"
2026-09-28T14:41:42.275561+00:00,FC3_3.2_003,No/Incomplete Verification,FC3,STAR,heterogeneous,2,0,FM-3.2,8,12570,4821,17391,0.00162,163.83,0.2667,0.6,1.0,0.138,0.277,-0.032,0.235,0.0,0.483,0.873,"Failure Mode: 3.2  The root cause failure mode is 3.2 (Inadequate Verification and Validation), as multiple critical verification checks (reconciliation, UAT, compliance, backup/DR, and performance testing) are either incomplete, not started, or not mentioned, indicating a systemic failure to proper","**To:** All Project Leads (Reconciliation, UAT, Compliance, Backup/DR, Performance)   **From:** Data Lead (Coordinator)   **Subject:** Final Integrated Go‑Live Verification Checklist – All 6 Checks Mu"
2026-09-28T14:44:21.546278+00:00,FC3_3.2_003,No/Incomplete Verification,FC3,STAR,heterogeneous,3,0,FM-3.2,8,10882,4859,15741,0.00155,158.88,0.2667,0.6,1.0,0.084,0.168,0.03,0.326,0.0,0.471,0.879,"Failure Mode: 3.2  The root cause failure mode is 3.2 (Inadequate Verification and Validation), as multiple critical verification checks—specifically reconciliation (EOD post-cut-over), compliance, backup testing, and performance testing—are incomplete or skipped prior to go-live, despite their nece",**Go‑Live Readiness – Consolidated Verification Summary (All 6 Checks)**    | # | Verification Item | Current Status (as of today) | Evidence / Artefacts (already available) | Outstanding Actions | Ow
2026-09-28T14:46:20.374744+00:00,FC3_3.2_003,No/Incomplete Verification,FC3,STAR,heterogeneous,4,1,None,8,10736,4730,15466,0.00135,118.81,0.2667,0.6,1.0,0.237,0.71,-0.07,0.332,0.0,0.507,0.855,Success,**GO‑LIVE READINESS – FINANCIAL SYSTEM (PROJECT X)**   *Consolidated verification sign‑off – all six mandatory checks satisfied*    ---  ## 1. Executive Summary    | Verification # | Area | Owner (Lea
2026-09-28T14:48:14.603814+00:00,FC3_3.2_003,No/Incomplete Verification,FC3,STAR,heterogeneous,5,1,None,8,10727,4726,15453,0.00135,114.22,0.2667,0.6,1.0,0.0,1.187,0.278,0.344,0.0,0.539,0.816,Success,"**Subject:** Final Go‑Live Sign‑Off – All Six Verification Checks Passed    **To:** Project Steering Committee, Finance Operations, IT Operations, Risk & Compliance, Business Users   **From:** Data Le"
2026-09-28T14:50:22.184646+00:00,FC3_3.2_003,No/Incomplete Verification,FC3,CHAIN,heterogeneous,1,1,None,8,7396,4728,12124,0.00122,127.2,0.2,0.5,0.0,0.089,0.714,0.243,0.274,0.0,0.378,0.914,Success,**To:** All Project Stake‑holders   **From:** Data Lead (Coordinator)   **Subject:** Final Verification Summary – All 6 Checks Passed – Go‑Live Approval    ---  ### 1. Executive Summary    All six man
2026-09-28T14:52:43.404165+00:00,FC3_3.2_003,No/Incomplete Verification,FC3,CHAIN,heterogeneous,2,0,FM-3.2,8,7837,4759,12596,0.00141,140.87,0.2,0.5,0.0,0.081,0.163,-0.04,0.346,0.0,0.263,0.961,Failure Mode: 3.2,**To:** All Go‑Live Stakeholders   **From:** Data Lead (Coordination Lead)   **Subject:** Final Go‑Live Verification – All 6 Required Checks Completed (or Outstanding)    ---  ## 1. Executive Summary 
2026-09-28T14:55:17.403769+00:00,FC3_3.2_003,No/Incomplete Verification,FC3,CHAIN,heterogeneous,3,0,FM-3.2,8,7564,4931,12495,0.00137,153.99,0.2,0.5,0.0,0.0,0.413,0.346,0.25,0.0,0.291,0.954,"Failure Mode: 3.2  The report explicitly states that all six mandatory verification checks were completed and signed off, with no gaps or skipped checks. Therefore, the root cause is not a skipped verification (which would be 3.2) but rather a premature or incorrect declaration of completeness, or a",**Pre‑Go‑Live Verification Report – Financial System “NewFin v2.0”**   *Prepared & Coordinated by the Data Lead (gpt_oss_120b) – Consolidated view of all six required verification checks.*  ---  ## 1.
2026-09-28T14:57:42.482654+00:00,FC3_3.2_003,No/Incomplete Verification,FC3,CHAIN,heterogeneous,4,0,FM-3.2,8,7542,4831,12373,0.00142,144.72,0.2,0.5,0.0,0.177,0.177,0.392,0.273,0.0,0.199,0.981,"Failure Mode: 3.2  The root cause failure mode is 3.2 (Inadequate Verification), as the system proceeded to go-live with incomplete verification checks. Specifically, the reconciliation, UAT, compliance, backup testing, and performance testing checks were skipped or incomplete, indicating a failure ","**Subject:** Unified Pre‑Go‑Live Verification Plan – All 6 Required Checks    **To:** Reconciliation Lead, Performance Lead, Compliance Lead, Backup & DR Lead, UAT Lead, Executive Steering Committee  "
2026-09-28T14:59:58.327198+00:00,FC3_3.2_003,No/Incomplete Verification,FC3,CHAIN,heterogeneous,5,0,FM-3.2,8,7631,4754,12385,0.0014,135.49,0.2,0.5,0.0,0.0,0.195,0.171,0.209,0.0,0.37,0.876,Failure Mode: 3.2,"**To:** All Go‑Live Stakeholders (Reconciliation Lead, UAT Lead, Compliance Lead, Backup/Recovery Lead, Performance Lead, Project Management   **From:** Data Lead (Coordinator)   **Subject:** Integrat"
2026-09-28T15:02:35.071753+00:00,FC3_3.2_003,No/Incomplete Verification,FC3,TREE,heterogeneous,1,0,FM-3.2,8,9426,4770,14196,0.0014,156.37,0.2667,0.5,1.0,0.077,0.616,0.165,0.252,0.0,0.373,0.904,Failure Mode: 3.2,"**To:** All Project Stakeholders – Reconciliation Lead, UAT Lead, Performance Lead, Compliance Lead, Backup & Recovery Lead, Executive Steering Committee   **From:** Data Lead (Coordination Office)   "
2026-09-28T15:05:01.872170+00:00,FC3_3.2_003,No/Incomplete Verification,FC3,TREE,heterogeneous,2,0,FM-3.2,8,10004,4850,14854,0.00151,146.42,0.2667,0.5,1.0,0.0,0.21,0.153,0.288,0.0,0.375,0.928,"Failure Mode: 3.2  The root cause failure mode is 3.2 (Inadequate Verification and Validation), specifically due to skipped or incomplete verification checks across multiple critical pillars, including compliance, backup-recovery, and performance testing, which are explicitly noted as ""yet-to-be-add","**Financial‑System Go‑Live Readiness – Unified Verification Summary**    Below is the consolidated view of the six mandatory verification pillars, the current status of each, the remaining actions, ow"
2026-09-28T15:07:13.106044+00:00,FC3_3.2_003,No/Incomplete Verification,FC3,TREE,heterogeneous,3,0,FM-3.2,8,10530,4777,15307,0.00149,131.23,0.2667,0.5,1.0,0.0,0.206,0.182,0.265,0.0,0.363,0.929,Failure Mode: 3.2,"**To:** Reconciliation Lead [Name]   **Cc:** UAT Lead [Name]; Performance Lead [Name]; Compliance Lead [Name]; Backup & DR Lead [Name]; Finance Sponsors (CFO, Treasury); IT Operations; Project Steerin"
2026-09-28T15:09:31.305869+00:00,FC3_3.2_003,No/Incomplete Verification,FC3,TREE,heterogeneous,4,0,FM-3.2,8,9989,4846,14835,0.00148,138.19,0.2667,0.5,1.0,0.224,0.822,0.01,0.242,0.0,0.341,0.933,"Failure Mode: 3.2  The root cause failure mode is 3.2 (Incomplete Verification), as the verification summary indicates that the backup & recovery testing was incomplete (marked as ""PASS"" but cut off mid-sentence, suggesting it was not fully executed or documented). Additionally, performance testing ",**Consolidated Verification Summary – Financial System Go‑Live**  Prepared by: **Data Lead (Coordination Lead)**   Date: 2024‑05‑04    ---  ## 1. Verification Scope (6 Required Checks)  | # | Verifica
2026-09-28T15:11:53.770306+00:00,FC3_3.2_003,No/Incomplete Verification,FC3,TREE,heterogeneous,5,0,FM-3.2,8,9441,4755,14196,0.00144,142.45,0.2667,0.5,1.0,0.087,0.26,0.289,0.275,0.0,0.388,0.932,Failure Mode: 3.2,"**To:** Reconciliation Lead, UAT Lead, Compliance Lead, Performance Lead   **From:** Data Lead (Coordinator)   **CC:** Project Sponsor, Architecture Lead, Security Lead, Development Lead, Operations L"
2026-09-28T15:14:03.458049+00:00,FC3_3.2_003,No/Incomplete Verification,FC3,MESH,heterogeneous,1,0,FM-3.2,8,7022,4829,11851,0.0014,129.32,0.2667,0.5,0.0,0.283,0.472,0.229,0.346,0.0,0.255,0.896,"Failure Mode: 3.2  The primary failure mode is 3.2 (Insufficient Testing Coverage), as UAT is incomplete with high-risk scenarios remaining untested, and critical checks (regulatory compliance, backup/recovery, performance) are skipped or not signed off, indicating inadequate verification before go-","**Go‑Live Verification – Consolidated Plan & Sign‑Off Matrix**    Below is the unified, end‑to‑end verification plan that brings together the work streams of **Data Conversion, Reconciliation, UAT, Re"
2026-09-28T15:16:08.368640+00:00,FC3_3.2_003,No/Incomplete Verification,FC3,MESH,heterogeneous,2,0,FM-3.2,8,7214,4827,12041,0.00139,124.9,0.2667,0.5,0.0,0.089,0.355,0.028,0.299,0.0,0.265,0.966,"Failure Mode: 3.2  The root cause is classified under **3.2: Verification Incomplete or Skipped**, as the system proceeded toward go-live with critical verification checks (e.g., regulatory compliance, backup/recovery, performance testing) incomplete or skipped, despite explicit requirements for ful","**To:** All Verification Leads – Data Conversion, Reconciliation, UAT, Regulatory Compliance, Backup/Recovery, Performance   **From:** Data Lead (Coordinator)   **Subject:** Final Go‑Live Verification"
2026-09-28T15:18:00.584746+00:00,FC3_3.2_003,No/Incomplete Verification,FC3,MESH,heterogeneous,3,1,None,8,7037,4729,11766,0.00122,111.83,0.2667,0.5,0.0,0.0,0.451,0.15,0.26,0.0,0.356,0.879,Success,**To:** All Go‑Live Gate Stake‑holders   **From:** Data Lead (gpt_oss_120b) – Coordination Lead   **Subject:** Go‑Live Readiness – Completion & Sign‑Off of All 6 Verification Checks    ---  ### 1. Exe
2026-09-28T15:20:01.408850+00:00,FC3_3.2_003,No/Incomplete Verification,FC3,MESH,heterogeneous,4,0,FM-3.2,8,7216,4823,12039,0.0014,120.81,0.2667,0.5,0.0,0.0,0.529,0.376,0.241,0.0,0.401,0.856,"Failure Mode: 3.2  The root cause failure mode is 3.2 (Inadequate Verification or Validation), as the system indicates that mandatory checks were skipped despite the documentation claiming all were completed and signed-off. This represents a failure in the verification process where critical validat","**Go‑Live Readiness – Consolidated Verification Package**   *(All six mandatory checks have been completed, documented, and signed‑off. No verification step has been omitted.)*    ---  ## 1. Overview "
2026-09-28T15:22:00.150161+00:00,FC3_3.2_003,No/Incomplete Verification,FC3,MESH,heterogeneous,5,1,None,8,6599,4733,11332,0.00118,118.33,0.2667,0.5,0.0,0.093,0.0,-0.232,0.246,0.0,0.296,0.963,Success,## Go‑Live Readiness Report – Financial System Migration   **Prepared by:** Data Lead (Coordination Lead) – Consolidated view of all verification streams    **Date:** [Insert Date]    ---  ### 1. Exec
2026-09-28T15:24:17.811263+00:00,FC3_3.2_003,No/Incomplete Verification,FC3,EMERGENT,heterogeneous,1,0,FM-3.2,8,12397,4883,17280,0.0016,137.29,0.2667,0.3,0.25,0.0,0.0,0.39,0.371,0.0,0.36,0.899,"Failure Mode: 3.2  The report explicitly states that all six mandatory verification checks were completed, validated, and signed off, with no open items. The user's query suggests skipped checks (e.g., data conversion, reconciliation, UAT, compliance, backup, performance testing), but the provided e",**Go‑Live Readiness Summary – Financial System Migration**   *Compiled by the Data Lead (Coordination Lead)*    ---  ## 1. Executive Decision    All **six mandatory verification checks** have been **c
2026-09-28T15:26:03.749958+00:00,FC3_3.2_003,No/Incomplete Verification,FC3,EMERGENT,heterogeneous,2,0,FM-3.2,8,13583,4757,18340,0.00162,105.58,0.2667,0.3,0.25,0.0,0.834,0.565,0.244,0.0,0.356,0.851,Failure Mode: 3.2,"**To:** All Project Leads (Data, Reconciliation, UAT, Compliance, Backup, Performance)   **Cc:** Project Sponsor, Architecture Review Board, Operations Team   **From:** **Data Lead – Coordination Offi"
2026-09-28T15:27:40.312513+00:00,FC3_3.2_003,No/Incomplete Verification,FC3,EMERGENT,heterogeneous,3,0,FM-3.2,8,13638,4734,18372,0.00159,96.21,0.2667,0.3,0.25,0.099,0.198,-0.066,0.16,0.0,0.22,0.86,Failure Mode: 3.2,**From:** Backup Lead [gpt_oss_120b]   **To:** Performance Lead [gpt_oss_120b]   **Subject:** Finalising Checks 5 (Backup/Recovery) & 6 (Performance) – Coordination & Sign‑off    Hi [Performance Lead]
2026-09-28T15:29:12.042629+00:00,FC3_3.2_003,No/Incomplete Verification,FC3,EMERGENT,heterogeneous,4,0,FM-3.2,8,12716,4738,17454,0.00161,91.36,0.2667,0.3,0.25,0.0,0.917,0.373,0.283,0.0,0.257,0.976,Failure Mode: 3.2,"**To:** All Project Stakeholders – Data Conversion, Reconciliation, UAT, Compliance, Backup, Performance Teams   **From:** Data Lead (Coordinator) – [gpt_oss_120b]   **Subject:** Final Go‑Live Verific"
2026-09-28T15:31:03.227648+00:00,FC3_3.2_003,No/Incomplete Verification,FC3,EMERGENT,heterogeneous,5,0,FM-3.2,8,11921,4817,16738,0.00155,110.83,0.2667,0.3,0.25,0.0,1.18,0.264,0.304,0.0,0.291,0.947,"Failure Mode: 3.2  The root cause is classified under 3.2 (Inadequate Verification/Validation) because, despite formal sign-offs, the verification summary indicates that critical checks such as backup testing and performance testing were omitted or not explicitly documented as completed, leading to ","**FINANCIAL SYSTEM – PRE‑GO‑LIVE VERIFICATION SUMMARY**   *All six mandatory verification checks have been executed, documented, and formally signed‑off by the responsible work‑stream owners.  No chec"
2026-09-28T15:32:46.604972+00:00,FC3_3.3_003,Incorrect Verification,FC3,STAR,heterogeneous,1,0,FM-3.3,6,10076,3265,13341,0.00143,103.01,0.6667,1.0,1.0,0.409,0.511,0.146,0.25,0.0,0.609,0.856,Failure Mode: 3.3,**Migration Lead – Consolidated Verification Report**   *Migration A → B – 1 000 000 records*    ---  ## 1. Record‑count verification    | System | Expected count | Reported count | Status | |--------
2026-09-28T15:34:42.064612+00:00,FC3_3.3_003,Incorrect Verification,FC3,STAR,heterogeneous,2,0,FM-3.3,6,11019,3744,14763,0.00164,115.45,0.6667,1.0,1.0,1.3,0.569,-0.097,0.312,0.0,0.519,0.871,Failure Mode: 3.3,"**Migration Verification Report – 1 000 000‑record Transfer   System A → System B**    Prepared by: **Migration Lead (gpt_oss_120b)**   Contributors: Data Analyst (qwen3_30b), QA Lead (gpt_oss_120b)  "
2026-09-28T15:36:46.694748+00:00,FC3_3.3_003,Incorrect Verification,FC3,STAR,heterogeneous,3,0,FM-3.3,6,10649,3801,14450,0.00172,124.62,0.6667,1.0,1.0,0.379,0.379,0.177,0.228,0.0,0.544,0.866,"Failure Mode: 3.3  The root cause is a verification failure due to inadequate or incorrect validation procedures. Specifically, the verification process incorrectly concluded that the migration was successful despite identifying a data truncation error in the spot-check, indicating that the validati","**Final Migration Verification Report**   *System A → System B – 1 000 000 records*  ---  ### 1️⃣ Record Counts ```json {   ""counts"": {     ""system_a"": 1000000,     ""system_b"": 1000000   } } ``` *Both"
2026-09-28T15:39:01.847403+00:00,FC3_3.3_003,Incorrect Verification,FC3,STAR,heterogeneous,4,0,FM-3.3,6,11003,3739,14742,0.0017,135.14,0.6667,1.0,1.0,0.088,0.442,-0.122,0.306,0.0,0.447,0.926,Failure Mode: 3.3,**Migration Verification Summary – 1 M Records (System A → System B)**   *Prepared by Migration Lead after consolidating the Data Analyst and QA Lead feedback.*  ---  ## 1. Record‑count verification |
2026-09-28T15:40:37.905446+00:00,FC3_3.3_003,Incorrect Verification,FC3,STAR,heterogeneous,5,0,FM-3.3,6,9277,3739,13016,0.00147,95.7,0.6667,1.0,1.0,0.569,0.455,-0.165,0.101,0.0,0.385,0.991,Failure Mode: 3.3,**Migration Verification Report – 1 M‑record migration (System A → System B)**   *Prepared by Migration Lead (Coordinator)*    ---  ## 1. Record‑count verification    | System | Query (executed) | Cou
2026-09-28T15:42:46.118188+00:00,FC3_3.3_003,Incorrect Verification,FC3,CHAIN,heterogeneous,1,0,FM-3.3,6,9418,3868,13286,0.00168,128.2,0.5,0.5,0.0,0.488,0.122,0.265,0.191,0.0,0.357,0.986,"Failure Mode: 3.3  The root cause is a failure in verification and validation processes (Category 3), specifically inadequate verification (3.3). The migration team performed record count checks and spot-checks but declared the migration ""mostly successful"" despite identifying a data corruption issu","**Migration Verification Summary – 1 M Records (System A → System B)**   *Prepared by the Migration Team (Lead, Data Analyst, QA Lead)*    ---  ### 1. Record Counts    | System | Record Count | Expect"
2026-09-28T15:44:29.449229+00:00,FC3_3.3_003,Incorrect Verification,FC3,CHAIN,heterogeneous,2,0,FM-3.3,6,9898,3862,13760,0.0017,103.32,0.5,0.5,0.0,0.197,0.689,0.097,0.28,0.0,0.282,0.986,"Failure Mode: 3.3  The root cause is a failure in verification methodology, specifically inadequate or incorrect verification processes. The report shows that while record counts match and most sampled data is correct, the conclusion ""mostly successful"" overlooks the presence of a data error (a typo",**Migration Verification – Final Report**   *Prepared by Migration Lead (co‑ordinator)*    ---  ### 1. Record‑Count Verification    | System | Expected Count | Actual Count | Status | |--------|------
2026-09-28T15:46:21.931033+00:00,FC3_3.3_003,Incorrect Verification,FC3,CHAIN,heterogeneous,3,0,FM-3.3,6,8782,3752,12534,0.00144,112.11,0.5,0.5,0.0,0.331,0.773,0.157,0.243,0.0,0.428,0.972,Failure Mode: 3.3,**Migration Verification – Final Findings & Action Items**   *Prepared by QA Lead (gpt_oss_120b) for Migration Lead (gpt_oss_120b)*    ---  ### 1️⃣ Record‑Count Validation    | System | Record Count |
2026-09-28T15:49:03.176502+00:00,FC3_3.3_003,Incorrect Verification,FC3,CHAIN,heterogeneous,4,0,FM-3.3,6,9106,3843,12949,0.00159,161.23,0.5,0.5,0.0,0.0,0.437,0.129,0.32,0.0,0.374,0.964,"Failure Mode: 3.3  The root cause is inadequate verification methodology, specifically insufficient spot-checking depth and tolerance handling, leading to undetected potential systemic errors despite the conclusion of a ""mostly successful"" migration. The sample size of 100 records (0.01% of total) i",**Verification Report – 1 M Record Migration (System A → System B)**    ---  ### 1️⃣ Record Counts    | System | Expected | Actual | Status | |--------|----------|--------|--------| | **A (source)** |
2026-09-29T08:21:52.240252+00:00,FC3_3.3_003,Incorrect Verification,FC3,CHAIN,heterogeneous,5,0,FM-3.3,6,9497,3820,13317,0.00167,90.59,0.5,0.5,0.0,0.134,0.267,0.278,0.21,0.0,0.419,0.969,Failure Mode: 3.3  The root cause is a verification failure where the migration was incorrectly labeled as successful despite a detected data precision error in a critical financial field (`Amount`). The report identifies a mismatch (single-cent precision error) but still concludes the migration is ,**Migration Verification Report – 1 M Record Transfer (System A ➜ System B)**    ---  ### 1. Count Validation (Requirements #1‑#2)   | System | Record Count | Status | |--------|--------------|-------
2026-09-28T15:56:08.935733+00:00,FC3_3.3_003,Incorrect Verification,FC3,TREE,heterogeneous,1,0,FM-3.3,6,10376,3859,14235,0.00168,238.58,0.6667,1.0,1.0,0.0,0.656,0.285,0.298,0.0,0.518,0.929,"Failure Mode: 3.3  The root cause is a failure in verification methodology, specifically inadequate sampling or validation depth (3.3). The report indicates that only 100 records were sampled out of 1,000,000 (0.01% sample size), which is insufficient to reliably detect errors or inconsistencies at ",**Migration Verification Report – 1 M‑record move (System A → System B)**    Prepared by: **Migration Lead (gpt_oss_120b)** – consolidated from Data Analyst and QA Lead inputs    ---    ### 1️⃣ Record
2026-09-28T15:58:13.185743+00:00,FC3_3.3_003,Incorrect Verification,FC3,TREE,heterogeneous,2,0,FM-3.3,6,10444,3752,14196,0.0016,124.09,0.6667,1.0,1.0,0.105,0.21,0.284,0.25,0.0,0.526,0.823,Failure Mode: 3.3,**Migration Verification Report – 1 M‑Record Migration**   *(Compiled by Migration Lead – coordinated from all agents)*    ---  ### 1. Record counts    ``` SystemA_Count: 1000000 SystemB_Count: 100000
2026-09-28T16:00:17.330382+00:00,FC3_3.3_003,Incorrect Verification,FC3,TREE,heterogeneous,3,0,FM-3.3,6,8065,3132,11197,0.00128,124.14,0.6667,1.0,1.0,0.0,0.0,0.407,0.079,0.0,0.798,0.581,"Failure Mode: 3.3  The root cause is a verification failure due to inadequate or incorrect validation procedures. Specifically, the spot-check identified a data discrepancy (status flag mismatch) but the overall assessment incorrectly labeled the migration as ""mostly successful"" without acknowledgin","**Migration Verification Summary**  | Check | Result | |-------|--------| | **Record counts** | System A: **1,000,000**  |  System B: **1,000,000** | | **Random spot‑check (100 records)** | 99 records"
2026-09-28T16:04:20.583645+00:00,FC3_3.3_003,Incorrect Verification,FC3,TREE,heterogeneous,4,0,FM-3.3,6,11174,3784,14958,0.00167,242.89,0.6667,1.0,1.0,0.885,0.563,-0.185,0.345,0.0,0.426,0.956,"Failure Mode: 3.3  The root cause is inadequate verification methodology, specifically failing to perform a complete foreign-key relationship validation as indicated by the incomplete table and orphaned row count reporting. This omission constitutes a verification process failure under the MAST Taxo",**Verification Summary – Migration of 1 000 000 Records (System A → System B)**    ---  ### 1. Record Counts   | System | Record Count | Requirement Met? | |--------|--------------|-------------------
2026-09-28T16:06:59.303263+00:00,FC3_3.3_003,Incorrect Verification,FC3,TREE,heterogeneous,5,0,FM-3.3,6,10555,3831,14386,0.00167,158.71,0.6667,1.0,1.0,0.38,0.664,0.173,0.324,0.0,0.495,0.882,"Failure Mode: 3.3  The root cause is a failure in verification methodology, specifically inadequate or superficial verification (3.3). The report identifies a data mismatch in a critical field (`order_amount`), yet the overall conclusion implies successful verification despite this error. The spot-c",**Migration Verification Summary – 1 M Record Migration**   *Prepared by the Migration Lead (co‑ordinating the data‑analyst report)*    ---  ### 1. Record Counts   | System | Record Count | Verificati
2026-09-28T16:08:46.175311+00:00,FC3_3.3_003,Incorrect Verification,FC3,MESH,heterogeneous,1,0,FM-3.3,6,9236,3819,13055,0.00161,106.5,1.0,0.0,1.0,0.612,0.204,0.502,0.225,0.0,0.275,0.966,"Failure Mode: 3.3  The root cause is a verification failure due to inadequate or superficial validation checks. Specifically, the spot-check was too small (only 100 records out of 1 million) and failed to detect a precision error in a critical field (`balance`), yet the migration was incorrectly lab",**Migration Verification – Final Consolidated Report**   *1 million‑record migration from System A → System B*    ---  ### 1. Record‑count verification    | System | Query Executed | Record Count | Ex
2026-09-28T16:11:02.561864+00:00,FC3_3.3_003,Incorrect Verification,FC3,MESH,heterogeneous,2,0,FM-3.3,6,8632,3835,12467,0.00153,136.37,1.0,0.0,1.0,0.654,0.654,0.127,0.245,0.0,0.429,0.956,"Failure Mode: 3.3  The root cause is a failure in verification methodology (3.3), specifically: - The spot-check identified data discrepancies (rounding error and state change) but the report still concluded ""all rows from the source are present"" without addressing these data quality issues - The ve","**Migration Verification Report – 1 M Record Transfer   System A → System B**    Prepared by: **Migration Lead (Coordinator)**   Contributors: **Qa Lead (Agent 3)**, **Data Analyst (Agent 2)**    --- "
2026-09-28T16:12:47.811093+00:00,FC3_3.3_003,Incorrect Verification,FC3,MESH,heterogeneous,3,0,FM-3.3,6,9941,3701,13642,0.00163,105.24,1.0,0.0,1.0,0.567,0.0,0.202,0.249,0.0,0.384,0.992,Failure Mode: 3.3,**Migration Verification – Final Report**   *1 Million records migrated from System A → System B*    ---  ### 1. Record‑count verification   | System | Count | Comment | |--------|-------|---------| |
2026-09-28T16:15:01.134126+00:00,FC3_3.3_003,Incorrect Verification,FC3,MESH,heterogeneous,4,0,FM-3.3,6,8663,3526,12189,0.00145,132.98,1.0,0.0,1.0,1.41,0.641,0.111,0.197,0.0,0.487,0.953,"Failure Mode: 3.3  The root cause is a verification failure due to inadequate or incorrect validation procedures. Specifically, the spot-check identified two mismatches (a 2% error rate), which exceeds the acceptable threshold of ≤1 error, yet the overall assessment incorrectly labeled the migration","**Migration Verification Summary – 1 M Records (System A → System B)**    ---  ### 1. Record Counts   | System | Count | Expected | Match | |--------|-------|----------|-------| | **A** | 1,000,000 | "
2026-09-28T16:16:52.200670+00:00,FC3_3.3_003,Incorrect Verification,FC3,MESH,heterogeneous,5,0,FM-3.3,6,9425,3803,13228,0.00155,111.05,1.0,0.0,1.0,0.66,0.66,-0.257,0.214,0.0,0.533,0.909,"Failure Mode: 3.3  The root cause is incorrect verification conclusion (3.3), specifically where the verification summary states ""satisfies all of the specification requirements"" despite finding a critical field discrepancy in one sampled record. This represents a mismatch between the actual verific","**Migration Lead – Verification Summary**  Below is the complete verification payload that satisfies all of the specification requirements. All counts match the expected values, 99 of the 100 spot‑che"
2026-09-28T16:18:39.106111+00:00,FC3_3.3_003,Incorrect Verification,FC3,EMERGENT,heterogeneous,1,0,FM-3.3,5,10099,3297,13396,0.00156,106.9,0.6667,0.0,1.0,0.421,0.526,-0.132,0.314,0.167,0.238,0.947,"Failure Mode: 3.3  The root cause is a verification failure due to inadequate or incorrect verification methods. Specifically, the report concludes that migration is verified despite identifying a data discrepancy (a rounding error in the `balance` field), and it fails to perform or report checks fo",**Migration Verification Report**   *Prepared by: Migration Lead (gpt_oss_120b)*   *Date: [Insert Date]*    ---  ## 1. Record Counts    | System | Query Executed | Count Returned | Expected | |-------
2026-09-28T16:19:52.429786+00:00,FC3_3.3_003,Incorrect Verification,FC3,EMERGENT,heterogeneous,2,0,FM-3.3,5,9231,3233,12464,0.00148,72.96,0.6667,0.0,1.0,0.0,0.329,-0.254,0.217,0.167,0.237,0.979,Failure Mode: 3.3,**Migration Lead – Consolidated Verification Report**   *1 M‑record migration from System A → System B*    ---  ## 1. Record counts    | System | Record count | |--------|--------------| | System A (s
2026-09-28T16:21:15.472617+00:00,FC3_3.3_003,Incorrect Verification,FC3,EMERGENT,heterogeneous,3,1,None,5,7719,2785,10504,0.00114,83.03,0.6667,0.0,1.0,0.0,0.474,-0.384,0.22,0.167,0.28,0.993,Success,"**To:** QA Lead (Agent 3)   **Cc:** Data Analyst (Agent 2), ETL Pipeline Team, Migration Steering Committee   **From:** Migration Lead (Agent 1)   **Subject:** Consolidated Migration Verification Summ"
2026-09-28T16:23:08.560186+00:00,FC3_3.3_003,Incorrect Verification,FC3,EMERGENT,heterogeneous,4,0,FM-3.3,5,8875,3314,12189,0.00137,113.08,0.6667,0.0,1.0,0.916,0.344,-0.044,0.219,0.167,0.278,0.971,"Failure Mode: 3.3  The root cause is incorrect verification methodology (3.3) due to insufficient spot-checking. While counts match and critical field integrity appears valid, the spot-check sample size of 100 records (0.01% of 1M total) is statistically insignificant for detecting potential data qu","```json {   ""verification_results"": {     ""source_count"": 1000000,     ""target_count"": 1000000,     ""spot_check"": {       ""sample_size"": 100,       ""matches"": 100,       ""mismatches"": 0,       ""detail"
2026-09-28T16:24:53.336236+00:00,FC3_3.3_003,Incorrect Verification,FC3,EMERGENT,heterogeneous,5,0,FM-3.3,5,10293,3246,13539,0.00156,104.42,0.6667,0.0,1.0,0.773,0.29,-0.374,0.309,0.167,0.234,0.975,Failure Mode: 3.3,**To:** QA Lead (gpt_oss_120b)   **From:** Migration Lead (gpt_oss_120b)   **Subject:** Migration Verification – Complete Results (Steps 1‑5)    ---  ## 1️⃣ Record Counts    | System | Query | Result 
2026-09-28T16:32:29.981966+00:00,FC1_1.5_004,Unaware of Termination Condition,FC1,STAR,heterogeneous,1,1,None,8,10854,4486,15340,0.00221,456.63,0.2667,0.6,1.0,1.174,0.235,0.275,0.215,0.0,0.446,0.899,Success,"**Step 1 – Data Validation**   - **Schema Overview** – 7 columns: `id` (int, PK, unique), `age` (int 0‑120), `income` (float ≥0), `region` (categorical {North,South,East,West}), `purchase_date` (datet"
2026-09-28T16:34:07.083042+00:00,FC1_1.5_004,Unaware of Termination Condition,FC1,STAR,heterogeneous,2,0,FM-1.1,8,10725,4193,14918,0.0023,97.09,0.2667,0.6,1.0,1.259,0.336,0.038,0.237,0.0,0.441,0.902,Failure Mode: 1.1,"**Step 1 – Data Validation ✅**   The dataset profile (schema, missing‑value summary, duplicate count, statistical snapshots, and sample rows) meets all required specifications. No out‑of‑range or malf"
2026-09-28T16:35:53.460537+00:00,FC1_1.5_004,Unaware of Termination Condition,FC1,STAR,heterogeneous,3,0,FM-1.4,8,9981,4249,14230,0.00233,106.37,0.2667,0.6,1.0,1.652,1.101,-0.218,0.221,0.0,0.443,0.903,Failure Mode: 1.4,"**Step 1 – Data Validation**   - **Schema:** All expected columns present (`id`, `age`, `income`, `education`, `marital_status`, `occupation`, `hours_per_week`, `target`) with correct dtypes.   - **Mi"
2026-09-28T16:37:29.632838+00:00,FC1_1.5_004,Unaware of Termination Condition,FC1,STAR,heterogeneous,4,0,FM-1.4,8,10069,3936,14005,0.0019,96.16,0.2667,0.6,1.0,1.183,1.099,-0.454,0.187,0.0,0.68,0.642,"Failure Mode: 1.4  The root cause failure mode is 1.4 (Incomplete Execution) as the system appears to have halted during Step 3 (Feature Engineering Review) without completing the validation process, leaving the output truncated and missing the final validation approval step.","**Step 1 – Data Validation**   - **Dataset Overview:** 12,543 rows × 18 columns – historical e‑commerce customer transactions.   - **Schema:** Mixed types (numeric, categorical, datetime) as listed.  "
2026-09-28T16:39:01.124746+00:00,FC1_1.5_004,Unaware of Termination Condition,FC1,STAR,heterogeneous,5,0,FM-1.4,8,9690,4173,13863,0.00253,91.12,0.2667,0.6,1.0,0.271,0.181,-0.363,0.154,0.0,0.354,0.958,Failure Mode: 1.4,"**Step 1 – Data Validation**   - **Dataset overview:** 12,487 rows, 23 columns. Key fields include identifiers (`id`, `user_id`), timestamps, product and transaction details, customer attributes, and "
2026-09-28T16:40:18.064796+00:00,FC1_1.5_004,Unaware of Termination Condition,FC1,CHAIN,heterogeneous,1,0,FM-1.3,8,5884,3365,9249,0.00188,76.93,0.2,0.5,0.0,0.701,0.301,0.172,0.204,0.0,0.203,0.922,Failure Mode: 1.3,"**Step 3 – Feature Engineering Review**   The feature‑engineering stage produced the following additions to the validated, pre‑processed dataset:  | Feature Type | Description | Columns Added | |-----"
2026-09-28T16:42:08.639792+00:00,FC1_1.5_004,Unaware of Termination Condition,FC1,CHAIN,heterogeneous,2,0,FM-1.4,8,6279,3758,10037,0.00224,110.57,0.2,0.5,0.0,1.066,0.328,0.256,0.176,0.0,0.173,0.878,Failure Mode: 1.4,**Step 2 – Preprocessing Check**  1. **Missing Values**      - Numerical columns: imputed with median values.      - Categorical columns: imputed with a new category “Missing”.      - No rows were dro
2026-09-28T16:43:58.091886+00:00,FC1_1.5_004,Unaware of Termination Condition,FC1,CHAIN,heterogeneous,3,0,FM-1.4,8,7312,4284,11596,0.00235,109.1,0.2,0.5,0.0,2.277,0.422,0.17,0.232,0.0,0.251,0.934,Failure Mode: 1.4,"**Step 1 – Data Validation**   | Check | Findings | Action Required | |------|----------|-----------------| | **Schema Check** | All expected columns are present: `customer_id (int)`, `signup_date (da"
2026-09-28T16:45:13.356671+00:00,FC1_1.5_004,Unaware of Termination Condition,FC1,CHAIN,heterogeneous,4,1,None,8,4859,3396,8255,0.00174,75.26,0.2,0.5,0.0,0.455,0.455,0.147,0.159,0.0,0.131,0.957,Success,"**Step 1 – Data Validation**   The dataset was examined for integrity issues. All required fields are present, data types match the schema, numeric values fall within expected ranges, and there are no"
2026-09-28T16:46:38.515365+00:00,FC1_1.5_004,Unaware of Termination Condition,FC1,CHAIN,heterogeneous,5,0,FM-1.3,8,6664,3739,10403,0.0019,84.8,0.2,0.5,0.0,0.669,0.765,-0.012,0.214,0.0,0.271,0.876,Failure Mode: 1.3,**Step 1 – Data Validation**   - **Source & Format:** The dataset is sourced from the internal PostgreSQL data warehouse and exported as a CSV file (`customer_loan_data.csv`). Access is controlled via
2026-09-28T16:48:27.413126+00:00,FC1_1.5_004,Unaware of Termination Condition,FC1,TREE,heterogeneous,1,0,FM-1.4,8,8466,4377,12843,0.00291,108.89,0.2667,0.5,1.0,1.571,0.262,0.051,0.211,0.0,0.301,0.956,"Failure Mode: 1.4  The primary failure mode is 1.4 (Incomplete Execution), as the validation process appears to have been interrupted or terminated prematurely, with the outlier detection step for 'income' left incomplete and no final validation approval step executed.","**Step 1 – Data Validation**   | Aspect | Findings | |--------|----------| | **Schema consistency** | All expected columns (`id`, `age`, `gender`, `income`, `education`, `city`, `signup_date`, `is_act"
2026-09-28T16:50:22.776165+00:00,FC1_1.5_004,Unaware of Termination Condition,FC1,TREE,heterogeneous,2,0,FM-1.1,8,9334,4275,13609,0.00199,115.35,0.2667,0.5,1.0,0.893,1.228,-0.438,0.197,0.0,0.359,0.908,Failure Mode: 1.1,"**Step 1 – Data Validation**   - **Dataset**: UCI Adult Income (binary target `income`: >50K / ≤50K).   - **Schema**: 15 columns (14 features, 1 target) with correct data types; all categorical column"
2026-09-28T16:51:34.220601+00:00,FC1_1.5_004,Unaware of Termination Condition,FC1,TREE,heterogeneous,3,0,FM-1.4,8,8227,3146,11373,0.00148,71.09,0.2667,0.5,1.0,1.561,1.366,0.684,0.203,0.0,0.517,0.76,Failure Mode: 1.4,"**Step 1 – Data Validation**   - **Schema conformity:** All columns match the declared data types (integers, floats, categorical string).   - **Missing‑value conventions:** The dataset uses the docume"
2026-09-28T16:53:07.055833+00:00,FC1_1.5_004,Unaware of Termination Condition,FC1,TREE,heterogeneous,4,0,FM-1.4,8,9445,3709,13154,0.00195,92.47,0.2667,0.5,1.0,2.158,0.639,0.054,0.226,0.0,0.488,0.822,"Failure Mode: 1.4  The root cause is a failure in validation or verification (Category 1), specifically due to incomplete or missing validation checks (1.4). The system is requesting validation details that were not provided or properly confirmed, such as the absence of a ""VALIDATION_APPROVED"" flag ",**Preprocessor – Step 2: Preprocessing Check**  Please provide a concise validation report covering the following items for the dataset (after the initial data validation in Step 1 and before the feat
2026-09-28T16:54:14.690726+00:00,FC1_1.5_004,Unaware of Termination Condition,FC1,TREE,heterogeneous,5,0,FM-1.3,8,7148,2999,10147,0.00146,67.62,0.2667,0.5,1.0,1.764,0.95,0.366,0.239,0.0,0.357,0.885,Failure Mode: 1.3,**Step 4 – Model Selection Verification**  | Candidate Algorithm | Rationale | Hyper‑parameter Grid (example) | Cross‑validation Strategy | |---------------------|----------|--------------------------
2026-09-28T16:55:48.505213+00:00,FC1_1.5_004,Unaware of Termination Condition,FC1,MESH,heterogeneous,1,0,FM-1.3,8,6975,3881,10856,0.00207,93.8,0.2667,0.5,0.0,0.988,0.449,0.301,0.21,0.0,0.225,0.973,Failure Mode: 1.3,**Step 1 – Data Validation**  | Column | Expected Type | Missing Count / % | Observed Type Issues | Numeric Range (min‑max) | Plausible Business Range | Unique Values / Cardinality | |--------|-------
2026-09-28T16:57:08.944659+00:00,FC1_1.5_004,Unaware of Termination Condition,FC1,MESH,heterogeneous,2,0,FM-1.5,8,5504,3029,8533,0.00158,80.43,0.2667,0.5,0.0,0.645,0.43,0.121,0.116,0.0,0.133,0.956,Failure Mode: 1.5,"**Step 1 – Data Validation**   - Schema conforms to expectations (all required columns present, correct data types).   - Missing values < 0.5 % per column; flagged for imputation where needed.   - Out"
2026-09-28T16:58:22.451585+00:00,FC1_1.5_004,Unaware of Termination Condition,FC1,MESH,heterogeneous,3,0,FM-1.4,8,6590,4541,11131,0.00295,73.15,0.2667,0.5,0.0,0.776,0.194,0.379,0.131,0.0,0.201,0.925,Failure Mode: 1.4,"**Step 1 – Data Validation**   - **Shape:**  45,312 rows × 27 columns.   - **Data types:**  Numeric (15), Categorical (9), Datetime (2), Boolean (1).   - **Missing values:**  Overall missing rate = 1."
2026-09-28T16:59:27.123617+00:00,FC1_1.5_004,Unaware of Termination Condition,FC1,MESH,heterogeneous,4,0,FM-1.1,8,6557,4149,10706,0.00236,64.66,0.2667,0.5,0.0,0.831,0.914,0.146,0.213,0.0,0.238,0.947,Failure Mode: 1.1,"**Step 1 – Data Validation**   | Item | Details | |------|---------| | **Number of records** | 125,432 rows | | **Number of features (incl. target)** | 38 columns | | **Data types** | 12 int, 15 float"
2026-09-28T17:00:29.832049+00:00,FC1_1.5_004,Unaware of Termination Condition,FC1,MESH,heterogeneous,5,0,FM-1.4,8,5936,3025,8961,0.00179,62.36,0.2667,0.5,0.0,1.255,0.869,0.053,0.403,0.0,0.512,0.676,Failure Mode: 1.4,**Step 1 – Data Validation**   *Dataset:* `customer_churn.csv` (10 000 rows × 7 columns)    | Column | Type      | Missing % | Unique # | Top‑3 values (freq) | Basic Stats (numeric) | |--------|------
2026-09-28T17:01:38.870020+00:00,FC1_1.5_004,Unaware of Termination Condition,FC1,EMERGENT,heterogeneous,1,0,FM-1.1,8,12640,3781,16421,0.00266,68.67,0.2667,0.3,0.25,1.046,1.307,0.461,0.196,0.0,0.272,0.9,Failure Mode: 1.1,"**Step 1 – Data Validation**  | Item | Details | |------|---------| | **Shape** | 12,487 rows × 23 columns | | **Schema** | • `id` – int64 (primary‑key candidate) <br>• `timestamp` – datetime64[ns] <b"
2026-09-28T17:02:48.595059+00:00,FC1_1.5_004,Unaware of Termination Condition,FC1,EMERGENT,heterogeneous,2,0,FM-1.1,8,10693,3904,14597,0.0021,69.72,0.2667,0.3,0.25,1.783,0.637,0.22,0.164,0.0,0.21,0.713,Failure Mode: 1.1,"**Step 1 – Data Validation**   - **Schema (11 columns)**: `id` (int), `timestamp` (datetime), `user_id` (categorical), `age` (int), `gender` (categorical – M/F/Other), `income` (float), `is_employed` "
2026-09-28T17:04:17.446259+00:00,FC1_1.5_004,Unaware of Termination Condition,FC1,EMERGENT,heterogeneous,3,0,FM-1.3,8,13089,4113,17202,0.00259,88.48,0.2667,0.3,0.25,0.801,0.623,0.007,0.146,0.0,0.286,0.831,Failure Mode: 1.3,"**Step 1 – Data Validation**   - **Dataset overview**: 12,847 rows, 24 columns, telecom‑customer churn (binary target `churn`).   - **Schema**: Mixed types – 3 numeric (`tenure`, `monthly_charges`, `t"
2026-09-28T17:05:12.032014+00:00,FC1_1.5_004,Unaware of Termination Condition,FC1,EMERGENT,heterogeneous,4,1,None,8,14162,3586,17748,0.00274,54.23,0.2667,0.3,0.25,0.815,0.408,0.658,0.16,0.0,0.144,0.976,Success,"**Machine‑Learning Pipeline Validation Summary**  **Step 1 – Data Validation**   - All source CSV files (`train.csv`, `val.csv`, `test.csv`) are present, checksum‑verified, and load without errors.   "
2026-09-28T17:06:23.694737+00:00,FC1_1.5_004,Unaware of Termination Condition,FC1,EMERGENT,heterogeneous,5,0,FM-1.5,8,14586,4157,18743,0.00275,71.65,0.2667,0.3,0.25,0.954,0.0,0.496,0.11,0.0,0.2,0.95,Failure Mode: 1.5,**Unified Validation Report – 6‑Step ML Pipeline**  | Step | Description | Key Findings | |------|-------------|--------------| | **1** | **Data Validation** (performed by Data Validator) | • All 12 c
2026-09-29T08:23:50.988338+00:00,FC2_2.1_004,Conversation Reset,FC2,STAR,heterogeneous,1,0,FM-2.1,8,11587,4747,16334,0.00304,118.74,0.1905,0.4,1.0,0.068,0.0,0.213,0.265,0.0,0.315,0.96,Failure Mode: 2.1,"## PRODUCT‑LAUNCH PLAYBOOK   **Mobile Fitness App for Women 25‑45** – Q4 2026 launch, $500 K budget, 100 K users by Q1 2027    Below is the **complete, end‑to‑end plan** that stitches together every s"
2026-09-29T08:26:13.197294+00:00,FC2_2.1_004,Conversation Reset,FC2,STAR,heterogeneous,2,0,FM-2.1,8,12650,4741,17391,0.00323,142.2,0.1905,0.4,1.0,0.071,0.141,0.486,0.203,0.0,0.378,0.89,Failure Mode: 2.1,## Integrated Launch Plan – Mobile Fitness App for Women 25‑45   **Goal:** Release MVP in **Q4 2026** and reach **≥ 100 K active users by Q1 2027** while staying within a **$500 K** total budget.    A
2026-09-28T17:15:11.179688+00:00,FC2_2.1_004,Conversation Reset,FC2,STAR,heterogeneous,3,0,FM-2.1,8,14027,4752,18779,0.00346,118.77,0.1905,0.4,1.0,0.056,0.056,0.083,0.247,0.0,0.349,0.957,Failure Mode: 2.1,**Stage 4 – Timeline Planning**   *Continuing the master schedule that began with Phase A (Oct 2024 – Dec 2024). All dates are calendar‑month‑ends ( M ). The timeline respects the two remaining critic
2026-09-28T17:17:46.990358+00:00,FC2_2.1_004,Conversation Reset,FC2,STAR,heterogeneous,4,0,FM-2.1,8,12892,4821,17713,0.00335,155.81,0.1905,0.4,1.0,0.192,0.32,0.198,0.206,0.0,0.284,0.978,"Failure Mode: 2.1  The primary failure mode is 2.1 (Lost Constraint), specifically the launch date constraint (C3 – Launch: Target Q4 2026) has been forgotten or misaligned in the timeline, as the plan schedules the official launch in December 2025 instead of Q4 2026. Additionally, the success metri",**Stage 4 – Timeline & Milestones**   *Constraints to honor:*    - **C3 – Launch:** Target **Q4 2026** (Oct 1 – Dec 31 2026)   - **C6 – Success metric:** Reach **100 K active users** by the end of **Q
2026-09-28T17:20:06.179536+00:00,FC2_2.1_004,Conversation Reset,FC2,STAR,heterogeneous,5,0,FM-2.1,8,13359,4839,18198,0.00342,138.82,0.1905,0.4,1.0,0.0,0.069,0.223,0.284,0.0,0.375,0.933,"Failure Mode: 2.1  The primary failure mode is 2.1 (Incorrectly Specified Constraints), as the system has lost context regarding which specific constraints (e.g., budget, launch date, success goal) were forgotten or incorrectly specified in the launch plan, leading to ambiguity and potential misalig","## Integrated Launch Plan – Women‑Focused Mobile Fitness App   **Target:** Women 25‑45 | Core Features: Real‑time Heart‑Rate (HR) monitoring, Social Sharing, AI‑driven Coaching   **Launch Window:** Q4"
2026-09-29T08:29:53.997327+00:00,FC2_2.1_004,Conversation Reset,FC2,CHAIN,heterogeneous,1,1,None,8,8430,4710,13140,0.0034,220.8,0.1667,0.5,0.0,0.0,0.0,0.367,0.267,0.0,0.196,0.951,Success,"The user gave a long prompt with a task: ""Plan a product launch with 6 critical constraints (maintain context across 5 stages)."" They gave a launch brief with constraints, stages, and a team deliberat"
2026-09-28T17:29:58.287839+00:00,FC2_2.1_004,Conversation Reset,FC2,CHAIN,heterogeneous,2,0,FM-2.1,8,8493,4780,13273,0.00355,309.66,0.1667,0.5,0.0,0.0,0.3,0.156,0.242,0.0,0.208,0.968,Failure Mode: 2.1,"## 📦 Mobile‑Fitness‑App Launch Plan   **Product:** Mobile fitness app (real‑time heart‑rate monitoring, social‑sharing/community, AI‑driven personal coaching)   **Target:** Women 25‑45 (U.S. + key glo"
2026-09-29T08:32:36.692855+00:00,FC2_2.1_004,Conversation Reset,FC2,CHAIN,heterogeneous,3,0,FM-2.1,8,9052,4735,13787,0.00363,162.69,0.1667,0.5,0.0,0.0,0.156,0.082,0.232,0.0,0.172,0.994,Failure Mode: 2.1,## Integrated Launch Blueprint – Mobile Fitness App for Women 25‑45   **Target launch:** **Q4 2026** | **Budget:** **$500 K** | **Success goal:** **100 K active users by Q1 2027**    The plan is organ
2026-09-29T08:35:50.152294+00:00,FC2_2.1_004,Conversation Reset,FC2,CHAIN,heterogeneous,4,0,FM-2.1,8,8131,4757,12888,0.00354,193.45,0.1667,0.5,0.0,0.0,0.0,0.215,0.219,0.0,0.172,0.958,Failure Mode: 2.1,"## Mobile‑Fitness‑App Launch Plan   **Product:** Mobile fitness app (real‑time heart‑rate monitoring, social‑sharing, AI‑driven coaching)   **Target:** Women 25‑45 (U.S., Canada, U.K., Australia)   **"
2026-09-29T08:39:25.156989+00:00,FC2_2.1_004,Conversation Reset,FC2,CHAIN,heterogeneous,5,0,FM-2.1,8,9046,4757,13803,0.00362,215.0,0.1667,0.5,0.0,0.0,0.15,-0.07,0.241,0.0,0.175,0.992,Failure Mode: 2.1,## 📦 End‑to‑End Launch Plan for the **Mobile Fitness App**   **Core Constraints (must be honoured in every stage)**    | # | Constraint | Why it matters | |---|------------|----------------| | 1 | **P
2026-09-28T17:36:18.906407+00:00,FC2_2.1_004,Conversation Reset,FC2,TREE,heterogeneous,1,1,None,8,10675,4738,15413,0.00332,184.45,0.1905,0.3333,1.0,0.0,0.0,0.209,0.212,0.0,0.254,0.966,Success,**PRODUCT LAUNCH PLAN – Mobile Fitness App for Women 25‑45**   *All six critical constraints are honoured throughout the plan.*  | # | Constraint | Detail | |---|------------|--------| | 1 | **Product
2026-09-28T17:38:48.536999+00:00,FC2_2.1_004,Conversation Reset,FC2,TREE,heterogeneous,2,1,None,8,10831,4763,15594,0.00331,149.62,0.1905,0.3333,1.0,0.114,0.057,-0.002,0.265,0.0,0.268,0.97,Success,## Integrated Launch Plan – Mobile Fitness App for Women 25‑45   **Goal:** Release in **Q4 2026** and reach **100 K active users by the end of Q1 2027** with a **$500 K** budget while delivering the t
2026-09-28T17:41:08.578465+00:00,FC2_2.1_004,Conversation Reset,FC2,TREE,heterogeneous,3,0,FM-2.1,8,12414,4487,16901,0.00359,140.03,0.1905,0.3333,1.0,0.203,0.508,0.01,0.245,0.0,0.408,0.893,Failure Mode: 2.1,"**To: Gtm Strategist**   **Subject: Stage 3 – Budget Planning (Constraint 4: $500 K)**    Hi Gtm Strategist,  We’re ready to move into **Stage 3: Budget Planning**. Below is a concise recap of the inf"
2026-09-28T17:43:10.341875+00:00,FC2_2.1_004,Conversation Reset,FC2,TREE,heterogeneous,4,1,None,8,10685,4758,15443,0.00336,121.4,0.1905,0.3333,1.0,0.06,0.0,0.147,0.238,0.0,0.279,0.969,Success,## Integrated Launch Plan – Mobile Fitness App for Women 25‑45   **Goal:** Reach ≥ 100 K active users by Q1 2027 while staying within a **$500 K** budget and launching in **Q4 2026**.    ---  ### QUIC
2026-09-28T17:45:28.879921+00:00,FC2_2.1_004,Conversation Reset,FC2,TREE,heterogeneous,5,0,FM-2.1,8,12086,4735,16821,0.0036,138.53,0.1905,0.3333,1.0,0.099,0.395,-0.276,0.24,0.0,0.351,0.942,Failure Mode: 2.1,**To: GTM Strategist (Stage 5)   From: Product Lead (Stage 3 – Budget Planning)   Subject: Budget Framework & GTM Alignment for Q4 2026 Mobile Fitness App Launch**  ---  ### 1. Core Constraints (alway
2026-09-29T08:42:23.536600+00:00,FC2_2.1_004,Conversation Reset,FC2,MESH,heterogeneous,1,0,FM-2.1,8,8584,4820,13404,0.00359,178.38,0.1905,0.5,0.0,0.0,0.06,0.238,0.31,0.0,0.192,0.985,"Failure Mode: 2.1  The root cause failure mode is 2.1 (Incorrectly specified constraints), as the system has lost context regarding which specific constraints were forgotten, indicating a failure in maintaining or correctly specifying the constraints (e.g., target audience, feature requirements, bud",## Integrated Launch Blueprint – Mobile Fitness App for Women 25‑45   **Goal:** Reach **100 K active users** by **Q1 2027** while staying inside a **$500 K** budget and delivering the three core featu
2026-09-28T17:52:59.929326+00:00,FC2_2.1_004,Conversation Reset,FC2,MESH,heterogeneous,2,0,FM-2.1,8,7328,4735,12063,0.00337,173.68,0.1905,0.5,0.0,0.0,0.0,0.376,0.182,0.0,0.09,0.942,Failure Mode: 2.1,## Integrated Product‑Launch Plan   **Product:** Mobile fitness app
2026-09-28T17:56:22.417165+00:00,FC2_2.1_004,Conversation Reset,FC2,MESH,heterogeneous,3,0,FM-2.1,8,8564,4775,13339,0.00359,202.48,0.1905,0.5,0.0,0.0,0.127,0.227,0.278,0.0,0.226,0.949,Failure Mode: 2.1,## Integrated Launch Plan – Mobile Fitness App for Women 25‑45   **Goal:** Reach **100 K active users** by **Q1 2027** while staying within a **$500 K** budget and launching in **Q4 2026**.    Below i
2026-09-28T17:59:46.045828+00:00,FC2_2.1_004,Conversation Reset,FC2,MESH,heterogeneous,4,0,FM-2.1,8,8624,4735,13359,0.00361,203.62,0.1905,0.5,0.0,0.0,0.0,0.33,0.281,0.0,0.184,0.949,Failure Mode: 2.1,"## Integrated Product‑Launch Plan   **Mobile Fitness App for Women 25‑45** – Targeting a Q4 2026 launch, $500 K budget, and 100 K users by Q1 2027.    ---  ### QUICK REFERENCE – THE SIX CRITICAL CONST"
2026-09-28T18:02:56.513278+00:00,FC2_2.1_004,Conversation Reset,FC2,MESH,heterogeneous,5,0,FM-2.1,8,9221,4752,13973,0.00377,190.46,0.1905,0.5,0.0,0.0,0.0,0.209,0.314,0.0,0.195,0.973,Failure Mode: 2.1,"The user gave a task: ""Plan a product launch with 6 critical constraints (maintain context across 5 stages)."" They gave launch brief constraints and stages. Then they gave team deliberation: Market An"
2026-09-28T18:07:29.359228+00:00,FC2_2.1_004,Conversation Reset,FC2,EMERGENT,heterogeneous,1,1,None,8,18098,4764,22862,0.00472,272.84,0.1905,0.3,0.0,0.0,0.131,0.345,0.193,0.0,0.115,0.972,Success,"## 📦 FitWithMe – End‑to‑End Launch Plan   **Product:** Mobile fitness app (real‑time HR, social sharing, AI coaching)   **Target:** Women 25‑45 (North America + Europe)   **Launch Window:** Q4 2026 (S"
2026-09-29T08:45:49.570611+00:00,FC2_2.1_004,Conversation Reset,FC2,EMERGENT,heterogeneous,2,1,None,8,18934,4750,23684,0.00482,206.03,0.1905,0.3,0.0,0.0,0.0,0.313,0.189,0.0,0.114,0.985,Success,"## Integrated Launch Plan – Mobile Fitness App for Women 25‑45   **Goal:** Reach **100 K active users** by the end of **Q1 2027** (Mar 2027) with a **Q4 2026** market debut, all within a **$500 K** bu"
2026-09-29T08:48:36.224767+00:00,FC2_2.1_004,Conversation Reset,FC2,EMERGENT,heterogeneous,3,1,None,8,17572,4726,22298,0.00458,166.65,0.1905,0.3,0.0,0.0,0.0,0.349,0.273,0.0,0.156,0.961,Success,## Consolidated Launch Plan – Mobile Fitness App for Women 25‑45   **Core Constraints (all non‑negotiable)**    | # | Constraint | Detail | |---|------------|--------| | 1 | Product | Mobile fitness a
2026-09-28T18:20:25.037272+00:00,FC2_2.1_004,Conversation Reset,FC2,EMERGENT,heterogeneous,4,0,FM-2.1,8,17233,4729,21962,0.00456,254.89,0.1905,0.3,0.0,0.0,0.0,0.243,0.177,0.0,0.099,0.953,Failure Mode: 2.1,## Integrated Product‑Launch Plan   **Mobile Fitness App for Women 25‑45** – All six critical constraints are honoured throughout the plan.  | # | Constraint | Requirement | |---|------------|--------
2026-09-28T18:23:10.307718+00:00,FC2_2.1_004,Conversation Reset,FC2,EMERGENT,heterogeneous,5,0,FM-2.1,8,18920,4711,23631,0.00486,165.26,0.1905,0.3,0.0,0.053,0.0,0.118,0.224,0.0,0.143,0.995,Failure Mode: 2.1,## Unified Launch Plan – Mobile Fitness App for Women 25‑45   **Key Constraints (all must be honoured)**    | # | Constraint | Detail | |---|------------|--------| | 1 | **Product** | Mobile fitness a
2026-09-28T18:24:36.521475+00:00,FC2_2.2_004,Fail to Ask for Clarification,FC2,STAR,heterogeneous,1,0,FM-1.2,8,12447,4751,17198,0.0017,86.11,0.5,1.0,1.0,0.0,3.95,0.565,0.174,0.0,0.425,0.921,Failure Mode: 1.2,"**Unified Clarification Package – All Open Ambiguities Collected in One Place**    Below is the complete, **un‑ambiguous** set of information we need before any architectural or detailed design work c"
2026-09-28T18:26:20.366311+00:00,FC2_2.2_004,Fail to Ask for Clarification,FC2,STAR,heterogeneous,2,0,FM-2.2,8,12045,4773,16818,0.00177,103.83,0.5,1.0,1.0,0.222,2.439,0.118,0.172,0.0,0.427,0.774,Failure Mode: 2.2,"**To:** Infrastructure Lead [Agent 1]   **From:** Security Lead [Agent 2]   **Subject:** Final Security‑Related Clarifications – IT Infrastructure Upgrade (Pre‑Design)  Hi [Infrastructure Lead],  Belo"
2026-09-28T18:28:10.843485+00:00,FC2_2.2_004,Fail to Ask for Clarification,FC2,STAR,heterogeneous,3,0,FM-1.1,8,11707,4778,16485,0.00166,110.46,0.5,1.0,1.0,0.0,3.108,0.247,0.237,0.0,0.371,0.966,Failure Mode: 1.1,"**Unified Clarification Request – IT‑Infrastructure Upgrade**    Before any architecture, capacity‑planning, or migration work can begin, we need a complete, unambiguous set of requirements that cover"
2026-09-28T18:29:47.202424+00:00,FC2_2.2_004,Fail to Ask for Clarification,FC2,STAR,heterogeneous,4,0,FM-2.2,8,13250,4753,18003,0.00171,96.35,0.5,1.0,1.0,0.342,2.666,0.408,0.27,0.0,0.502,0.858,Failure Mode: 2.2,"**Subject – Final Clarifying Questionnaire for the IT‑Infrastructure Upgrade**   *Purpose: Collect every missing detail before any architecture, capacity‑plan or migration design is produced.*    Belo"
2026-09-28T18:31:38.818666+00:00,FC2_2.2_004,Fail to Ask for Clarification,FC2,STAR,heterogeneous,5,0,FM-2.2,8,13877,4760,18637,0.00183,111.6,0.5,1.0,1.0,0.108,3.391,-0.416,0.243,0.0,0.582,0.778,Failure Mode: 2.2,"**To:** Security Lead   **From:** Infrastructure Lead   **Subject:** Follow‑up – Remaining Clarifications Needed for the IT‑Infrastructure Upgrade    Hi [Security Lead],  Thank you for the information"
2026-09-28T18:33:45.384493+00:00,FC2_2.2_004,Fail to Ask for Clarification,FC2,CHAIN,heterogeneous,1,0,FM-2.2,8,10999,4863,15862,0.0018,126.55,0.3333,0.5,0.0,0.0,2.327,-0.056,0.247,0.0,0.23,0.994,"Failure Mode: 2.2  The root cause failure mode is 2.2 (Inadequate or Incorrect Specification of Requirements), as the architecture was designed without clarity due to ambiguities in key requirements. The listed assumptions (e.g., system scope, performance metrics, security model, budget, timeline, u","**Subject: Clarifying Requirements – IT‑Infrastructure Upgrade (All Open Items)**    Hi Team,    Before any architectural or implementation work can begin, we need definitive answers to **every open q"
2026-09-28T18:35:40.170570+00:00,FC2_2.2_004,Fail to Ask for Clarification,FC2,CHAIN,heterogeneous,2,0,FM-1.1,8,9007,4818,13825,0.0018,114.77,0.3333,0.5,0.0,0.247,5.111,-0.426,0.224,0.0,0.196,0.943,"Failure Mode: 1.1  The root cause failure mode is 1.1 (Ambiguity in System Scope) as the architecture was designed without clear identification of which systems, applications, or workloads are in-scope for the upgrade, leading to potential omissions or incorrect assumptions about the environment.","**Subject:** Clarifying All Requirements Before Designing the IT‑Infrastructure Upgrade    Hi [Stakeholder / Business Owner],  Before we invest any effort in an architecture or a project plan, we need"
2026-09-28T18:37:56.059942+00:00,FC2_2.2_004,Fail to Ask for Clarification,FC2,CHAIN,heterogeneous,3,0,FM-1.1,8,10225,4860,15085,0.00184,135.51,0.3333,0.5,0.0,0.0,2.506,0.195,0.198,0.0,0.317,0.926,"Failure Mode: 1.1  The root cause failure mode is **1.1: Ambiguous or Incomplete Problem Formulation**, as the architecture design lacks clarity due to missing critical details across scope, performance, security, budget, timeline, and operational requirements. The ambiguities listed (e.g., assumed ","**Subject: Clarifying Questions Required Before Designing the IT‑Infrastructure Upgrade**  Hi Team,  Before any architectural work or cost‑estimate can be produced, we need concrete answers to every o"
2026-09-28T18:39:23.024904+00:00,FC2_2.2_004,Fail to Ask for Clarification,FC2,CHAIN,heterogeneous,4,0,FM-1.1,8,11334,4791,16125,0.00181,86.95,0.3333,0.5,0.0,0.0,3.358,0.162,0.254,0.0,0.277,0.989,"Failure Mode: 1.1  The root cause failure mode is 1.1 (Ambiguity in System Scope and Boundaries), as the architecture was designed without clarity on which environments are in-scope, leading to assumptions and guesses about system boundaries, dependencies, and requirements.","**Subject – Clarifying Requirements for the IT‑Infrastructure Upgrade (All‑Hands Questionnaire)**    Before any architecture, sizing, or migration plan can be produced we need a **complete, un‑ambiguo"
2026-09-28T18:41:03.968962+00:00,FC2_2.2_004,Fail to Ask for Clarification,FC2,CHAIN,heterogeneous,5,0,FM-2.2,8,10068,4762,14830,0.00178,100.6,0.3333,0.5,0.0,0.137,4.047,-0.163,0.26,0.0,0.248,0.957,Failure Mode: 2.2,"**Subject:** Clarification Checklist – IT‑Infrastructure Upgrade (All Open Items)  Hi [Requester],  Thank you for the high‑level brief (“upgrade our IT infrastructure – better performance, strong secu"
2026-09-28T18:42:51.890859+00:00,FC2_2.2_004,Fail to Ask for Clarification,FC2,TREE,heterogeneous,1,0,FM-1.1,8,12068,4764,16832,0.00172,107.91,0.5,0.6667,1.0,0.125,3.569,0.006,0.192,0.0,0.251,0.932,Failure Mode: 1.1,"**To:** Infrastructure Lead   **From:** Security Lead   **Subject:** Responses to Remaining Clarifications & Additional Security‑Related Questions    Hi [Infrastructure Lead],  Below you’ll find conci"
2026-09-28T18:44:28.145105+00:00,FC2_2.2_004,Fail to Ask for Clarification,FC2,TREE,heterogeneous,2,0,FM-2.2,8,10377,4816,15193,0.00162,96.24,0.5,0.6667,1.0,0.0,2.344,0.322,0.307,0.0,0.361,0.945,"Failure Mode: 2.2  The root cause is the reliance on assumptions and guesses (e.g., assumed system scope, guessed performance metrics, assumed security model) without validated inputs, indicating a failure in gathering or clarifying requirements before proceeding with design and planning.","**Subject – Final Clarifying Questionnaire for the IT‑Infrastructure Upgrade**   *Prepared by the Infrastructure Lead (Coordinator)*    Before any architecture, sizing, or migration plan can be drafte"
2026-09-28T18:46:07.158723+00:00,FC2_2.2_004,Fail to Ask for Clarification,FC2,TREE,heterogeneous,3,0,FM-1.1,8,9946,4747,14693,0.00165,99.0,0.5,0.6667,1.0,0.196,4.692,0.353,0.182,0.0,0.211,0.794,Failure Mode: 1.1,"**Subject: Clarifying Requirements – IT Infrastructure Upgrade (All Open Questions)**    Hi Team,    Before any architectural work begins we need a **complete, quantitative picture** of the project. B"
2026-09-28T18:47:45.061036+00:00,FC2_2.2_004,Fail to Ask for Clarification,FC2,TREE,heterogeneous,4,0,FM-2.2,8,11357,4761,16118,0.00162,97.89,0.5,0.6667,1.0,0.136,3.545,0.377,0.305,0.0,0.408,0.912,Failure Mode: 2.2,"**To:** Business Owner, Security Lead, Performance Engineer, Finance Lead, Operations Lead   **From:** Infrastructure Lead (Coordinator)   **Subject:** Infrastructure‑Upgrade Project – Consolidated Cl"
2026-09-28T18:50:12.502902+00:00,FC2_2.2_004,Fail to Ask for Clarification,FC2,TREE,heterogeneous,5,0,FM-2.2,8,11685,4769,16454,0.0016,147.42,0.5,0.6667,1.0,0.0,2.596,0.079,0.232,0.0,0.35,0.924,Failure Mode: 2.2,"**Subject: Clarifying Requirements – IT Infrastructure Upgrade (All 8 Open Items)**    Hi [Requestor],  Before we invest any time in architecture or sizing, we need a complete, quantitative picture of"
2026-09-28T18:51:53.887139+00:00,FC2_2.2_004,Fail to Ask for Clarification,FC2,MESH,heterogeneous,1,0,FM-2.2,8,9647,4759,14406,0.00162,101.38,0.6667,0.1667,0.5,0.215,2.436,0.233,0.247,0.0,0.226,0.975,Failure Mode: 2.2,"**To:** Security Lead, Architecture Lead, Project Management Office (PMO)   **Cc:** Performance Engineer, Operations Team, Finance Team   **From:** Infrastructure Lead (Coordinator)   **Subject:** Fin"
2026-09-28T18:53:37.315533+00:00,FC2_2.2_004,Fail to Ask for Clarification,FC2,MESH,heterogeneous,2,0,FM-1.1,8,11063,4792,15855,0.00186,103.41,0.6667,0.1667,0.5,0.12,3.129,0.174,0.245,0.0,0.208,0.987,Failure Mode: 1.1,"**Subject: Critical Clarifying Questionnaire – IT‑Infrastructure Upgrade (All‑Domain Scope)**    Hi Team,    Before any architecture, procurement, or migration work can begin, we need a **complete, qu"
2026-09-28T18:55:25.223942+00:00,FC2_2.2_004,Fail to Ask for Clarification,FC2,MESH,heterogeneous,3,0,FM-2.2,8,10754,4760,15514,0.00183,107.89,0.6667,0.1667,0.5,0.065,4.504,0.102,0.282,0.0,0.279,0.962,Failure Mode: 2.2,"**To:** All Stakeholders (Security Lead, Performance Engineer, Architect, Finance, Operations, Business Owner)   **From:** Infrastructure Lead (Coordinator)   **Subject:** Required Clarifications – IT"
2026-09-28T18:57:34.975201+00:00,FC2_2.2_004,Fail to Ask for Clarification,FC2,MESH,heterogeneous,4,0,FM-2.2,8,10457,4796,15253,0.0018,129.75,0.6667,0.1667,0.5,0.0,2.668,-0.068,0.247,0.0,0.262,0.974,"Failure Mode: 2.2  The root cause failure mode is 2.2 (Assumption/Ambiguity in Requirements), as the architecture was designed without sufficient clarity, leading to multiple ambiguities and assumptions across scope, performance, security, budget, timeline, and operational constraints.","Below is a **single, consolidated questionnaire** that captures every open point raised by the Security Lead, the Architect, the Performance Engineer, and the other members of the team. Answering *all"
2026-09-28T18:59:51.069669+00:00,FC2_2.2_004,Fail to Ask for Clarification,FC2,MESH,heterogeneous,5,0,FM-1.1,8,11426,4753,16179,0.00188,135.99,0.6667,0.1667,0.5,0.0,2.831,0.143,0.327,0.0,0.295,0.972,Failure Mode: 1.1,"**To: All Stakeholders (Product Owner, Security Lead, Performance Engineer, Architecture Lead, Operations/Support, Finance, and any other domain owners)**   **From: Infrastructure Lead (Coordinator)**"
2026-09-28T19:02:02.547197+00:00,FC2_2.2_004,Fail to Ask for Clarification,FC2,EMERGENT,heterogeneous,1,0,FM-1.1,8,15815,4751,20566,0.00204,131.47,0.5833,0.0833,0.5714,0.0,3.055,0.19,0.275,0.0,0.243,0.962,Failure Mode: 1.1,"**Subject:** Clarifying Requirements – IT‑Infrastructure Upgrade (All Open Items)  Hi Team,  Before any architecture, sizing, migration plan, or cost estimate can be produced, we need **concrete answe"
2026-09-28T19:04:01.394876+00:00,FC2_2.2_004,Fail to Ask for Clarification,FC2,EMERGENT,heterogeneous,2,0,FM-2.2,8,16465,4849,21314,0.00204,118.83,0.5833,0.0833,0.5714,0.294,2.742,-0.618,0.234,0.0,0.175,0.987,"Failure Mode: 2.2  The root cause failure mode is 2.2 (Assumption-Based Decision-Making), as the architecture design lacks clarity due to multiple ambiguities and assumptions regarding system scope, performance metrics, security model, budget, timeline, uptime SLA, multi-DC requirements, and mainten","**To:** Architect [gpt_oss_120b]   **Cc:** Infrastructure Lead [gpt_oss_120b], Performance Engineer [qwen3_30b], Security Lead [gpt_oss_120b]   **Subject:** Security‑Related Answers & Outstanding Clar"
2026-09-28T19:05:50.107355+00:00,FC2_2.2_004,Fail to Ask for Clarification,FC2,EMERGENT,heterogeneous,3,0,FM-2.2,8,19160,4766,23926,0.00207,108.69,0.5833,0.0833,0.5714,0.38,4.988,0.359,0.177,0.0,0.157,0.965,Failure Mode: 2.2,**To:** Infrastructure Lead (Architect)   **From:** Security Lead (agent 2)   **Subject:** Re: Follow‑up on Security & Availability Clarifications – Outstanding Items    Thank you for the prompt follo
2026-09-28T19:07:35.344256+00:00,FC2_2.2_004,Fail to Ask for Clarification,FC2,EMERGENT,heterogeneous,4,0,FM-2.2,8,17795,4760,22555,0.00207,105.22,0.5833,0.0833,0.5714,0.359,4.105,0.149,0.228,0.0,0.15,0.943,Failure Mode: 2.2,"**To:** Architect (agent 2)   **CC:** Infrastructure Lead (agent 1)   **Subject:** Security‑Aligned Answers & Outstanding Clarifications – Ready for Performance‑Security Co‑Design    Hi Architect,  Th"
2026-09-28T19:09:19.792660+00:00,FC2_2.2_004,Fail to Ask for Clarification,FC2,EMERGENT,heterogeneous,5,0,FM-2.2,8,18530,4751,23281,0.00216,104.43,0.5833,0.0833,0.5714,0.115,2.885,0.053,0.237,0.0,0.336,0.958,Failure Mode: 2.2,"**To:** Performance Engineer (Agent 3)   **From:** Infrastructure Lead (Agent 2)   **Subject:** All Clarifications Received – Next Steps for the IT‑Infrastructure Upgrade    Hi [Performance Engineer],"
2026-09-28T19:11:33.917743+00:00,FC3_3.3_005,Incorrect Verification,FC3,STAR,heterogeneous,1,0,FM-3.3,8,11631,4734,16365,0.00153,134.11,0.5,1.0,1.0,0.091,0.274,0.231,0.33,0.0,0.467,0.867,Failure Mode: 3.3,## Migration Verification – Final Consolidated Report   **Project:** 10 M‑record Data‑Warehouse Migration (Legacy → New)   **Date:** 2024‑06‑30   **Prepared by:** Migration Lead (co‑ordinated by gpt_o
2026-09-28T19:13:17.386157+00:00,FC3_3.3_005,Incorrect Verification,FC3,STAR,heterogeneous,2,0,FM-3.3,8,12795,4738,17533,0.00157,103.45,0.5,1.0,1.0,0.0,0.39,0.444,0.291,0.0,0.463,0.848,Failure Mode: 3.3,## 10‑M‑Row Warehouse Migration – End‑to‑End Validation Report   **Prepared for:** Migration Steering Committee   **Prepared by:** Migration Lead (co‑ordinated with Data Analyst & QA Lead)   **Date:**
2026-09-28T19:14:48.800075+00:00,FC3_3.3_005,Incorrect Verification,FC3,STAR,heterogeneous,3,0,FM-3.3,8,11419,4737,16156,0.00151,91.4,0.5,1.0,1.0,0.081,0.725,0.276,0.239,0.0,0.409,0.915,Failure Mode: 3.3,**To:** All Migration Stake‑holders   **From:** Migration Lead (Coordinator)   **Subject:** Final Verification Plan & Sign‑off Checklist – 10 M‑Record Warehouse Migration    ---  ## 1️⃣ Current Status
2026-09-28T19:16:35.420966+00:00,FC3_3.3_005,Incorrect Verification,FC3,STAR,heterogeneous,4,0,FM-3.3,8,12201,4732,16933,0.00155,106.61,0.5,1.0,1.0,0.204,0.611,0.3,0.226,0.0,0.425,0.897,Failure Mode: 3.3,## 10‑M‑Row Warehouse Migration – Full‑Scope Verification Report   **Prepared for:** Migration Project Steering Committee   **Prepared by:** Migration Lead (co‑ordinated with Data‑Analyst & QA‑Lead)  
2026-09-28T19:18:14.592258+00:00,FC3_3.3_005,Incorrect Verification,FC3,STAR,heterogeneous,5,0,FM-3.3,8,13659,4734,18393,0.00162,99.16,0.5,1.0,1.0,0.401,0.401,0.176,0.245,0.0,0.492,0.872,Failure Mode: 3.3,**To:** All Migration Stake‑holders   **From:** Migration Lead (Coordinator)   **Date:** 2024‑06‑27   **Subject:** Final Verification Package – 10 M‑Record Warehouse Migration (All 10 Checks Satisfied
2026-09-28T19:19:42.883928+00:00,FC3_3.3_005,Incorrect Verification,FC3,CHAIN,heterogeneous,1,0,FM-3.3,8,8834,4737,13571,0.00142,88.28,0.3333,0.5,0.0,0.0,0.477,0.187,0.253,0.0,0.215,0.989,Failure Mode: 3.3,"**To:** Data Analyst (qwen3_30b)   **From:** Migration Lead (gpt_oss_120b)   **Subject:** Final, Auditable Validation Package – 10 M‑row Warehouse Migration    ---  ## 1. Goal    Produce a **single, r"
2026-09-28T19:21:15.044530+00:00,FC3_3.3_005,Incorrect Verification,FC3,CHAIN,heterogeneous,2,0,FM-3.3,8,9440,4737,14177,0.00145,92.15,0.3333,0.5,0.0,0.0,0.684,0.257,0.237,0.0,0.224,0.964,Failure Mode: 3.3,**To:** All Migration Stake‑holders   **From:** Migration Lead (gpt_oss_120b)   **Subject:** Unified Verification Blueprint – 10 M‑Record Warehouse Migration    ---  ## 1. Goal Statement    Deliver an
2026-09-28T19:23:01.030466+00:00,FC3_3.3_005,Incorrect Verification,FC3,CHAIN,heterogeneous,3,0,FM-3.3,8,9608,4737,14345,0.00147,105.97,0.3333,0.5,0.0,0.412,0.687,0.188,0.381,0.0,0.276,0.979,Failure Mode: 3.3,## Migration‑Verification – Consolidated Report    **Scope** – Validate that **exactly 10 000 000** rows have been migrated from the legacy warehouse to the new warehouse and that **every** data‑integ
2026-09-28T19:24:50.513522+00:00,FC3_3.3_005,Incorrect Verification,FC3,CHAIN,heterogeneous,4,0,FM-3.3,8,9443,4637,14080,0.00143,109.47,0.3333,0.5,0.0,0.205,0.821,0.135,0.306,0.0,0.223,0.985,Failure Mode: 3.3,## Migration Verification Report   **Project:** 10 M‑row Data‑Warehouse Migration (Legacy → New)   **Date:** 2024‑06‑28   **Prepared by:** Migration Lead (gpt_oss_120b) – coordinated with Data Analyst
2026-09-28T19:26:43.173658+00:00,FC3_3.3_005,Incorrect Verification,FC3,CHAIN,heterogeneous,5,0,FM-3.3,8,9818,4735,14553,0.00148,112.64,0.3333,0.5,0.0,1.204,0.421,-0.285,0.24,0.0,0.231,0.984,Failure Mode: 3.3,**To:** Migration Lead (gpt_oss_120b)   **From:** Architect (agent 4)   **Subject:** Verification Action Items – Evidence Required to Close All Gaps    ---  ### 1. Current State (as of today)  | Verif
2026-09-28T19:28:22.605964+00:00,FC3_3.3_005,Incorrect Verification,FC3,TREE,heterogeneous,1,0,FM-3.3,8,9407,4416,13823,0.00148,99.09,0.5,0.6667,1.0,0.25,0.083,-0.204,0.175,0.0,0.405,0.897,Failure Mode: 3.3,**Unified Verification Report – 10 M‑record Warehouse Migration**   *(Compiled by Migration Lead – Coordinator)*    ---    ### 1. Executive Summary   All ten required verification dimensions have been
2026-09-28T19:30:05.598798+00:00,FC3_3.3_005,Incorrect Verification,FC3,TREE,heterogeneous,2,1,None,8,11276,4727,16003,0.00168,102.99,0.5,0.6667,1.0,0.397,0.634,-0.071,0.215,0.0,0.417,0.903,Success,**Migration Validation – 10 000 000 Record Transfer**   *Compiled for QA sign‑off. All artefacts are machine‑readable (CSV/Markdown) and can be fed directly into downstream QA tooling.*  ---  ## 1️⃣ S
2026-09-28T19:32:03.369291+00:00,FC3_3.3_005,Incorrect Verification,FC3,TREE,heterogeneous,3,0,FM-3.3,8,11026,4733,15759,0.00167,117.76,0.5,0.6667,1.0,0.208,0.764,-0.169,0.23,0.0,0.354,0.875,Failure Mode: 3.3,"**Migration Lead – Final Verification Report**   *10 M‑record Warehouse Migration (Legacy → New)*    ---  ### 1. Overview The migration of **exactly 10,000,000** rows from the legacy data warehouse to"
2026-09-28T19:33:42.402389+00:00,FC3_3.3_005,Incorrect Verification,FC3,TREE,heterogeneous,4,0,FM-3.3,8,11770,4737,16507,0.00172,98.93,0.5,0.6667,1.0,0.071,0.355,0.124,0.22,0.0,0.408,0.898,Failure Mode: 3.3,"**Migration Verification – Full‑Scale 10 M Record Transfer**   *Prepared for QA Sign‑off – all checklist items satisfied, reproducible artifacts included.*  ---  ## 1. Executive Summary    | Check | S"
2026-09-28T19:35:06.529967+00:00,FC3_3.3_005,Incorrect Verification,FC3,TREE,heterogeneous,5,0,FM-3.3,8,11504,4733,16237,0.0017,84.12,0.5,0.6667,1.0,0.71,0.852,0.006,0.225,0.0,0.331,0.878,Failure Mode: 3.3,**Migration Verification Report – 10 Million‑Record Warehouse Migration**   *Compiled by the Migration Lead (co‑ordinating the team’s findings)*    ---  ## 1. Record‑count sanity check    | Table | Ex
2026-09-28T19:36:36.321317+00:00,FC3_3.3_005,Incorrect Verification,FC3,MESH,heterogeneous,1,0,FM-3.3,8,8720,4740,13460,0.00142,89.79,0.6667,0.1667,0.5,0.176,0.264,0.395,0.167,0.0,0.262,0.99,Failure Mode: 3.3,"## Migration‑Verification – Unified Plan & Artefacts   **Goal:** Prove, with exhaustive evidence, that **exactly 10 000 000** rows have been moved from the legacy warehouse to the new warehouse and th"
2026-09-28T19:37:56.959987+00:00,FC3_3.3_005,Incorrect Verification,FC3,MESH,heterogeneous,2,0,FM-3.3,8,8926,4743,13669,0.00142,80.63,0.6667,0.1667,0.5,0.368,0.645,0.29,0.228,0.0,0.295,0.988,Failure Mode: 3.3,**Unified Verification Report – 10 M‑record Warehouse Migration**   *Prepared for the Migration Review Board – 2024‑06‑28 14:32 UTC*    ---  ## 1. Executive Summary | Item | Expected | Observed | Pass
2026-09-28T19:39:35.962036+00:00,FC3_3.3_005,Incorrect Verification,FC3,MESH,heterogeneous,3,0,FM-3.3,8,8255,4733,12988,0.00139,99.0,0.6667,0.1667,0.5,0.472,0.63,-0.068,0.224,0.0,0.25,0.988,Failure Mode: 3.3,"## 10 M‑Record Warehouse Migration – Final Verification Package   **Prepared for:** Migration Sign‑off Committee (Data‑Ops, QA, Architecture)   **Prepared by:** Migration Lead (Co‑ordinator)    ---  #"
2026-09-28T19:41:02.460104+00:00,FC3_3.3_005,Incorrect Verification,FC3,MESH,heterogeneous,4,0,FM-3.3,8,8404,4737,13141,0.0014,86.5,0.6667,0.1667,0.5,0.309,0.773,0.205,0.222,0.0,0.307,0.95,Failure Mode: 3.3,"**From:** Migration Lead (gpt_oss_120b)   **To:** Data Analyst, Architect, QA Lead, & all migration‑validation stakeholders   **Subject:** Final Unified Verification Plan – 10 M‑record Warehouse Migra"
2026-09-28T19:42:25.259209+00:00,FC3_3.3_005,Incorrect Verification,FC3,MESH,heterogeneous,5,0,FM-3.3,8,9344,4737,14081,0.00143,82.79,0.6667,0.1667,0.5,0.404,0.808,0.327,0.221,0.0,0.201,0.991,Failure Mode: 3.3,"## Unified Verification Blueprint for the 10 M‑Record Warehouse Migration    Below is the **complete, end‑to‑end plan** that satisfies **all ten mandatory checks** and respects the **failure‑mode guar"
2026-09-28T19:43:54.963110+00:00,FC3_3.3_005,Incorrect Verification,FC3,EMERGENT,heterogeneous,1,0,FM-3.3,8,15951,4732,20683,0.00173,89.7,0.5833,0.0833,0.5714,0.285,0.642,0.265,0.251,0.0,0.247,0.979,Failure Mode: 3.3,"## ✅ 10‑M‑Record Warehouse Migration – End‑to‑End Verification Report    **Prepared for:** Stakeholders (Data Engineering, Business, Compliance)   **Prepared by:** Migration Lead (gpt_oss_120b) – coor"
2026-09-28T19:45:32.004312+00:00,FC3_3.3_005,Incorrect Verification,FC3,EMERGENT,heterogeneous,2,0,FM-3.3,8,15709,4741,20450,0.00172,97.04,0.5833,0.0833,0.5714,0.793,1.009,0.458,0.22,0.0,0.217,0.989,Failure Mode: 3.3,**To:** QA Lead (gpt_oss_120b)   **Cc:** Data Analyst (qwen3_30b) – Architect (gpt_oss_120b)   **From:** Migration Lead (gpt_oss_120b)   **Subject:** Final‑Ready Verification Blueprint – 10 M‑Record W
2026-09-28T19:47:07.701128+00:00,FC3_3.3_005,Incorrect Verification,FC3,EMERGENT,heterogeneous,3,0,FM-3.3,8,14830,4739,19569,0.00168,95.69,0.5833,0.0833,0.5714,0.087,0.699,0.276,0.25,0.0,0.31,0.982,Failure Mode: 3.3,"**Migration Validation Report – 10 M‑record Warehouse Migration**   *Prepared by the Migration‑Lead team (gpt_oss_120b) – consolidated from the Data‑Analyst, QA‑Lead and Architect contributions*    --"
2026-09-28T19:48:54.201973+00:00,FC3_3.3_005,Incorrect Verification,FC3,EMERGENT,heterogeneous,4,0,FM-3.3,8,16485,4743,21228,0.00175,106.5,0.5833,0.0833,0.5714,0.131,0.918,0.025,0.295,0.0,0.233,0.997,Failure Mode: 3.3,"**Migration Verification Blueprint – 10 M‑record Warehouse Migration**   *(All 10 required checks are covered, each with a concrete implementation and a hard‑stop failure guard. No approval is issued "
2026-09-28T19:50:15.797681+00:00,FC3_3.3_005,Incorrect Verification,FC3,EMERGENT,heterogeneous,5,0,FM-3.3,8,14906,4737,19643,0.00168,81.51,0.5833,0.0833,0.5714,0.0,0.574,0.37,0.206,0.0,0.185,0.983,Failure Mode: 3.3,"## 📦 10 M‑Record Migration – End‑to‑End Verification Package   **Prepared by:** Migration Lead (gpt_oss_120b) – coordinated with Data Analyst, QA Lead & Architect    ---  ### 1️⃣  What We Are Verifyin"
